url,title,price,area,address,description,source
https://tromoi.com/phong-tro/nha-tro-297-20-phan-huy-ich-phuong-14-go-vap,"Nhà Trọ 297/20 Phan Huy Ích, Phường 14, Gò Vấp",2300000,25m²,"Phan Huy Ích, 14, Gò Vấp, Hồ Chí Minh","-Địa chỉ: 297/20 Phan Huy Ích, Phường 14, Gò Vấp -Giá: 2tr3/Tháng -Phòng có gác lửng cao, vệ sinh riêng, hẽm rộng, ô tô vào được Dịch vụ: Điện: 3k5 Nước: 30k/Người/Tháng -Phòng chưa có nội thất, có thể yêu cầu chủ gắn (Tính thêm phí) -Khu vực yên tĩnh, an ninh tốt, có thể dọn vào ở ngay -Thích hợp ở cho gia đình, nhân viên, sinh viên -Gần ĐH Công nghiệp TPHCM, CĐ Văn Lang -Thuận tiện di chuyển: Quận Tân Bình, Phú Nhuận, Bình Thạnh, Quận 12",tromoi.com
https://tromoi.com/phong-tro/nha-tro-557-14-huong-lo-3-binh-hung-hoa-binh-tan,"Nhà Trọ 557/14 Hương Lộ 3, Bình Hưng Hoà, Bình Tân",3700000,30m²,"Hương lộ 3, Bình Hưng Hòa, Bình Tân, Hồ Chí Minh","CHÍNH CHỦ CHO THUÊ PHÒNG TRỌ TẠI QUẬN BÌNH TÂN -Địa chỉ : 557/14 Hương Lộ 3, Bình Hưng Hòa, Bình Tân -Giá: 3tr7-4tr1, Hiện trống 7 phòng -Nước: 100k/Người, Xe: 100k/Chiếc, Dịch vụ: 100k/Người -Nội thất: Máy lạnh, Quạt, Kệ bếp, Tủ đồ, Vệ sinh riêng, Gác lửng -Có khu giặt, phơi đồ riêng, rộng rãi, thoáng mát -Tòa nhà trang bị thang máy xịn xò, PCCC cao cấp, Bãi xe riêng rộng rãi -Ra vào khóa vân tay, Khu vực an ninh cao, camera 24/7 -Gần trường CĐ Y Dược Sài Gòn, CĐ Quốc tế TP.HCM (ICH), CĐ Nông nghiệp Nam Bộ -Giao thông thuận tiện, phù hợp đi lại cho việc đi học, đi làm -Thích hợp ở cho sinh viên, nhân viên văn phòng, người đi làm -Di chuyển nhanh qua quận 6, quận 8, quận 11, Bình Tân -Liên hệ xem phòng: 0948944100 Anh Hảo",tromoi.com
https://tromoi.com/phong-tro/nha-tro-nu-2695-pham-the-hien-phuong-binh-dong-quan-8,PHÒNG NỮ - 2 CỬA SỔ - BAN CÔNG RỘNG - WC RIÊNG – CHỈ TÍNH ĐIỆN NƯỚC,5700000,40m²,"Phạm Thế Hiển, 7, Quận 8, Hồ Chí Minh","PHÒNG TRỌ DÀNH CHO NỮ TẠI QUẬN 8 - Địa chỉ : 2695 Phạm Thế Hiển, Phường Bình Đông, Quận 8 - Giá: 5tr7, Hiện trống 5 phòng (2 Nữ 2xe) - Nhà có 5 lầu, mỗi lầu 1 phòng, riêng tư như căn hộ mini - Giờ giấc tự do, Không chung chủ, camera 24/7 - Khóa vân tay, PCCC cao cấp, an ninh, trật tự - Vệ sinh riêng từng phòng, Bếp riêng, máy giặt riêng, tủ lạnh riêng - Ban công rộng thoáng , 2 cửa sổ đầy nắng gió - Điện 4k/kw, Nước 100k/ng, Free : Phí dịch vụ, wifi , rác - Gần ĐH Văn Hiến, ĐH Kinh tế, ĐH Y Khoa Phạm Ngọc Thạch, Nằm giữa UEH – B (5km) & UEH – N (5km), chỉ 8p đi xe máy - Phù hợp cho sinh viên, nhân viên văn phòng đi làm - Đi Quận 1,3,5,7 ~15 phút, đi Bình Thạnh, Tân Bình, Tân Phú ~ 35phút - Liên hệ xem phòng: 0858906756 Chị Hương KHÔNG NUÔI PET",tromoi.com
https://tromoi.com/phong-tro/nha-tro-bao-dung-tai-duong-bui-thi-xuan-phuong-2-quan-tan-binh-ho-chi-minh,"Nhà Trọ Bảo Dung Tại Đường Bùi Thị Xuân, Phường 2, Quận Tân Bình, Hồ Chí Minh.",2700000,15m²,"Bùi Thị Xuân, 2, Tân Bình, Hồ Chí Minh","PHÒNG TRỌ SẠCH ĐẸP - AN NINH Địa chỉ: 120/12 Đường Bùi Thị Xuân, Phường 2, Quận Tân Bình, TP. HCM Phòng sạch đẹp, thoáng mát, có gác lửng , toilet riêng , cửa sổ đón gió Giờ giấc tự do , có bảo vệ & camera an ninh 24/7 Trang bị: Wifi mạnh , kệ bếp tiện dụng , thiết bị báo cháy Vị trí thuận tiện: 5 phút đi bộ đến chợ Phạm Văn Hai Gần BV Chấn thương chỉnh hình (500m), SVĐ Quân khu 7 Kết nối nhanh đến Phú Nhuận, Q3, Q10, Q1 Xung quanh có Winmart, bệnh viện, nhiều tuyến xe buýt: 08, 28, 30, 65… Diện tích mỗi phòng: 15 - 30m2 Điện : 3.800đ/kWh | Nước : 80.000đ/người/tháng Phòng lớn (P304): 2tr7 Liên hệ xem phòng trực tiếp: 0902 492 015",tromoi.com
https://tromoi.com/phong-tro/nha-tro-so-10-tran-thien-chanh-phuong12-quan-10,"Nhà Trọ Số 10, Trần Thiện Chánh, Phường 12, Quận 10",2000000,20m²,"10 Trần Thiện Chánh, Phường12, Quận 10","CHÍNH CHỦ CHO THUÊ PHÒNG TRỌ TẠI QUẬN 10 -Địa chỉ: Số10 Trần Thiện Chánh, Phường12, Quận 10 -Giá: 2tr-3tr5 (Tùy Phòng) -Liên hệ xem phòng: 0906757203 Chị Phương (Chính Chủ) -Giãn cọc, có thể chia nhiều lần cọc -Hiện đang trống 6 phòng, trọ ở trung tâm mà giá chỉ tầm trung -Điện: 3k5, Nước 50k/Người/Tháng, Rác 20k, Còn Lại Free -Phòng có gác, vệ sinh riêng, cửa sổ, bãi xe riêng, khu phơi đồ riêng -Không giới hạn người ở, khu vực yên tĩnh, an ninh -Giờ giấc tự do, không chung chủ, camera 24/7, PCCC cao cấp -Gần trường ĐH Bách Khoa, ĐH HUFLIT, ĐH Y Khoa Phạm Ngọc Thạch, ĐH Y Dược -Thuận tiện di chuyển qua: Quận 1, Quận 3, Quận 5, Quận 6, Bình Tân, Tân Bình",tromoi.com
https://tromoi.com/phong-tro/nha-tro-178-2-co-giang-quan-1-ho-chi-minh,"Nhà Trọ 178/2 Cô Giang, Quận 1, Hồ Chí Minh",4200000,25m²,"178/2 Cô Giang, Quận 1, Hồ Chí Minh","CHÍNH CHỦ CHO THUÊ PHÒNG TẠI TRUNG TÂM QUẬN 1 -Địa chỉ: 178/2 Cô Giang, Quận 1, Hồ Chí Minh -Hiện đang trống 1 phòng, nằm ngay trung tâm quận 1 -Giá: 4tr2, có thể ở 2-3 người -Liên hệ xem phòng: 0906757203 Chị Phương (Chính Chủ) -Giãn cọc, có thể chia nhiều lần cọc -Điện: 4k, Nước và dịch vụ: 200k/Người/Phòng -Phòng rộng rãi, thoáng mát, sạch sẽ, đầy đủ tiện nghi -Giường, nệm, tủ đồ, kệ bếp, nhà vệ sinh riêng, tủ lạnh -Phòng có giếng trời thoáng mát -Bãi xe riêng, camera 24/7, PCCC đầy đủ -Gần Trường ĐH Mở TPHCM, ĐH Văn Lang, ĐH KHXH và Nhân Văn, ĐH Hoa Sen -Thuận tiện đi học và đi làm, di chuyển nhanh qua quận 3, quận 4, quận 10, quận 5",tromoi.com
https://tromoi.com/phong-tro/nha-tro-341-bui-minh-truc-phuong-6-quan-8-ho-chi-minh,"Nhà Trọ 341 Bùi Minh Trực, Phường 6, Quận 8, Hồ Chí Minh",2300000,40m²,"341 Bùi Minh Trực, Phường 6, Quận 8, Hồ Chí Minh","CHÍNH CHỦ CHO THUÊ PHÒNG TẠI QUẬN 8 -Địa chỉ: 341 Bùi Minh Trực, Phường 6, Quận 8, Hồ Chí Minh -Giá: 2tr3-2tr7, Hiện đang trống 6 phòng -Liên hệ xem phòng: 0906757203 Chị Phương (Chính Chủ) -Giãn cọc, có thể chia nhiều lần cọc -Điện: 3k5/kwh , Nước: 25k/m3, Rác 30k/Phòng, Còn lại miễn phí -Có gác cao, vệ sinh riêng, bãi xe riêng, có ban công phơi đồ rộng -Khu vực an ninh, chủ dễ tính, thân thiện, camera 24/7 -Giờ giấc tự do, không chung chủ, dọn vào ở ngay -Gần ĐH Công nghệ Sài Gòn (STU), ĐH Y Dược CS Quận 8, CĐ Bách khoa Nam Sài Gòn -Thuận tiện di chuyển đi học đi làm, Di chuyển nhanh chóng qua quận: 1, quận 4, quận 6, quận 10",tromoi.com
https://tromoi.com/phong-tro/nha-tro-105-ung-van-khiem-phuong-25-binh-thanh,"Nhà Trọ 105 Ung Văn Khiêm, Phường 25, Bình Thạnh",2800000,100m²,"105 Ung Văn Khiêm, 25, Bình Thạnh, Hồ Chí Minh","CHÍNH CHỦ CHO THUÊ PHÒNG TẠI BÌNH THẠNH -Địa chỉ: 105 Ung Văn Khiêm, Phường 25, Bình Thạnh -Giá: 2tr8-3tr5, Hiện trống 4 phòng, nằm gần các trường đại học -Liên hệ xem phòng: 0906757203 Chị Phương (Chính Chủ) -Điện: 3k5, Nước 25k/m3, Rác 20k/Phòng, còn lại miễn phí -Giãn cọc, có thể chia nhiều lần cọc -Phòng có gác, cửa sổ, vệ sinh riêng, ban công phơi đồ -Bãi xe riêng, PCCC đầy đủ, Camera 24/7 -Giờ giấc tự do, không chung chủ, ưu tiên ở lâu dài -Gần ĐH GTVT, ĐH Hutech, ĐH Quốc Tế Hồng Bàng, ĐH Kinh Tế-Tài Chính -Thuận tiện đi học đi làm, di chuyển nhanh qua quận 3, quận 10, tân bình, quận 2",tromoi.com
https://tromoi.com/phong-tro/nha-tro-so-16-tay-thanh-tan-phu-ho-chi-minh,"Nhà Trọ Số 16, Đường T6, Tây Thạnh, Tân Phú",1300000,20m²,"số 16, đường T6, Tây Thạnh, Tân Phú, Hồ Chí Minh","CHÍNH CHỦ CHO THUÊ PHÒNG TRỌ TẠI QUẬN TÂN PHÚ -Địa Chỉ: Số 16, Đường T6, Tây Thạnh, Tân Phú -Hiện trống 4 phòng 2 phòng KTX, mỗi phòng có 4 và 8 giường, Giá: 1tr3-1tr8 (Đã bao gồm điện nước) 2 phòng đơn, Giá: 4tr5 ( Điện: 3k5, Nước: 100k, Còn lại miễn phí) -Liên hệ xem phòng: 0937749229 Chị Ly -Phòng KTX được trang bị đầy đủ đồ dùng, khu nấu ăn, giặt, bếp, khu phơi, vệ sinh riêng -Nội thất: Tủ lạnh, Quạt treo tường, Máy lạnh, Máy giặt, Máy lọc nước -Có ban công, Chỗ để xe rộng rãi, Phòng trọ Nằm trên mặt tiền đường lớn -Gần Aeon Tân Phú, Các siêu thị, chợ, cửa hàng tiện lợi -Gần ĐH Công Thương, CĐ Công Thương TP.HCM -Di chuyển nhanh qua: Quận Bình Tân, Tân Bình, Quận 6, Quận 11, Quận 12 -Phòng thoáng mát, sạch sẽ, an ninh tốt, khu dân cư yên tĩnh",tromoi.com
https://tromoi.com/phong-tro/nha-tro-so-153-tran-quy-phuong-7-quan-11,"Nhà Trọ Số 153 Trần Quý, Phường 7, Quận 11",2200000,28m²,"153 Trần Quý, Phường 7, Quận 11","CHÍNH CHỦ CHO THUÊ PHÒNG TẠI QUẬN 11 -Địa chỉ: 153 Trần Quý, Phường 7, Quận 11 -Liên hệ: 0906757203 Chị Phương (Chính Chủ) -Giá: 2tr2-2tr8, hiện trống 2 phòng -Phòng rộng rãi ở từ 2-4 người -Giãn cọc, có thể chia nhiều lần cọc -Điện: 3k5, Nước: 50k/Người/Tháng, Rác: 30k, Còn lại miễn phí -Giờ giấc tự do, không chung chủ, khu vực an ninh, yên tĩnh -Phòng không nội thất, có thể yêu cầu chủ gắn( nếu gắn thì thêm tiền vào giá thuê ) -Nhà vệ sinh chung nhưng sạch sẽ, bãi xe riêng -Có khu phơi đồ riêng, sạch sẽ, thông thoáng -Gần ĐH Bách Khoa, ĐH Y Dược, các trung tâm lớn, khu vui chơi, mua sắm -Di chuyển nhanh qua quận 5, quận 6, quận 10, Bình Tân",tromoi.com
https://tromoi.com/phong-tro/nha-tro-633-12-29-hong-bang-phuong-2-quan-6,"Nhà Trọ 633/12/29 Hồng Bàng, Phường 2, Quận 6",1000000,17m²,"633/12/29 Hồng Bàng, Phường 2, Quận 6","CHÍNH CHỦ CHO THUÊ PHÒNG TẠI QUẬN 6 -Địa chỉ: 633/12/29 Hồng Bàng, Phường 2, Quận 6 -Giá: 1tr-2tr3, hiện trống 2 phòng -Liên hệ: 0906757203 Chị Phương (Chính Chủ) -Phòng ở từ 2 người, Vệ sinh riêng -Phòng không nội thất, có thể yêu cầu chủ gắn - Giãn cọc, có thể chia nhiều lần cọc -Điện 3k5, Nước: 28k/m3, Rác 20k, Còn lại miễn phí -Giờ giấc tự do, không chung chủ, khu vực an ninh, yên tĩnh -Có sân phơi đồ, bãi xe riêng, rộng rãi, camera 24/7 -Gần ĐH Bách Khoa, ĐH Y Dược, CĐ Kinh Tế, CĐ GTVT -Di chuyển nhanh qua, quận 5, quận 10, quận 11, bình tân",tromoi.com
https://tromoi.com/phong-tro/nha-tro-170-32-ben-van-don-phuong-7-quan-4,"Nhà Trọ 170/32 Bến Vân Đồn, Phường 7, Quận 4",1500000,16m²,"170/32 Bến Vân Đồn, Phường 7, Quận 4","CHÍNH CHỦ CHO THUÊ PHÒNG TẠI QUẬN 4 -Địa Chỉ: 170/32 Bến Vân Đồn, Phường 7, Quận 4 -Hiện đang trống 4 phòng, gần các trường đại học -Giá: 1tr5-2tr2 -Liên hệ xem phòng: 0906757203 Chị Phương (Chính Chủ) -Giãn cọc, có thể chia nhiều lần cọc -Điện: 4k, Nước và dịch vụ: 200k/Người/Tháng -Phòng ở từ 1-2 người, có sân phơi đồ, bãi xe riêng -Khu vực an ninh, camera 24/7, thích hợp đi học và đi làm -Giờ giấc tự do, không chung chủ, ưu tiên ở lâu dài -Gần ĐH Luật TPHCM, ĐH Nguyễn Tất Thành -Thuận tiện di chuyển qua quận 1, quận 8, quận 5, quận 10",tromoi.com
https://tromoi.com/phong-tro/ky-tuc-xa-60-18a-huynh-khuong-an-phuong-5-go-vap,"Ký Túc Xá 60/18A Huỳnh Khương An, Phường 5, Gò Vấp",1400000,20m²,"60/18A Huỳnh Khương An, 5, Gò Vấp, Hồ Chí Minh","KÝ TÚC XÁ SINH VIÊN GẦN ĐẠI HỌC CÔNG NGHIỆP 4 GÒ VẤP Địa chỉ: 60/18A Huỳnh Khương An, Phường 5, Gò Vấp Giá: 1tr4/người (Giường dưới 1tr450, giường trên 1tr4) Phòng thường, có quạt trần 1tr6/người (Giường dưới 1tr650, giường trên 1tr6) Phòng máy lạnh CỌC: 3.000.000 hợp đồng 1 năm LƯU Ý: Ký túc xá chỉ nhận sinh viên và ký hợp đồng 1 năm - Liên hệ xem phòng: 0974188183 Anh Linh (Chính Chủ) TIỆN ÍCH PHÒNG Mỗi phòng 6 giường, khóa vân tay Phòng không gian rộng, có cửa sổ Có kệ bếp nấu ăn, có vệ sinh trong phòng Trang bị giường, nệm và drap mới Giờ giấc tự do, không chung chủ Có tủ đựng đồ cá nhân riêng, CÓ KHÓA Mỗi tầng trang bị 2 máy giặt và nơi phơi đồ Không gian hành lang, thang máy luôn được đảm bảo vệ sinh sạch sẽ Có thang máy, camera an ninh, bảo vệ 24/7 Đảm bảo điều kiện sống cho bạn 1 cách tốt nhất PHÍ XE Xe Số: 150k/Tháng/Chiếc Xe tay ga: 200k/Tháng/Chiếc",tromoi.com
https://tromoi.com/phong-tro/phong-tro-thom-nguyen,"Cho thuê phòng trọ đầy đủ tiện nghi ngay tại 235/4B Võ Văn Hát, Long Trường, Thủ Đức, Thành phố Hồ Chí Minh",3400000,30m²,"235/4B Võ Văn Hát, Long Trường, Quận 9, Hồ Chí Minh","PHÒNG TRỌ CÓ GÁC LỬNG – THIẾT KẾ HIỆN ĐẠI, SẠCH SẼ & THOÁNG MÁT Nếu bạn quan tâm đến một căn phòng có đầy đủ tiện nghi thì căn trọ này dành riêng cho bạn. Với các tiện nghi như: - Tiện ích nội khu: + Máy lọc nước uống miễn phí + Máy giặt chung tính tiền giá rẻ + Có chỗ để xe riêng rộng rãi + Cổng vân tay, giờ giấc tự do (không chung chủ) + Thiết bị PCCC theo đúng quy định + Hệ thống camera an ninh 24/7 - Tiện nghi trong phòng: + Gác lửng chắc chắn, lan can kim loại an toàn + Cầu thang sắt dễ đi, bền đẹp + Khu bếp mini: bồn rửa + tủ bếp dưới màu đen, mặt đá granit xám + Máy lạnh treo tường hoạt động tốt + Cửa sổ lớn thoáng mát, ánh sáng tự nhiên nhiều + Phòng tắm riêng: bồn cầu sứ, vòi sen tắm đứng, bồn rửa mặt, kệ kính, gương, vòi xịt, máy nước nóng đầy đủ. Sàn gạch men trắng/xám, tường ốp gạch khu bếp – WC sạch sẽ. + Không gian tổng thể mới – sạch – thoáng – cực kỳ dễ dọn ☎️ Liên hệ ngay với chị Thơm để được trao đổi và chốt phòng vào ở ngay nhé!!!",tromoi.com
https://tromoi.com/phong-tro/nha-tro-tai-ly-chinh-thang-phuong-8-quan-3-ho-chi-minh,"Nhà Trọ Tại Lý Chính Thắng, Phường 8, Quận 3, Hồ Chí Minh",3700000,20m²,"Lý ChínhThắng, 8, Quận 3, Hồ Chí Minh","Phòng trọ ngay Lý Chính Thắng Q3, khúc gần đường Hai Bà Trưng Gần chợ, nhà thờ, bệnh viện Chính chủ Nội Thất: máy lạnh, giường, bàn ghế cơ bản, móc tường treo quần áo, gương toàn thân Phí: Điện 4k/kw, Nước 100k/người",tromoi.com
https://tromoi.com/phong-tro/nha-tro-duong-huong-lo-3-binh-hung-hoa-binh-tan-ho-chi-minh,DUPLEX CAO CẤP GIÁ SINH VIÊN,2300000,26m²,"Hương lộ 3, Bình Hưng Hòa, Bình Tân, Hồ Chí Minh","Sẵn máy lạnh, tủ bếp nấu ăn tuỳ phòng Nhận lắp nội thất thêm theo yêu cầu Có thang máy, cho nuôi pet, ở ko giới hạn người Cổng vân tay, giờ tự do, hầm xe rộng rãi",tromoi.com
https://tromoi.com/phong-tro/nha-tro-duong-quang-trung-phuong-12-go-vap,PHÒNG RỘNG RÃI BAN CÔNG THOÁNG,3100000,24m²,"Quang Trung phường 12, Gò Vấp, Hồ Chí Minh","phòng rộng mới, được nuôi pet, có ban công Nhà xe rộng rãi, cổng vân tay, ko chung chủ",tromoi.com
https://tromoi.com/phong-tro/phong-tro-tai-nguyen-van-quy-phuong-phu-thuan-quan-7,"Phòng trọ tại Nguyễn Văn Quỳ, phường Phú Thuận, quận 7",3800000,20m²,"Nguyễn Văn Quỳ, Phú Thuận, Quận 7, Hồ Chí Minh","🏠 Thông tin nhà: Giờ giấc (Tự do), Khóa cổng (Vân tay), Sân phơi (Chung), Để xe (Chung), Máy giặt chung 🛏️ Thông tin phòng: Loại phòng (1 Phòng Ngủ), Lầu (Lầu 1), Diện tích (20), Cửa sổ, Giếng trời 🪑 Nội thất: Toilet (Riêng), Máy lạnh, Kệ bếp, Bồn rửa chén, Nệm, Tủ lạnh 💸 Phí: Điện: 4.000₫ /Kwh, Nước: 90.000₫ /Người, Phí QL: 100.000₫ /Phòng",tromoi.com
https://tromoi.com/phong-tro/duplex-gac-rong-30m2,"Cho thuê phòng trọ duplex, gác rộng 30m2 gần cầu kênh tẻ, lotte, đh rmit, tdtu Q7",5200000,30m²,"Trần Xuân Soạn, Tân Hưng, Quận 7, Hồ Chí Minh","Cho thuê phòng trọ duplex, gác rộng 30m2 gần cầu kênh tẻ, lotte, đh rmit, tdtu Q7 Đầy đủ nội thất như hình Không chung chủ, giờ giấc tự do Máy giặt Phòng rộng 40m2, có ban công sau Gần rmit, đại học tôn đức thắng",tromoi.com
https://tromoi.com/phong-tro/nha-tro-so-59-phuong-14-go-vap,Cho thuê phòng trọ ful nội thất gần chợ Thạch Đà,4000000,20m²,"Số 59, 14, Gò Vấp, Hồ Chí Minh","Cho thuê trọ nội thất đầy đủ ở Gò Vấp - Nội thất: kệ bếp, giường, máy lạnh, bồn rửa chén, tủ quần áo - Có thang máy, máy giặt dùng chung - Giờ giấc tự do, không chung chủ - Điện 3k5, nước 100k, xe 100k, phí quản lý 100k",tromoi.com
https://tromoi.com/phong-tro/nha-tro-110-duong-so-7-tan-kieng-quan-7,Phòng trọ đủ tiện nghi giờ giấc tự do nhà mặt tiền đường,4000000,160m²,"7, Tân Kiểng, Quận 7, Hồ Chí Minh",Phòng trọ full nội thất Giá dao động 3tr/5tr5 tháng 20-40m2 có kệ bếp nấu ăn Giờ giấc tự do có máy giặt chung,tromoi.com
https://tromoi.com/phong-tro/nha-tro-duong-de-bao-tan-quy-tay-binh-chanh,"CHO THUÊ PHÒNG TRỌ – THOÁNG MÁT, SẠCH SẼ, GIỜ GIẤC TỰ DO",1300000,28m²,"Đê Bao, Tân Quý Tây, Bình Chánh, Hồ Chí Minh","Hiện mình còn 2 phòng trọ cần cho thuê: 1. Phòng 15m² 1 trệt 1 lửng, nền gạch sạch sẽ Có bếp riêng, WC riêng Giá: 1.300.000đ/tháng 2. Phòng 28m² 1 trệt 1 lửng, nền gạch Có bếp riêng 2 WC, 2 phòng ngủ , có phòng khách Giá: 2.400.000đ/tháng ✔ Điện nước tính theo đồng hồ ✔ Không chung chủ, giờ giấc tự do ✔ Khu trọ sạch sẽ, thoáng mát ✔ Gần chợ, gần trường học ✔ Cách vòng xoay Nguyễn Văn Linh 5–10 phút 📌 Cọc 1 tháng – vào ở ngay.",tromoi.com
https://tromoi.com/phong-tro/nha-tro-tai-263-17-01-nguyen-thai-son-phuong-7-go-vap-ho-chi-minh,"Nhà Trọ Nữ Tại 263/17/01 Nguyễn Thái Sơn, Phường 7, Gò Vấp, Hồ Chí Minh",3000000,22m²,"263/17/01, Nguyễn Thái Sơn, 7, Gò Vấp, Hồ Chí Minh","- Cần cho thuê phòng khu vực Phường 7, Quận Gò Vấp - Khu yên tĩnh, an ninh, gần chợ Gò Vấp, Siêu thị Emart, trung tâm thương mại Vincom, bệnh viện 175 - Cho thuê dài hạn, chỉ cho nữ thuê - Nội thất cơ bản, có phòng tắm riêng, ban công rộng, Wifi, giường, kệ bếp - Phù hợp cho sinh viên, nhân viên văn phòng. - Giá cho thuê 3.000.000/ tháng (cọc 1 tháng). - Địa chỉ: 263/17/01, Nguyễn Thái Sơn, Phường 7, Quận Gò Vấp, TPHCM - Liên hệ chị Hiền zalo số 0775619811 để biết thêm chi tiết. Xin cảm ơn!",tromoi.com
https://tromoi.com/phong-tro/phong-tro-sach-thoang-sieu-mat,Bancol Ngay chợ Bình Thành,3300000,25m²,"Bình Thành, Binh Hưng Hoà B, Bình Tân, Hồ Chí Minh","- Có bancol và cửa sổ trời cực thoáng. Không cần dùng máy lạnh vẫn mát - Tách bếp, không chung chủ - Ngay chợ, cách aeon Tân phú 3km, cao đẳng công thương 4km, kcn,… #Thuê full L2 :2 PN lầu 2 (WC riêng) + 1 PN lầu 3 ko wc (nhà 3 tầng) - Nhà ba lầu nên ít người , để xe k lo trầy xước - Hỗ trợ fix trọ tháng đầu hoặc thương lượng # Thuê full L1: 5 trẹo 1 (2pn 1wc) #Có cho thuê phòng lẻ bancol ( 3treo 3) và không bancol, yêu cầu nội thất thương lượng riêng Yêu cầu chủ trọ bố tri thêm nội thât: +100k/ thiết bị điện",tromoi.com
https://tromoi.com/phong-tro/nha-tro-moi-xay-tai-duong-so-18-phuong-8-quan-go-vap-ho-chi-minh,"Nhà Trọ Mới Xây Tại Đường Số 18, Phường 8, Quận Gò Vấp, Hồ Chí Minh",3500000,15m²,"18, 8, Gò Vấp, Hồ Chí Minh","Cho thuê phòng trọ quận Gò Vấp - Phòng mới xây sạch đẹp, thoáng mát - Chiều dài 5m x rộng 3m, có gác lửng, tolet riêng - Phòng riêng tách biệt với chủ, giờ giấc tự do - Khu an ninh tốt, yên tĩnh, gần chợ Hạnh Thông Tây, công viên Làng Hoa, trường học, siêu thị,... ** Giá: 3tr500 - Địa chỉ: 91/23 Đường số 18, P.8, Quận Gò Vấp, Tp.HCM - Liên hệ chỉnh chủ (không qua trung gian): 091 313 4004 (A.Tấn) hoặc 0909 357 123 (Chị Trang)",tromoi.com
https://tromoi.com/phong-tro/pass-phong-cho-sinh-vien-cong-nhan,"Pass Phòng Cho Sinh Viên, Công Nhân",1500000,14m²,"Nguyễn Văn Khối, 8, Gò Vấp, Hồ Chí Minh","Mình pass gấp trọ này đang ở chỉ 1tr5/tháng cọc 1tr điện 3,5k/số nước 15k/m3 Đến xem phòng ròi chốt nhé, đến vào buổi sáng hoặc trưa",tromoi.com
https://tromoi.com/phong-tro/nha-tro-mai-thi-luu-da-kao-quan-1-ho-chi-minh,Căn hộ sinh Viên Đinh Tiên Hoàng quận 1,5800000,25m²,"Mai Thị Lựu, Đa Kao, Quận 1, Hồ Chí Minh",Căn hộ cho thuê Đinh Tiên Hoàng quận 1 gần đài Truyền Hình Tp Hồ Chí Minh 😈 Tiện đi Nhà thờ Tân Định - Bến Bạch Đằng - Công trường Mê Linh - Hầm Thủ Thiêm - Toà nhà Vietcombank - Phố Nguyễn Huệ - Cầu Ba Son 💥 Lưu thông Quận 1 - 4 - 5 - 10 - Bình Thạnh dễ dàng ▪️ Nhà mới - Toà nhà An ninh - Camera 24/7 ▪️ Thang máy - Tách bếp - Nội thất cao cấp,tromoi.com
https://tromoi.com/phong-tro/nha-tro-duong-so-59-phuong-14-go-vap,PHÒNG GIÁ RẺ CÓ BAN CÔNG RIÊNG,2600000,20m²,"111 Đường Số 59, 14, Gò Vấp, Hồ Chí Minh","Cho nấu ăn, được nuôi pet, ban công riêng Không chung chủ, giờ tự do, phòng rộng mới",tromoi.com
https://tromoi.com/phong-tro/nha-tro-full-noi-that-tai-le-van-sy-phuong-14-quan-3-ho-chi-minh,"Nhà Trọ Full Nội Thất Tại Lê Văn Sỹ, Phường 14, Quận 3, Hồ Chí Minh",7000000,35m²,"Lê Văn Sỹ, 14, Quận 3, Hồ Chí Minh","📍 Phòng Full Nội Thất – Gần Trường ĐH / Công Viên / Chợ – Lê Văn Sỹ Q3 Địa chỉ: 386/3B Lê Văn Sỹ, P.14, Q.3 ➡️ Gần chợ Nguyễn Văn Trỗi – CV Lê Thị Riêng – cầu Lê Văn Sỹ – ra Q1 chỉ 5–7 phút – gần sân bay 10–12 phút. Tiện ích: • Ban công thoáng – nội thất đầy đủ • Có thang máy • Không giới hạn người & xe • An Ninh 24/7: camera - PCCC Liên hệ ngay 0345486454 ( Hằng ) để được tư vấn miễn phí",tromoi.com
https://tromoi.com/phong-tro/nha-tro-443-le-van-sy-phuong-12-quan-3,"Nhà Trọ 443 Lê Văn Sỹ, Phường 12, Quận 3",2500000,23m²,"Lê Văn Sỹ, 12, Quận 3, Hồ Chí Minh","❌ CHO THUÊ PHÒNG TRỌ HẺM 443 LÊ VĂN SỸ, QUẬN 3 💰Giá Chỉ: 2,5 tr/tháng (giá ưu đãi cho bạn ở một mình) 🚪Phòng tầng lửng mới đẹp 25m2 khép kín, sàn lát gạch sáng bóng sạch sẽ, có bệ bếp, Quạt & Điều hòa thoáng mát 👣 lối đi riêng biệt, 🚾 Toilet riêng biệt, có cửa sổ giếng trời, thuận tiện cho các bạn ở lâu dài và nhu cầu ý thức sạch sẽ. Dịch Vụ: Điện có đồng hồ riêng 3k5/kwh Nước 100k/tháng Wifi 100k/tháng; free chỗ để xe ☎️ Liên hệ Zalo: 0936360104 (Mai Anh)",tromoi.com
https://tromoi.com/phong-tro/nha-tro-cach-mang-thang-8-phuong-11-quan-3,"Phòng Full NT, bancong CMT8 ,Q.3 gần cv Lê Thị Riêng",5800000,25m²,"Cách Mạng Tháng 8, 11, Quận 3, Hồ Chí Minh","Phòng Full NT ban công đường CMT8, Q.3: - Máy lạnh - Giường, nệm - Tủ quần áo - Tủ lạnh - Bếp - Máy nước nóng - Máy giặt riêng trong phòng - Giờ giấc tự do, cửa vân tay Hẻm xe hơi an ninh, yên tĩnh, thuận tiện di chuyển qua các quận khác Khu vực tiện ích gần công viên, đầy đủ dịch vụ ăn uống vui chơi",tromoi.com
https://tromoi.com/phong-tro/nha-tro-tai-so-8-hiep-binh-phuoc-quan-thu-duc-ho-chi-minh,"Nhà Trọ Tại Số 8, Hiệp Bình Phước, Quận Thủ Đức, Hồ Chí Minh",4300000,22m²,"Số 8, Hiệp Bình Phước, Thủ Đức, Hồ Chí Minh","- Phòng rộng rãi, ở được 3 người, nằm gần Trường ĐH Luật TP.HCM, khu Vạn Phúc, chợ Hiệp Bình. - Phòng trong nhà nguyên căn, tầng trệt và sân thượng trong nhà dùng chung. - Điện nước: Tính đúng giá nhà nước, có hóa đơn công khai (điện trung bình khoảng 3k/kí ; nước 9k/khối). Không thu thêm bất kỳ khoản phí nào khác ngoài điện nước => Ở ba người tổng chi phí < 1,6 triệu/người/tháng. - Tiện nghi: có sẵn máy lạnh inverter mới, nhà vệ sinh riêng trong phòng, trong nhà nguyên căn sạch sẽ. - Miễn phí: Giữ xe, rác, wifi. - Giờ giấc tự do, được nuôi pet. - Có máy giặt, bếp (đã có tủ lạnh, lò vi sóng) dùng chung. Có hỗ trợ nếu muốn dùng tủ lạnh riêng trong phòng. - Nằm trong hẻm cụt ô tô tải – rộng rãi, yên tĩnh. Khu dân cư văn minh, an ninh, gần Co.op, Bách Hóa Xanh, chợ, quán ăn, cà phê, trường học… Liên hệ zalo: 0848 241 248",tromoi.com
https://tromoi.com/phong-tro/tran-van-ky,Cho thuê phòng trọ gần chợ Bà Chiểu đường Trần Văn Kỷ Bình Thạnh,3700000,15m²,"60-62 Trần Văn Kỷ, 14, Bình Thạnh, Hồ Chí Minh","Cho thuê phòng trọ nhà 62Trần Văn Kỷ phường 14 quận Bình Thạnh, cách bệnh viện Ung Bướu , Bệnh Viện Gia Định 200m, Chợ Bà Chiểu 100m, gần Trường Đại Học Mỹ Thuật, khu trung tâm thuận tiện di chuyển qua các Quận Phú Nhuận, Gò Vấp, Thủ Đức, Quận 1, 2,3, 10, Tân Bình..... Diện tích phòng 15m2 có máy lạnh, wc riêng Nhà 6 tầng có thang máy, camera, cửa ra vào bằng vân tay, có chỗ để xe, giờ giấc tự do, không chung chủ, Cho thuê 3,7tr/tháng Liên hệ xem phòng ĐT/Zalo: 0394.144.079",tromoi.com
https://tromoi.com/phong-tro/nha-tro-tai-474-nguyen-van-cong-phuong-3-quan-go-vap-ho-chi-minh-1763435426,"Nhà Trọ Tại 474 Nguyễn Văn Công, Phường 3, Quận Gò Vấp, Hồ Chí Minh",3000000,25m²,"Nguyễn Văn Công, 3, Gò Vấp, Hồ Chí Minh","PHÒNG TRỌ – 474 Nguyễn Văn Công, P.3, Gò Vấp Cách Đại học Gia Định chỉ 300m – đi bộ được Giá: 3.000.000 – 4.000.000đ (tùy phòng) Tiện nghi: Có máy lạnh, ban công chung Thông tin phòng Ban công thoáng mát Máy giặt dùng chung Giờ giấc tự do, ra vào bằng thẻ từ Camera an ninh 24/24 Nhận 1 xe, gửi xe miễn phí Tiện ích xung quanh Gần Emart Gò Vấp , Lotte Mart – thuận tiện mua sắm Gần Chợ Gò Vấp – dễ mua thực phẩm hằng ngày Nhiều quán cà phê gần nhà như Phen’s Coffee, Landing Coffee, Cathay Coffee & Pub Gần Công viên Gia Định và Công viên Làng Hoa Gần Bệnh viện 175 Khu dân cư an ninh, di chuyển nhanh ra các tuyến đường lớn Liên hệ xem phòng SĐT & Zalo: 0981 997 631 (Mạnh)",tromoi.com
https://tromoi.com/phong-tro/nha-tro-tai-120-24-vũ-tung-phuong-2-binh-thanh-ho-chi-minh,"Nhà Trọ Tại 120/24 Vũ Tùng, Phường 2, Bình Thạnh, Hồ Chí Minh",4000000,100m²,"Vũ Tùng, 2, Bình Thạnh, Hồ Chí Minh","PHÒNG TRỌ CAO CẤP – ĐỦ TIỆN NGHI Địa chỉ: 120/24 Vũ Tùng, Phường 2, Bình Thạnh, TP. Hồ Chí Minh Sân thượng view Landmark Tiện nghi trong phòng: Tivi Tủ lạnh Máy lạnh Máy nước nóng Tủ quần áo Máy giặt Tiện ích xung quanh: Gần chợ Bà Chiểu – dễ mua sắm thực phẩm mỗi ngày Gần siêu thị Co.op Food và cửa hàng tiện lợi (Circle K, B’smart, 7-Eleven) Gần trường học, nhà thờ, UBND phường Nhiều quán ăn, quán cafe, phòng gym quanh khu vực Thuận tiện di chuyển qua Quận 1, Phú Nhuận, Gò Vấp Giá: 4.000.000đ/tháng Ưu tiên: 2 nữ ở Liên hệ: Cô Bích – 0776 140 876",tromoi.com
https://tromoi.com/phong-tro/nha-tro-le-dinh-can-tan-tao-binh-tan,? PHÒNG TRỌ GIÁ RẺ – CÓ GÁC – 2.4 TRIỆU/THÁNG – BÌNH TÂN ?,2400000,16m²,"Lê Đình Cẩn, Tân Tạo, Bình Tân, Hồ Chí Minh","🔥 Giá thuê: 2.400.000đ/tháng 🔒 Cọc 1 tháng – HĐ 12 tháng Thông tin phòng: • Diện tích ~16m², có gác • Toilet riêng – không chung chủ • Giờ giấc tự do • Wifi miễn phí • Để xe chung • Phòng sạch sẽ, thoáng mát Chi phí: • Điện: 3.800đ/kWh • Nước: 100.000đ/người • Quản lý: 100.000đ/phòng • Rác/giặt/xe: 0đ 📞 Liên hệ xem phòng",tromoi.com
https://tromoi.com/phong-tro/nha-tro-tai-tran-thi-nghi-phuong-7-go-vap-ho-chi-minh,"Nhà Trọ Tại Trần Thị Nghĩ, Phường 7, Gò Vấp, Hồ Chí Minh",3600000,20m²,"Trần Thị Nghĩ, 7, Gò Vấp, Hồ Chí Minh","Thông tin mô tả - Diện tích: 20m² + - Phòng ngủ: gác lửng + - Phòng tắm: 1WC + - Bãi giữ xe rộng rãi gọn gàng, cửa khóa từ có camera an ninh - Nội thất: Không nội thất (bàn bếp, tủ bếp, kệ bếp, 1 máy nước nóng có thể thương lượng), có máy giặt chung - Chiều rộng ngõ trước: 8m + giao với đường Trần Thị Nghỉ - Giá thuê: 3,6 triệu VND (chưa bao gồm điện nước, dịch vụ) + Điểm cộng: Ngõ vào rộng rãi, thuận tiện cho việc di chuyển, rất phù hợp cho xe máy và ô tô. Gần trường học, nhà thuốc, phòng khám, spa, quán ăn & cafe đủ loại, gần chợ/siêu thị WINMART & BÁCH HÓA XANH, cách sân bay 20 phút di chuyển, có công viên nội khu Cityland Center Hills, mang đến không gian xanh, trong lành, yên tĩnh văn minh và tiện lợi cho cuộc sống hàng ngày. Liên hệ ngay để biết thêm chi tiết qua số điện thoại 0902 687 *** - Hà, có thể dọn vào ở ngay cuối tháng 11 do mình cần chuyển nhà.",tromoi.com
https://tromoi.com/phong-tro/nha-tro-tai-hem-59-duong-so-48-khu-pho-6-phuong-hiep-binh-chanh-tp-thu-duc-ho-chi-minh,"Nhà Trọ Tại Hẻm 59, Đường Số 48, Khu phố 6, Phường Hiệp Bình Chánh, TP. Thủ Đức, Hồ Chí Minh",3500000,22m²,"Hiệp Bình Chánh, Thủ Đức, Hồ Chí Minh","CHO THUÊ PHÒNG TRỌ ĐẸP – ĐẦY ĐỦ NỘI THẤT Gần Bến xe Miền Đông – Bình Thạnh (cũ) – Thủ Đức, TP.HCM Địa chỉ: Hẻm 59 đường số 48 (cạnh Cafe Kim Loan, sân Pickleball và sân bóng đá Hoa Cà), Khu phố 6, phường Hiệp Bình Chánh (nay là phường Hiệp Bình), TP. Thủ Đức, TP.HCM. Tiện nghi phòng Máy lạnh Giường và nệm WC riêng Bếp từ nấu ăn Bàn làm việc và bàn ăn Máy giặt riêng Tủ lạnh Máy nước nóng Camera an ninh Wifi mạnh Nội thất đầy đủ, dọn vào ở ngay Giá thuê Phòng cho 2 người: 3.5–4 triệu/tháng Phòng cho 3 người: 4.5–5 triệu/tháng Tiện ích xung quanh Cách Bến xe Miền Đông (quận Bình Thạnh cũ) khoảng 1.5 km Gần Đại học Luật, Đại học Ngoại Thương, Đại học Giao thông Vận Tải, Hutech, UEF Gần Cafe Kim Loan, sân Pickleball và sân bóng đá Hoa Cà Gần chợ Hiệp Bình, CoopFood, Winmart+, Bách Hóa Xanh Gần Quốc lộ 13 và Phạm Văn Đồng, di chuyển nhanh sang Bình Thạnh, Quận 1, Gò Vấp Nhiều quán ăn, quán cafe, phòng gym trong khu vực Khu dân cư an ninh, yên tĩnh Liên hệ 090 2324 266",tromoi.com
https://tromoi.com/phong-tro/nha-tro-202-la-xuan-oai,PHÒNG MỚI XÂY GẦN KHU CNC - NỘI THẤT CƠ BẢN - MIỄN PHÍ GIỮ XE,3700000,30m²,"Lã Xuân Oai, Tăng Nhơn Phú A, Quận 9, Hồ Chí Minh","ĐỊA CHỈ: 202 LÃ XUÂN OAI, TĂNG NHƠN PHÚ A, QUẬN 9 ---- MÁY LẠNH, KỆ TỦ BẾP, BÀN GHẾ, THANG MÁY, GÁC LỬNG,... Phí Dịch vụ rẻ nhất khu - MIỄN PHÍ giữ xe tháng Ra vào vân tay, giờ giấc tự do, Gần các tuyến đường Lê Văn Việt, Làng tăng Phú,..... Trang bị PCCC, thoát hiểm đầy đủ ---- HOTLINE: Mr.Long (CALL, ZALO, SMS) : 035.295.9585",tromoi.com
https://tromoi.com/phong-tro/nha-tro-226-hoa-hung-phuong-13-quan-10,"Nhà Trọ 226, Hòa Hưng, Phường 13, Quận 10",2400000,20m²,"226 Hòa Hưng, phường 13, Quận 10, Hồ Chí Minh","CHO THUÊ PHÒNG TRỌ TẠI QUẬN 10 -Địa chỉ: 226 Hòa Hưng, Phường 13, Quận 10 -Giá: 2tr4, Hiện đang trống 10 phòng -Dịch Vụ: Điện: 4k Nước: 25k/m3 Wifi: 100k/phòng (nếu dùng) Rác: 50k/phòng Xe: 100k/chiếc -Cửa sổ thoáng, phòng rộng mới, cho nấu ăn -Không chung chủ, giờ tự do, nhà xe rộng rãi -Nhận lắp thêm máy lạnh, tủ lạnh",tromoi.com
https://tromoi.com/phong-tro/phong-tro-tot,CHO THUÊ CHDV CAO CẤP GẦN NGÃ 4 BỐN XÃ,3500000,25m²,"Phan Anh, Bình Trị Đông, Bình Tân, Hồ Chí Minh","CHDVCHO THUÊ CHDV CAO CẤP NGAY CHỢ BÌNH THÀNH CHỈ 2TR7… mới 100%, thiết kế hiện đại, sáng sủa và thoáng mát. • phù hợp sinh viên, nhân viên văn phòng • Gần chợ, siêu thị, quán ăn, cửa hàng tiện lợi • Dễ dàng di chuyển đến quận 6, quận 8, Tân Phú • Đường rộng, khu dân cư an ninh, yên tĩnh - ra vô vân tay, giờ giấc tự do - có máy giặt chung - bãi xe siêu rộng - sẵn máy lạnh - Nươc Ro Giá thuê: 3.5tr / tháng Liên hệ ngay: 0901 880 237 để xem phòng thực tế – phòng mới, đẹp, vào ở liền!",tromoi.com
https://tromoi.com/phong-tro/nha-tro-moi-full-noi-that-tai-le-van-tho-phuong-9-quan-go-vap-ho-chi-minh,"Nhà Trọ Mới Full Nội Thất Tại Lê Văn Thọ, Phường 9, Quận Gò Vấp, Hồ Chí Minh",4600000,40m²,"Lê Văn Thọ, 9, Gò Vấp, Hồ Chí Minh","Cho thuê phòng rộng 40m2 được trang bị đầy đủ full nội thất ngay mặt tiền đường Lê Văn Thọ, P9, Quận Gò Vấp. * Phòng có diện tích 40m2 ở ngay Tầng 1. - Về thiết kế không gian phòng, Phòng đều được trang bị đầy đủ full nội thất, tất cả đều sử dụng đồ mới từ giường ngủ 1m8x2m, nệm, tủ quần áo 3 cánh, 1 máy lạnh mới, 1 bộ bàn ăn nhỏ, máy nước nóng. Khu vực nấu ăn thì đã có sẵn kệ bếp, bồn rửa. WC riêng bên trong phòng sạch sẽ và rộng rãi. Cửa chính và cửa phòng vệ sinh trang bị cửa gỗ cách âm tốt. - Phòng nằm trong tòa 6 tầng với diện tích nhà 5mx30m nên không gian của tất cả các phòng được thiết kế rất rộng, thông thoáng, ánh sáng nhiều. Tòa nhà có thang máy lên các tầng. Dưới tầng hầm là khu vực để xe máy cho người thuê * Vị trí phòng: nằm ngay mặt tiền đường Lê Văn Thọ, vị trí đi lại rất thuận tiện, gần Công Viên Làng Hoa Gò Vấp, Chợ đường số 8, chợ 40 căn, chợ đêm Hạnh Thông Tây... - Về an ninh: ra vào đều có dấu vân tay, người k có dấu vân tay sẽ không vào được. Camara được trang bị đầy đủ từ cổng vào cho tới khu vực tầng hầm để xe, nên ở đây cực kỳ an ninh. * Giá cho thê: 4,6 triệu/phòng/tháng + Các dịch vụ đi kèm: điện 4k/chữ, nước 100k/người, xe 2 chiếc miễn phí. Combo: (Tiền rác + tiền wifi + tiền vệ sinh hành lang phòng + giặt đồ) Tổng 200k/phòng. + Về giờ giác: Giờ giấc tự do, được nấu ăn, cho nuôi thú cưng có cam kết. ACE có nhu cầu thuê xem phòng LH Mình Vũ 0938.575.553 để xem phòng.",tromoi.com
https://tromoi.com/phong-tro/phong-tro-phu-nhuan,PHÒNG TRỌ PHÚ NHUẬN,3800000,30m²,"Huỳnh Văn Bánh, 13, Phú Nhuận, Hồ Chí Minh","Mô tả chi tiết ✨ Phòng 30-45m2, không gian mới sạch sẽ. Phòng có ban công, cửa sổ thoáng mát, được trang bị máy lạnh Inverter, wc bên trong. Khu nhà 1 trêt+3 lầu, sân thượng, an ninh yên tĩnh, dân trí cao (ĐI HẺM 463 HUỲNH VĂN BÁNH -HẺM Ô TÔ - Cách đường Huỳnh Văn Bánh 10M, gần Chợ, gần Bệnh viện, Trường học, cách sân bay 5 phút) Điện: 4.000đ/kWh; Nước máy: 100.000đ/người; Có trang bị máy giặt và phơi đồ trên sân thượng. Cửa khóa vân tay; Giờ giấc tự do; Camera 24/24 🚪 Số lượng phòng có hạn, ưu tiên người thuê thiện chí & ở lâu dài. Giá: 3.8 – 5.2tr/phòng Lh: 0767485184 để xem phòng",tromoi.com
https://tromoi.com/phong-tro/nha-tro-mini-tai-duong-so-21-phuong-8-go-vap-ho-chi-minh,"Nhà Trọ Mini Tại Đường số 21, Phường 8, Gò Vấp, Hồ Chí Minh",4700000,20m²,"Đường số 21, 8, Gò Vấp, Hồ Chí Minh","CHO THUÊ PHÒNG CÓ GÁC LỬNG – KỆ BẾP – NỘI THẤT ĐẸP – QUANG TRUNG, PHƯỜNG 8, GÒ VẤP Không gian sống gọn gàng – tiện nghi – an ninh, giá chỉ từ 4 – 5.5 triệu/tháng. Địa chỉ: Đường 21, Quang Trung, Phường 8, Quận Gò Vấp Vị trí thuận tiện: Dễ dàng di chuyển sang Phú Nhuận, Tân Bình, sân bay Tân Sơn Nhất chỉ 5–10 phút. Chi tiết phòng Gác lửng cao thoáng, tách biệt khu ngủ và sinh hoạt Trang bị máy lạnh, tủ lạnh, kệ bếp, tủ quần áo Cửa sổ lớn đón ánh sáng tự nhiên, gió mát cả ngày Giờ giấc tự do – không chung chủ Điện nước riêng, khu vực yên tĩnh, dân trí cao Tiện ích xung quanh Gần BigC Gò Vấp, Emart, Lotte Mart Gần chợ, siêu thị, quán ăn, công viên Gia Định Đường rộng, dễ đi, thuận tiện cho người làm việc ở trung tâm hoặc sân bay Phòng được vệ sinh kỹ, nội thất bảo trì thường xuyên – chỉ cần mang vali đến ở. Nếu bạn cần không gian nhỏ gọn, có gác lửng, kệ bếp, tiện nghi và riêng tư, đây là lựa chọn rất đáng xem tại trung tâm Gò Vấp. Liên hệ/Zalo: 0902 802 029 (Anh Thanh) Có sẵn hình và video phòng thực tế để xem trước.",tromoi.com
https://tromoi.com/phong-tro/nha-tro-177a-27-nguyen-van-luong-phuong-11-quan-6,"Nhà Trọ 177A/27 Nguyễn Văn Luông, Phường 11, Quận 6",1500000,17m²,"177a/27 Nguyễn Văn Luông, Phường 11, Quận 6, Thành phố Hồ Chí Minh","CHO THUÊ PHÒNG TRỌ - 177a/27 NGUYỄN VĂN LUÔNG, P11, Q6 Vị trí đắc địa : Gần công viên Bình Phú , siêu thị Mega Market , chợ , phòng gym , nhà hàng, khách sạn . Hiện đang trống các phòng sau: Giá rẻ cho nguoi có thu nhập thấp - Phòng 7m2 giá 1tr5 - Phòng 12m2 giá 1tr7 - Phòng 15m2 giá 1tr9, có wc trong phòng Liên hệ/Zalo : 0911.237.136",tromoi.com
https://tromoi.com/phong-tro/nha-tro-tai-ho-ba-kien-phuong-15-quan-10-ho-chi-minh,"Nhà Trọ Tại Hồ Bá Kiện, Phường 15, Quận 10, Hồ Chí Minh",4000000,20m²,"Hồ Bá Kiện, 15, Quận 10, Hồ Chí Minh","PHÒNG TRỌ CAO CẤP - FULL NỘI THẤT - QUẬN 10 Địa chỉ: Hồ Bá Kiện, Phường 15, Quận 10, TP. Hồ Chí Minh (Gần Ngã Tư Cách Mạng Tháng 8 – Công viên Lê Thị Riêng – Tô Hiến Thành) Đặc điểm phòng: Có cửa sổ trời thoáng mát, nhiều ánh sáng tự nhiên Full nội thất: Giữ xe miễn phí ngay tại nhà Có khu giặt chung sạch sẽ, tiện lợi Tiện ích xung quanh: Cách Công viên Lê Thị Riêng chỉ 3 phút đi bộ, thuận tiện tập thể dục và giải trí Gần các trường Đại học: Bách Khoa, Huflit, Y Phạm Ngọc Thạch – phù hợp cho sinh viên Xung quanh có nhiều siêu thị, cửa hàng tiện lợi, quán ăn, quán cà phê (Circle K, 7-Eleven, Bách Hóa Xanh, Highland Coffee, v.v.) Dễ dàng di chuyển đến Quận 3, Quận Tân Bình, Quận 11 Khu dân cư an ninh, yên tĩnh, dân trí cao Liên hệ: Quỳnh – 0564 553 989 (Tư vấn và xem phòng)",tromoi.com
https://tromoi.com/phong-tro/nha-tro-tai-43-7c-li-chieu-hoang-phuong-10-quan-6-ho-chi-minh,"Nhà Trọ Tại 43/7C Lí Chiêu Hoàng, Phường 10, Quận 6, Hồ Chí Minh",2200000,25m²,"Lý Chiêu Hoàng, 10, Quận 6, Hồ Chí Minh","CHO THUÊ PHÒNG TRỌ – AN NINH – VỊ TRÍ ĐẸP – QUẬN 6 Địa chỉ: 43/7C Lý Chiêu Hoàng, P10, Q6, TP.HCM Giá thuê phòng: 2,2 – 2,7 triệu/tháng Diện tích: 15 – 25m² Ngoài ra có mặt bằng giá 5 triệu/tháng, phù hợp kinh doanh nhỏ: bán tạp hóa, sạp trái cây, tiệm photocopy, làm dịch vụ... Vị trí đắc địa – Tiện ích xung quanh Cách Chợ Lớn 5-10 phút, trung tâm mua sắm, ẩm thực phong phú. Cách Aeon Mall Bình Tân 10-15 phút – mua sắm, ăn uống, giải trí. Cách Bệnh viện Chợ Rẫy khoảng 15 phút di chuyển. Bến xe Miền Tây: chỉ 5 phút, thuận tiện đi các tỉnh miền Tây. Siêu thị Big C An Lạc: chỉ 10 phút. Trường Đại học Công nghiệp TP.HCM: tiện cho sinh viên. Khu dân cư Bình Phú: nhiều siêu thị, cửa hàng dịch vụ. Các địa điểm rất gần Chợ: 200m Trường tiểu học & THCS: 300m Bệnh viện Q6: 500m Siêu thị Metro: 600m Công viên Bình Phú: 400m Bến xe Miền Tây: 800m Đình Hưng Minh Tự: 50m (nơi châm cứu & sắc thuốc nam miễn phí) Thuận tiện di chuyển qua các quận Quận 5: 5-10 phút, gần Chợ Lớn. Quận 11: sát Q6, gần Công viên Đầm Sen. Quận 10: 10 phút, nhiều trung tâm mua sắm, giáo dục. Quận 8: qua cầu Chữ Y là tới. Quận Bình Tân: 10 phút đến Aeon Mall. Tiện ích & an ninh Khu vực sầm uất, đông dân cư, nhiều quán ăn bình dân → phù hợp sinh viên, người lao động, kinh doanh nhỏ. Bảo vệ 24/7, camera phủ toàn khu, an toàn tuyệt đối. Điện, nước theo giá nhà nước. Mặt tiền rộng, 2 làn xe tải; ô tô đỗ trước cổng. Có nhân viên quản lý giờ hành chính, hỗ trợ mọi nhu cầu khách trọ. Môi trường sạch sẽ, an ninh. Liên hệ ngay: Chị Loan – 0903 737 253 để xem phòng",tromoi.com
https://tromoi.com/phong-tro/nha-tro-37-ha-huy-giap-thanh-loc-quan-12,CĂN HỘ BAN CÔNG SẴN NỘI THẤT,2000000,24m²,"37 Hà Huy Giáp, Thạnh Lộc, Quận 12, Hồ Chí Minh","Sẵn tủ bếp, ngay tầng trệt, cửa sổ thoáng Không chung chủ, giờ tự do, cho nuôi pet",tromoi.com
https://tromoi.com/phong-tro/can-ho-gia-re,CĂN HỘ GIÁ SIÊU RẺ,3300000,20m²,"Hà Huy Giáp, An Phú Đông, Quận 12, Hồ Chí Minh","nội thất máy lạnh, kệ tủ bếp trên dưới, lavalo, vòi nóng lạnh, gương toilet, kệ dưới chân cầu thang, gác cao 1m5, máy giặt chung",tromoi.com
https://tromoi.com/phong-tro/nha-tro-le-van-luong-phuoc-kien-nha-be-ho-chi-minh,Phòng trọ,4300000,25m²,"Lê Văn Lương, Phước Kiển, Nhà Bè, Hồ Chí Minh","Phòng có cửa sổ, khu vực yên tĩnh, xung quanh gần nhiều khu vực công cộng. Giá điện: 3k8/Kwh Giá nước: 100k/người Địa chỉ: https://maps.app.goo.gl/Wauhnn7rTMv6wQJJ8https://www.google.com/maps/place/839+%C4%90.+L%C3%AA+V%C4%83n+L%C6%B0%C6%A1ng,+Ph%C6%B0%E1%BB%9Bc+Ki%E1%BB%83n,+Nh%C3%A0+B%C3%A8,+H%E1%BB%93+Ch%C3%AD+Minh,+Vi%E1%BB%87t+Nam/@10.7188049,106.6905708,2963m/data=!3m2!1e3!4b1!4m6!3m5!1s0x31752fd4ad71e285:0xb3e9d794edb5c80!8m2!3d10.7188051!4d106.7008491!16s%2Fg%2F11vkh_6vb5?entry=tts&g_ep=EgoyMDI1MDYwMS4wIPu8ASoASAFQAw%3D%3D&skid=7f087456-dafc-4a03-98d0-a5a45546810d Ngoài ra còn rất nhiều trọ với giá cả từ 3-10 triệu ở các quận khác nhau. Chỉ cần bạn hỏi thì mình sẽ tìm giúp bạn được phòng ưng ý. SĐT Zalo: 0905233298 (nhắn tin cho mình sẽ nhanh hơn là gọi). Chúc các bạn tìm được phòng ưng ý và nhanh chóng.",tromoi.com
https://tromoi.com/phong-tro/nha-tro-234-tran-van-giau-binh-tri-dong-b-binh-tan,? PHÒNG TRỌ HOẶC KINH DOANH BÌNH TÂN 30m2 - GIỜ GIẤC TỰ DO ?,3200000,30m²,"234 Trần Văn Giàu, Bình Trị Đông B, Bình Tân, Hồ Chí Minh","- Các loại phí: Điện : 4k/kWh Nước : 100k/người Dịch vụ : 200k/phòng Xe : Free- 2 xe - Quy định số lượng người, số lượng xe: 4 người - 2 xe - Cho nuôi thú cưng hay không: Không - Khu vực giặt phơi : Có máy giặt/sấy Hoa hồng: cho môi giới",tromoi.com
https://tromoi.com/phong-tro/phong-tro-ghep-nam-1t5-gan-cong-vien-hoang-van-thu-san-bay-tsn,"Nhà Trọ Ở Ghép Tại Hoàng Văn Thụ, Phường 4, Quận Tân Bình, Hồ Chí Minh",1500000,200m²,"Hoàng Văn Thụ, 4, Tân Bình, Hồ Chí Minh","Chính chủ cho thuê phòng trọ ghép Nam gần công vên Hoàng Văn Thụ, sân bay Tân Sơn Nhất. _Đ/c: 324/52 Hoàng Văn Thụ, P4, Tân Bình. _Phòng máy lạnh, không chung chủ, giờ giấc tự do ra vào bằng vân tay. _Giá phòng: 1.5 triệu/người( 1 phòng tối đa 2 người) đã bao gồm tất cả các dịch vụ khác không phát sinh thêm ngoại trừ tiền điện sữ dụng riêng trong mỗi phòng được tính 35000/1kwh. Liên hệ: 0968795577( a Phát)",tromoi.com
https://tromoi.com/phong-tro/nha-tro-nguyen-anh-thu-hiep-thanh-quan-12-ho-chi-minh,Phòng Trọ Cao Cấp,3700000,29m²,"Nguyễn Ảnh Thủ, Hiệp Thành, Quận 12, Hồ Chí Minh","Phòng đẹp , sạch sẽ , tiện ích , an ninh tốt",tromoi.com
https://tromoi.com/phong-tro/nha-tro-911-10-quang-trung-phuong-14-go-vap,CĂN HỘ BAN CÔNG SẴN NỘI THẤT,3000000,28m²,"911/10 đường Quang Trung, phường 14, Gò Vấp, Hồ Chí Minh","Không chung chủ, giờ tự do Được nấu ăn, cho nuôi pet Nhà xe rộng, ở ko giới hạn người xe",tromoi.com
https://tromoi.com/phong-tro/nha-tro-duyen-trang,"Nhà Trọ Tại Khu C7 17F, Xã Bình Hưng, Huyện Bình Chánh, Hồ Chí Minh",2700000,16m²,"Bình Hưng, Bình Chánh, Hồ Chí Minh","Địa chỉ: Khu C7 17F, Bình Hưng, Bình Chánh, TP HCM (cuối đường Cao Lỗ, gần Trường Cao Đẳng Bách Khoa Nam Sài Gòn) Diện tích: Từ 10 - 16 m2, Tầng 1 Giường có trang bị rèm che, bàn học (nếu cần sẽ có thêm giường tầng theo yêu cầu) Tiện ích: Phòng có máy lạnh riêng, wifi miễn phí Giá thuê đã bao gồm chi phí sử dụng điện Nước: 100k/ người/ tháng Phí dịch vụ chung (điện khu vực chung, dịch vụ dọn vệ sinh mỗi tuần/ 1 lần, phí thu gom rác): 100k/ người Bếp dùng chung: có trang bị sẵn máy giặt/ tủ lạnh/ bếp điện từ Nhà vệ sinh: 02 phòng dùng chung 1 NVS Di chuyển: thuận tiện di chuyển qua Quận 8, Quận 4, Quận 7 (cách Trường Cao Đẳng Bách Khoa Nam Sài Gòn 200m, cách Trường Đại Học Công Nghệ Sài Gòn 1 km) Chỗ để xe rộng rãi, không gian yên tĩnh phù hợp cho các bạn sinh viên, nhân viên văn phòng Nhóm bạn ở chung: trao đổi với chủ trọ thêm để giảm giá phòng.",tromoi.com
https://tromoi.com/phong-tro/duplex-tai-mai-lao-bang-phuong-13-quan-tan-binh-ho-chi-minh,"Duplex Tại Mai Lão Bạng, Phường 13, Quận Tân Bình, Hồ Chí Minh",5100000,40m²,"Mai Lão Bạng, 13, Tân Bình, Hồ Chí Minh","📍 Vị trí: Mai Lão Bạng – Phường 13, Quận Tân Bình 👉 Chỉ 3–5 phút đến sân bay Tân Sơn Nhất, gần Cộng Hòa, Trường Chinh, Etown, di chuyển dễ dàng sang Phú Nhuận – Gò Vấp – Quận 10. Khu dân cư an ninh, yên tĩnh, nhiều tiện ích xung quanh. 💎 Tiện ích nổi bật: • Giờ giấc tự do – không chung chủ • Khoá vân tay, camera an ninh 24/7 • Full nội thất cao cấp: giường, tủ, bếp, tủ lạnh, máy lạnh, máy giặt riêng,… • Thiết kế Duplex thông tầng – không gian rộng, thoáng sáng tự nhiên, hiện đại 🌿 ✨ Duplex sang xịn – full nội thất – gần sân bay – dọn vào ở ngay! ➖➖➖➖➖➖➖ ▪️ HỖ TRỢ TÌM & CHO THUÊ CĂN HỘ DỊCH VỤ TP.HCM Studio – Duplex – 1PN – 2PN – Tách bếp – Ban công 📞 THUỲ LINH (YUE) 📲 Zalo / Call: 0339.122.163 #Chothue #duplex #canhotanbinh #mailaobang #CHDV #ganSanBay #phongdep #giatot #vanphong #tiennghi #sinhvien",tromoi.com
https://tromoi.com/phong-tro/nha-tro-4a-nhat-chi-mai-phuong-13-tan-binh,CHO THUÊ CĂN HỘ FULL NỘI THẤT GẦN ETOWN CỘNG HOÀ TRUNG TÂM TÂN BÌNH,5000000,40m²,"Nhất Chi Mai, 13, Tân Bình, Hồ Chí Minh","📍 Địa chỉ: Đường Nhất Chi Mai, P.13, Q. Tân Bình 👉 Vị trí đắc địa: Gần sân bay Tân Sơn Nhất, Etown Cộng Hòa, khu K300, thuận tiện di chuyển sang Phú Nhuận – Quận 3 – Tân Phú. 🏠 Căn hộ tiện nghi: • Thiết kế studio hiện đại, có ban công thoáng mát • Full nội thất: giường, tủ, bếp, máy lạnh, máy giặt, tivi, tủ lạnh • Thang máy, camera an ninh 24/7 • Giờ giấc tự do – không chung chủ 📞 0333791945 Liên hệ ngay để xem phòng và giữ căn đẹp nhất!",tromoi.com
https://tromoi.com/phong-tro/nha-tro-duong-dd4-tan-chanh-hiep-quan-12,Cho thuê phòng kế bên công viên phần mêm Quang Trung Quận 12,3500000,25m²,"Đường DD4, Tân Chánh Hiệp, Quận 12, Hồ Chí Minh","CHO THUÊ PHÒNG – CHUNG CHỦ – NHÀ ĐẸP SẠCH – ƯU TIÊN NỮ 📍 Đường D4 – kế bên Công Viên Phần Mềm Quang Trung Có 2 phòng: 1️⃣ Phòng 25m² – 4.000.000đ/tháng – Cọc 2 tháng - WC riêng trong phòng - Vòi nóng lạnh - Tủ gỗ đựng đồ, bàn nhỏ, ghế sofa, giá treo đồ - Máy lạnh Panasonic đời mới - Có giếng trời lấy sáng + gió tự nhiên 2️⃣ Phòng 20m² – 3.500.000đ/tháng – Cọc 2 tháng - WC riêng trong phòng - Vòi nóng lạnh - Bàn + ghế - Có ban công thoáng - Máy lạnh Daikin Tiện ích & Quy định chung: - Nhà xây để ở, nội thất WC dùng Inax – sạch, bền, đẹp - Gửi xe tầng trệt - Giờ giấc: 12h đóng cửa, về trễ báo tin trước - Ưu tiên nữ thuê (nhà yên tĩnh, an ninh) Chi phí phụ: - Điện: 4.000đ/kWh - Nước: 100.000đ/người - Internet: 150.000đ/phòng (mỗi tầng 1 modem riêng) - Rác: 30.000đ/người 👉 Vị trí cực thuận tiện: ngay cạnh Công Viên Phần Mềm Quang Trung, chỉ vài phút đi bộ. Phòng đẹp, mát, đầy đủ nội thất – dọn vào ở ngay! Liên hệ: 0944409449",tromoi.com
https://tromoi.com/phong-tro/nha-tro-tai-mat-tien-le-van-quoi-binh-hung-hoa-a-binh-tan-ho-chi-minh,"Nhà Trọ Tại Lê Văn Quới, Binh Hưng Hoà A, Bình Tân, Hồ Chí Minh",5900000,42m²,"Lê Văn Quới, Binh Hưng Hoà A, Bình Tân, Hồ Chí Minh","Cho thuê phòng trọ hoặc căn hộ mini diện tích 5m x 8,4m, mặt tiền đường Lê Văn Quới. Không gian thoáng mát, rộng rãi, toilet, cửa sổ, ban công, máy lạnh, tủ lạnh, máy giặt, máy sấy khô tay, nước nóng lạnh ... Bạn chỉ cần xách vali vào ở.",tromoi.com
https://tromoi.com/phong-tro/duplex-tret-tai-tan-my-tan-thuan-tay-quan-7-ho-chi-minh,"Duplex Trệt Tại Tân Mỹ, Tân Thuận Tây, Quận 7, Hồ Chí Minh",3500000,25m²,"Tân Mỹ, Tân Thuận Tây, Quận 7, Hồ Chí Minh","📍Đ/c: 96 Tân Mỹ ,Tân Thuận Tây, Quận 7, TPHCM. - Tổng DT : 25m2 - Ở tối đa 3ng 3xe- giờ giấc tự do - Đi bộ đến Đại học Tài chính Marketing - Tiện đi KCX và Cầu Tân Thuận - Điện 3.7k - Nước 100k/người - Wifi & rác: 100k/phòng - Máy giặt: 100k/phòng (nếu ko xài thì ko tính) - HĐ: 6 tháng - 12 tháng, Cọc 1 tháng - Ko pet Tối đa 3 người - 3 xe",tromoi.com
https://tromoi.com/phong-tro/nha-tro-tai-46-bach-dang-phuong-24-quan-binh-thanh-ho-chi-minh,"Nhà Trọ Tại 46 Bạch Đằng, Phường 24, Quận Bình Thạnh, Hồ Chí Minh",6000000,30m²,"46 Bạch Đằng, 24, Bình Thạnh, Hồ Chí Minh","PHÒNG TRỌ ĐẸP – FULL NỘI THẤT – TẠI 46 BẠCH ĐẰNG, P.24, Q. BÌNH THẠNH Cam kết hình thật 100% – Phòng tầng 1 Phòng rộng, thoáng, sạch sẽ – đầy đủ tiện nghi, chỉ cần dọn vào ở ngay. Giá thuê: 6.000.000 đ/tháng Thời gian trống: Giữa tháng 15/11 có thể nhận phòng Trang bị sẵn trong phòng: Máy lạnh Bình nóng lạnh Giường, nệm Kệ bếp, tủ lạnh Toilet riêng trong phòng Camera an ninh, khu nhà an toàn – yên tĩnh Chi phí dịch vụ: Điện: 3.800 đ/kWh Nước: 100.000 đ/người/tháng Dịch vụ chung: 200.000 đ/phòng/tháng Giữ xe: Tối đa 3 xe/phòng, thêm xe sẽ tính phụ phí Vị trí thuận tiện: Gần sân bay Tân Sơn Nhất , chợ Tân Sơn Nhất , Công viên Gia Định , ngã tư Phú Nhuận Dễ dàng di chuyển đến Phú Nhuận, Gò Vấp, Quận 1 chỉ 5–10 phút Liên hệ: 0382 812 644 (Chính chủ – gọi/Zalo)",tromoi.com
https://tromoi.com/phong-tro/nha-tro-tai-bac-hai-phuong-15-quan-10-ho-chi-minh,"Nhà Trọ Tại Bắc Hải, Phường 15, Quận 10, Hồ Chí Minh",3500000,15m²,"Bắc Hải, 15, Quận 10, Hồ Chí Minh","CHO THUÊ PHÒNG TRỌ GIÁ RẺ – TRUNG TÂM QUẬN 10 Địa chỉ: Ngã 3 Bắc Hải – Đồng Nai , Phường 15, Quận 10, TP. HCM Thông tin phòng: Diện tích: 15 m² Có máy lạnh , toilet riêng trong phòng Có sân thượng rộng thoáng , thuận tiện phơi đồ, hóng mát Khu vực yên tĩnh, an ninh tốt Giờ giấc tự do, lối đi riêng, phù hợp cho nhân viên văn phòng hoặc sinh viên Tiện ích xung quanh: Gần Công viên Lê Thị Riêng , Vạn Hạnh Mall , Siêu thị Co.opMart , chợ Hòa Hưng , Bách Hóa Xanh , cửa hàng tiện lợi 24/7 Dễ dàng di chuyển đến các quận trung tâm: Quận 3, Tân Bình, Phú Nhuận, Quận 11 chỉ 5–10 phút Giá thuê: 3.500.000 đồng/tháng Liên hệ ngay: 0907 751 904",tromoi.com
https://tromoi.com/phong-tro/nha-tro-so-16a-binh-hung-hoa-a-binh-tan-ho-chi-minh,PHÒNG MẶT TIỀN 72 đường 16a lê văn quới bình hưng hòa a bình tân,4500000,40m²,"Số 16A, Binh Hưng Hoà A, Bình Tân, Hồ Chí Minh","PHÒNG MẶT TIỀN 72 đường 16a lê văn quới bình hưng hòa a bình tân. có gác suốt, diện tích sử dụng 60m2.",tromoi.com
https://tromoi.com/phong-tro/nha-tro-tai-phung-van-cung-phuong-04-quan-phu-nhuan-ho-chi-minh,"Nhà Trọ Tại Phùng Văn Cung, Phường 04, Quận Phú Nhuận, Hồ Chí Minh",4200000,30m²,"Phùng Văn Cung, 4, Phú Nhuận, Hồ Chí Minh","CHO THUÊ PHÒNG FULL NỘI THẤT – ĐƯỜNG PHÙNG VĂN CUNG, PHƯỜNG 4, QUẬN PHÚ NHUẬN Nhà mặt tiền đường Phùng Văn Cung, phường 4, quận Phú Nhuận. Hiện còn trống 2 phòng: một phòng tại lầu 1 và một phòng tại lầu 3. Phòng sạch sẽ, mới hoàn toàn, được trang bị đầy đủ nội thất. Người thuê chỉ cần mang vali vào ở ngay. Giá thuê: 4,2 triệu đồng/tháng Tình trạng phòng: full nội thất mới 100% An ninh – tiện nghi: cửa khóa vân tay, camera giám sát 24/24, giờ giấc tự do. Chi phí dịch vụ: Nước: 100.000 đồng/người Điện: 4.000 đồng/kWh Phí dịch vụ: 150.000 đồng/phòng (bao gồm Internet, rác, máy giặt...) Tiện ích xung quanh: Vị trí thuận lợi, gần chợ Phùng Văn Cung, chợ Nguyễn Đình Chiểu, các cửa hàng tiện lợi (Bách Hóa Xanh, 7-Eleven, Circle K), siêu thị Coopmart Rạch Miễu, và nhiều quán ăn, cà phê. Dễ dàng di chuyển đến các quận trung tâm như Quận 1, Quận 3, Bình Thạnh và Gò Vấp. Điều kiện thuê: Ở tối đa 2 người/phòng Ưu tiên 1 người, 1 xe Không hút thuốc, không nhậu nhẹt Phòng thực tế đúng như hình, đảm bảo sạch sẽ và mới. Liên hệ xem phòng: Anh Vĩnh – 0934 152 839 Chị Trang – 0939 078 633 (Zalo)",tromoi.com
https://tromoi.com/phong-tro/nha-tro-214-nguyen-oanh-17-go-vap-ho-chi-minh,214 NGUYỄN OANH P17 GÒ VẤP,3800000,25m²,"Nguyễn Oanh, 17, Gò Vấp, Hồ Chí Minh","🏡Địa chỉ 214 Nguyễn Oanh Gò Vấp 💥Phòng sẵn máy lạnh, cửa sổ trời, ban công, gác cao không đụng đầu 👉🏽Có nhiều dạng phòng tách bếp, cửa sổ trời, ban công, có máy giặc ✅Toà mới xây đang hoàn thiện 90% và nội thất chưa qua sử dụng, an ninh 🗓️Thời gian thoải mái, không ở chung với chủ nhà ☎️☎️Contact: 0367891324 _ Thu Hoài để được xem phòng trực tiếp",tromoi.com
https://tromoi.com/phong-tro/chdv-tai-ung-van-khiem-phuong-25-binh-thanh-ho-chi-minh,"CHDV Tại Ung Văn Khiêm, Phường 25, Bình Thạnh, Hồ Chí Minh",4300000,25m²,"Ung Văn Khiêm, 25, Bình Thạnh, Hồ Chí Minh","🌟✨ CHO THUÊ PHÒNG ĐẸP – UNG VĂN KHIÊM, BÌNH THẠNH ✨🌟 🏠 Mô tả phòng: ✔️ Nội thất đầy đủ & tiện nghi: Máy lạnh ❄️, giường 🛏, tủ quần áo 🪞, bàn ghế 💺, bồn rửa tiện lợi 🚰 ✔️ WC riêng trong phòng 🚿 ✔️ Phòng ở lầu 1, có ban công thoáng mát 🌿☀️ ✔️ Không gian yên tĩnh, sạch sẽ, phù hợp học tập & làm việc 🚫 Không nuôi thú cưng ⚡ Chi phí hàng tháng: 🔌 Điện: 4.000đ/kWh 🚿 Nước: 120.000đ/người 🛵 Giữ xe: 120.000đ/chiếc 🗺️ Tiện ích xung quanh: 🥤 Gần nhiều quán cà phê chill, trà sữa nổi tiếng ☕🍹 🍜 Ăn uống siêu tiện: gần chợ, nhiều hàng quán sinh viên và văn phòng 🏫 Chỉ vài phút tới ĐH Hutech, ĐH Giao Thông Vận Tải, ĐH Ngoại Thương 🎓 🚗 Di chuyển dễ dàng về Quận 1, Phú Nhuận, Thủ Đức 🎯 Phù hợp: Sinh viên – Nhân viên văn phòng – Người thích không gian riêng, sạch đẹp, tiện nghi hiện đại 📞 Liên hệ ngay để xem phòng thực tế: 📲 Inbox hoặc gọi trực tiếp để giữ phòng đẹp nhất hôm nay! ✨ Số lượng phòng đẹp có hạn – đến xem là thích liền! ✨ 📞 0913.658.718 🔥 Phòng đẹp – Full nội thất – Vị trí đắc địa!",tromoi.com
https://tromoi.com/phong-tro/nha-tro-tai-lamonest-binh-chanh-01-ho-chi-minh,Nhà Trọ Tại Lamonest Bình Chánh 01 Hồ Chí Minh,1670000,24m²,"Phong Phú, Bình Chánh, Hồ Chí Minh","CĂN HỘ VÀ DORM HIỆN ĐẠI TẠI LAMONEST BÌNH CHÁNH 01 Địa chỉ: Đường số 4, Khu dân cư Intresco, Xã Phong Phú, Huyện Bình Chánh, TP. Hồ Chí Minh Không gian sống năng động, tiện nghi, riêng tư – phù hợp cho người đi làm hoặc sinh viên đang tìm nơi ở an ninh, yên tĩnh và đầy đủ tiện ích. CĂN HỘ GÁC LỬNG / DUPLEX RIÊNG TƯ Giá thuê: từ 4.800.000 đ/tháng Diện tích: khoảng 24m² Phòng: Nest 207, 301 Tiện nghi: Gác lửng hoặc duplex, trần cao thoáng mát Có máy lạnh, cửa sổ sáng, nội thất cơ bản Ra vào bằng vân tay, không chung chủ Giờ giấc tự do, có máy giặt và sân phơi chung DORM GIƯỜNG TẦNG – TIỆN NGHI, GIÁ TIẾT KIỆM Giá thuê: 1.670.000 đ/người/tháng Phòng: Nest 102-01 và 102-03 Phòng chỉ dành cho nam, ở ghép sạch sẽ, có giường và tủ riêng. Tiện nghi: Giường tầng riêng, không gian riêng tư Có máy lạnh, máy giặt chung Ra vào bằng vân tay, an ninh tốt Giờ giấc linh hoạt, không chung chủ CHI PHÍ CHUNG Điện: 4.200 đ/kWh (share theo số người ở dorm) Nước: 100.000 đ/người/tháng (miễn phí đối với dorm) Dịch vụ: 120.000 đ/người/tháng (miễn phí đối với dorm) Gửi xe: • Xe đầu tiên: miễn phí hoặc 100.000 đ/tháng • Xe thứ hai: 200.000 đ/tháng VỊ TRÍ VÀ TIỆN ÍCH Nằm trong KDC Intresco Phong Phú – khu dân cư an ninh, thoáng mát, đường nội khu rộng Gần Nguyễn Văn Linh, di chuyển nhanh đến Q5, Q7, Q8, Q10 Gần Bách Hóa Xanh, VinMart+, chợ Phong Phú Gần các trường đại học Văn Hiến, Nguyễn Tất Thành, Tôn Đức Thắng Khu vực có nhiều quán cà phê, quán ăn, cửa hàng tiện lợi LAMONEST BÌNH CHÁNH 01 – Không gian sống hiện đại và linh hoạt cho người trẻ. Liên hệ ngay để xem phòng Nest 207, 301, hoặc dorm Nest 102 và giữ chỗ sớm.",tromoi.com
https://tromoi.com/phong-tro/nha-tro-19-xom-chi-phuong-10-quan-5-ho-chi-minh,CHO THUÊ PHÒNG TRỌ QUẬN 5,3000000,15m²,"19 Xóm Chỉ, 10, Quận 5, Hồ Chí Minh","Cho thuê phòng nội thất bao gồm: giường, nệm, tủ, bàn làm việc WC bên ngoài có máy nước nóng, sạch sẽ và rộng rãi Có thể dọn vào ở ngay Ưu tiên ở 1 người, giờ giấc tự do LH zalo: 0342 648 680",tromoi.com
https://tromoi.com/phong-tro/nha-tro-tai-ma-lo-binh-tri-dong-binh-tan-ho-chi-minh,"Nhà Trọ Tại Bình Trị Đông, Bình Tân, Hồ Chí Minh",3900000,28m²,"Mã Lò, Bình Trị Đông, Bình Tân, Hồ Chí Minh","PHÒNG Studio có NỘI THẤT cơ bản – GẦN AEON MALL BÌNH TÂN Địa chỉ: P. Bình Trị Đông, Q. Bình Tân, TP.HCM Khu vực: Tên Lửa – Tỉnh Lộ 10 – Aeon Mall Bình Tân – Hương Lộ 2 – Lê Văn Quới Liên hệ: 0768 626 149 Phòng đẹp – dọn vào ở ngay.",tromoi.com
https://tromoi.com/phong-tro/nha-tro-tai-quoc-lo-1a-dong-hung-thuan-quan-12-ho-chi-minh,"Nhà Trọ Tại Quốc Lộ 1A, Đông Hưng Thuận, Quận 12, Hồ Chí Minh",2700000,20m²,"Quốc Lộ 1A, Đông Hưng Thuận, Quận 12, Hồ Chí Minh","CHO THUÊ PHÒNG TRỌ MẶT TIỀN QUỐC LỘ 1A – ĐÔNG HƯNG THUẬN, QUẬN 12 Địa chỉ: Ngay mặt tiền Quốc lộ 1A, phường Đông Hưng Thuận, Quận 12, TP. Hồ Chí Minh. Khu vực an ninh, dân cư đông đúc, thuận tiện đi lại. Vị trí thuận lợi: Gần trường học, chợ, siêu thị mini, bến xe Khu dân cư an toàn, tiện ích xung quanh đầy đủ Thích hợp cho sinh viên, nhân viên văn phòng hoặc người đi làm Thông tin phòng: Phòng sạch sẽ, thoáng mát, có cửa sổ Toilet riêng, có khu vực nấu ăn Giờ giấc tự do, không chung chủ Điện nước giá dân Giá thuê: 2.700.000 đồng/tháng Liên hệ để xem phòng và giữ chỗ sớm. Số điện thoại: 0941197690",tromoi.com
https://tromoi.com/phong-tro/94-cao-thang,Cho thuê phòng quận3,3300000,15m²,"Nguyễn Cảnh Chân, Cầu Kho, Quận 1, Hồ Chí Minh","🤩 Cho thuê phòng như hình tại địa chỉ 117/2 đường số4, Cư Xá Đô Thành P4 Q3.(ngay siêu thị CiTimart hoặc hẻm 94/1C Cao Thắng vào nhà được. ⌚:Giờ giấc tự do,chìa khóa riêng,không chung chủ,rộng rãi thoải mái,mát mẻ.xe để trong nhà Free. ✔Giá phòng 3,2tr.(phòng wc riêng,máy lạnh,tủ lạnh,kệ bếp ,cửa sổ ,máy giặt chung,cho nấu ăn...vv) 📚Điện 4k,nước 100/ng. 🆓:xe+wifi+ráckhông phát sinh chi phí. ❤Hỗ trợ lắp đặt nội thất theo yêu cầu:máy lạnh,tủ lạnh,niệm gối,tủ bếp,…(có tính phí). ☎️:0703737884",tromoi.com
https://tromoi.com/phong-tro/nha-tro-duong-pham-van-chieu-phuong-8-go-vap,PHÒNG SIÊU RỘNG CÓ GÁC SẴN NỘI THẤT,3600000,30m²,"Phạm Văn chiêu, 8, Gò Vấp, Hồ Chí Minh","Sẵn máy lạnh, kệ bếp, cửa sổ thoáng Tủ lạnh và máy giặt riêng tuỳ phòng Có thang máy, sân thượng, hầm đậu xe Cho nuôi pet, cổng vân tay, giờ tự do Ở không giới hạn người",tromoi.com
https://tromoi.com/phong-tro/nha-tro-duong-an-duong-vuong-an-lac-a-binh-tan,477 ADV,4700000,25m²,"An Dương Vương, An Lạc A, Bình Tân, Hồ Chí Minh",dhgaskdfghaskjdfgkjsdfjhkljsdfhlakjdfhajksdh,tromoi.com
https://tromoi.com/phong-tro/phong-cho-nu-thue-quan-7-gan-dh-marketing-dh-luat,"PHÒNG ĐẸP CHO NỮ THUÊ – QUẬN 7, GẦN ĐH MARKETING, ĐH LUẬT",4300000,35m²,"Đường số 13, Tân Thuận Tây, Quận 7, Hồ Chí Minh","PHÒNG CHO NỮ THUÊ 📍 Địa chỉ: Đường số 13, P. Tân Thuận Tây, Q.7 Ngay chợ Cư xá Ngân hàng , chỉ 900m đến ĐH Marketing , gần ĐH Luật, Tôn Đức Thắng, Nguyễn Tất Thành – vị trí thuận tiện, an toàn, yên tĩnh. 🏠 Phòng Full nội thất: Diện tích: 35m² , ở được 2–4 bạn nữ Không chung chủ , giờ giấc tự do , nhà toàn nữ nên rất an toàn Trang bị máy lạnh, tủ lạnh, giường nệm palet, nước nóng lạnh, bếp riêng, cửa sổ lớn thoáng mát Ngoài ra, có khu vực bếp chung, tủ lạnh chung, máy giặt free, wifi mạnh, camera 24/24, cửa khóa điện tử/khóa số. Dọn vệ sinh khu vực chung/WC hằng tuần , nhà cực kỳ sạch sẽ, gọn gàng 🌿 💰 Chi phí hợp lý: Điện: 3.800đ/kWh Nước: 100.000đ/người Dịch vụ chung: 200.000đ/phòng Giữ xe: 2 xe đầu miễn phí , từ xe thứ 3 +100.000đ/chiếc 💬 Phù hợp: Nữ sinh viên – nhân viên văn phòng cần không gian riêng tư, an toàn, tiện nghi đầy đủ. 📞 Liên hệ ngay: 0947043434 để xem phòng thực tế nhé! ✨ Phòng đẹp – Sạch sẽ – An ninh – Giá tốt!",tromoi.com
https://tromoi.com/phong-tro/phong-cho-nu-thue-tai-duong-so-13-cu-xa-ngan-hang,"PHÒNG ĐẸP CHO NỮ THUÊ – QUẬN 7, GẦN ĐH MARKETING",3000000,13m²,"Đường Số 13, Tân Thuận Tây, Quận 7, Hồ Chí Minh","* PHÒNG CHO NỮ THUÊ 📍 Địa chỉ: 20 Đường số 13, P. Tân Thuận Tây, Q.7 Ngay chợ Cư xá Ngân hàng , chỉ 900m đến ĐH Marketing , gần ĐH Luật, Tôn Đức Thắng, Nguyễn Tất Thành – vị trí thuận tiện, an toàn, yên tĩnh. 🏠 Phòng nội thất đầy đủ: Diện tích: 15m² , ở được 2–3 bạn nữ Không chung chủ , giờ giấc tự do , nhà toàn nữ nên rất an toàn Trang bị máy lạnh, giường nệm, nước nóng lạnh, cửa sổ lớn thoáng mát Có bếp chung, tủ lạnh, máy giặt free , wifi mạnh, camera 24/24, cửa khóa điện tử/khóa số. Dọn vệ sinh khu vực chung/WC hằng tuần , nhà cực kỳ sạch sẽ, gọn gàng 🌿 💰 Chi phí hợp lý: Điện: 4.000đ/kWh Nước: 100.000đ/người Dịch vụ chung: 100.000đ/phòng Giữ xe: 2 xe đầu miễn phí , từ xe thứ 3 +100.000đ/chiếc 💬 Phù hợp: Nữ sinh viên – nhân viên văn phòng cần không gian riêng tư, an toàn, tiện nghi đầy đủ. 📞 Liên hệ ngay: 0947043434 để xem phòng thực tế nhé! ✨ Phòng đẹp – Sạch sẽ – An ninh – Giá tốt – Ở là mê liền!",tromoi.com
https://tromoi.com/phong-tro/studio-1-phong-ngu-cua-so-lon-day-du-noi-that,"studio 1 phòng ngủ cửa sổ lớn - đầy đủ nội thất gần Lotte, trường TĐT, NTT",6000000,35m²,"Lê Văn Lương, Tân Hưng, Quận 7, Hồ Chí Minh","Phòng rộng rãi, thoáng mát, sạch đẹp có bếp nấu ăn tiện nghi như dạng căn hộ mini chỉ cần xách vali vào ở Giờ giấc tự do, an ninh tuyệt đối Camera 24/24 Wf cáp quang tốc độ cao Quản lí vui vẻ, thoải mái bạn sẽ luôn được hỗ trợ trong suốt thời gian sống Có đội hỗ trợ khắc phục sự cố điện, nước ngay khi có yêu cầu",tromoi.com
https://tromoi.com/phong-tro/nha-tro-pham-huu-lau-phuoc-kien-nha-be,CHDV Phạm Hữu Lầu gần TDT và Đại học mở Nhà Bè,2200000,15m²,"Phạm Hữu Lầu, Phước Kiển, Nhà Bè, Hồ Chí Minh","CHDV ở Phạm Hữu Lầu Đặc biệt ưu đãi khủng cho sinh viên TDT, đại học mở Nhà Bè, giảm đến 1 tháng tiền nhà hoặc hơn Liên hệ Triều 0909018682",tromoi.com
https://tromoi.com/phong-tro/nha-tro-duong-lac-long-quan-phuong-5-quan-11,"[Cần Share Phòng gần Đầm Sen, quận 11]",3200000,28m²,"Lạc Long Quân, 5, Quận 11, Hồ Chí Minh","[Cần Share Phòng gần Đầm Sen, quận 11] - Phòng 20m2, có sẵn tủ gỗ, máy lạnh, wc riêng: 3tr2/tháng. - Phòng 28m2, có sẵn máy lạnh, tủ lạnh, wc riêng: 4tr5/tháng. Nước 80k/tháng, điện 3k8, Cọc 1 tháng. Free wifi, chỗ đậu xe. Khu phố văn hoá, an ninh trật tự, ko nhậu nhẹt, karaoke. Địa chỉ: 341 Lạc Long Quân, quận 11. (Gần Đầm Sen) Liên hệ anh Hùng 0925292926 xem phòng.",tromoi.com
https://tromoi.com/phong-tro/vinhome-q9,GIÁ TỐT NHẤT THỊ TRƯỜNG 3PN2WC VINHOME Q9,11500000,110m²,"Nguyễn Xiển, Hiệp Bình Chánh, Thủ Đức, Hồ Chí Minh",Cho thuê 3PN2WC BE7 view sông thoáng mát nhà trống 110m². Vinhomes Grand Park Q9. GIÁ TỐT NHẤT THỊ TRƯỜNG 11.5 triệu nội thất cơ bản có tủ mỗi phòng Xem nhà 24/24 liên hệ 0944088602,tromoi.com
https://tromoi.com/phong-tro/pass-phong-tro-trung-tam-quan-3-duong-nguyen-dinh-chieu,Pass phòng trọ trung tâm quận 3 đường nguyễn đình chiểu,3800000,16m²,"Nguyễn Đình Chiểu, 3, Quận 3, Hồ Chí Minh","Vì mình chuyển công ty nên tìm trọ gần hơn, pass lại phòng bên dưới giá 3tr8, đầy đủ tiện nghi: - bếp riêng, nvs riêng trong phòng - máy lạnh, nước nóng/lạnh - máy giặt, máy sấy chung - giếng trời đón nắng - 2 máy hút mùi trong phòng - .... Ưu tiên chuyển vào đầu tháng 11",tromoi.com
https://tromoi.com/phong-tro/nha-tro-369-12-pham-van-chieu-phuong-14-go-vap,PHÒNG TRỌ 1 NGƯỜIGIÁ RẺ,2100000,14m²,"369/12 đường Phạm Văn chiêu, 14, Gò Vấp, Hồ Chí Minh","• Cho nuôi pet, phòng mới, rộng rãi thoáng • Không chung chủ, giờ giấc tự do, có nhà xe",tromoi.com
https://tromoi.com/phong-tro/nha-tro-tai-549-36-le-van-tho-phuong-14-quan-go-vap-ho-chi-minh,"Nhà Trọ Tại 549/36 Lê Văn Thọ , Phường 14, Quận Gò Vấp, Hồ Chí Minh",2000000,20m²,"Lê Đức Thọ, 14, Gò Vấp, Hồ Chí Minh","CHO THUÊ PHÒNG TRỌ GIỜ GIẤC TỰ DO – GIÁ TỪ 2 TRIỆU Địa chỉ: 549/36 Lê Văn Thọ, Phường 14, Gò Vấp Vị trí thuận tiện: Cách Đại học Công Nghiệp TP.HCM 10 phút Gần Đại học Văn Lang, Đại học Nguyễn Tất Thành Cách chợ mối sỉ Hạnh Thông Tây – Quang Trung 2 phút Thuận tiện di chuyển đến nhà máy bia Lê Văn Khương, cầu Tân Thới Hiệp, quận 12 Tiện ích: Phòng rộng 20m², có ban công, cửa sổ thoáng mát Giờ giấc tự do, phòng riêng biệt – không chung chủ Khu vực yên tĩnh, an ninh tốt Có bảo vệ trực 24/24 Mỗi tầng đều có camera an ninh Hầm để xe rộng rãi, thoải mái Có kệ bếp nấu ăn riêng Có đội sửa chữa hỗ trợ khi gặp sự cố điện nước Chi phí: Điện: 3.500đ/kWh Nước: 80.000đ/người Xe: 100.000đ/chiếc Rác: 20.000đ/người Wifi: 60.000đ/phòng Giá phòng: Từ 2.000.000 – 2.600.000đ/tháng Liên hệ: Chị Nhi – chủ nhà Liên hệ trực tiếp để xem phòng và chọn vị trí phù hợp.",tromoi.com
https://tromoi.com/phong-tro/nha-tro-lien-khu-1-6-binh-tri-dong-binh-tan,Cho thuê phòng trọ,3500000,20m²,"Liên Khu 1-6, Bình Trị Đông, Bình Tân, Hồ Chí Minh","🏡 Phòng giá 3.5 triệu/tháng • Có gác lửng, diện tích sử dụng 20m² • Nội thất: kệ bếp + máy lạnh • Không chung chủ, ra vào 24/7 💡 Tiện ích & quy định • Điện: 4.000đ/kWh • Nước: 100k/người • Dịch vụ: 100k/người • Free 2 xe (không nhận xe điện) • Không nấu bếp ga 📍 Địa chỉ: 52 Liên khu 1-6 Bình Trị Đông Bình Tân 📞 Call: (chính chủ) 0906902895",tromoi.com
https://tromoi.com/phong-tro/doi-duyet-tuyen-nam-o-ghep-nha-dep-vi-tri-vang-quan-binh-thanh,"Tuyển Nam Ở Ghép – Nhà Đẹp, Vị Trí Vàng Quận Bình Thạnh",1875000,100m²,"27/80 Điện Biên Phủ, Phường 15, Bình Thạnh, Thành phố Hồ Chí Minh","An mới thuê căn nhà mới tại hẻm 27 Điện Biên Phủ, Bình Thạnh – ngay vòng xoay Điện Biên Phủ, cực kỳ thuận tiện di chuyển. Hiện còn 1 phòng trống, cần tìm 1 bạn nam ở ghép. Nhà ít người, mỗi phòng chỉ 1–2 người để đảm bảo sự riêng tư và yên tĩnh. ✨ Thông tin nhà: Nhà 3 tầng, đầy đủ tiện nghi: bếp, phòng khách, 3 WC sạch sẽ như hình View cực chill nhìn ra trung tâm thành phố và sân bay Sân thượng rộng gần 100m², thoáng mát, lý tưởng để thư giãn Hẻm xe hơi, gần chợ, đi quận 1 chỉ mất 3 phút 🎓 Vị trí siêu thuận tiện cho sinh viên: Gần các trường đại học lớn như Hutech, Hồng Bàng, KHXH & Nhân Văn, Kinh Tế, CĐ Kinh Tế Đối Ngoại, GTVT, v.v. 📞 Liên hệ ngay để xem phòng – ưu tiên bạn nam không hút thuốc, lịch sự, gọn gàng. 💸 Giá cả hợp lý, không phát sinh chi phí linh tinh.",tromoi.com
https://tromoi.com/phong-tro/nha-tro-25-cuu-long-2-tan-binh-ho-chi-minh,P.2 - CỬU LONG - TÂN BÌNH,5200000,50m²,"Cửu Long, 2, Tân Bình, Hồ Chí Minh","🎯 Vị trí cực đẹp - Sát sân bay ✨ Tiện ích nổi bật: 🚗 Hẻm xe hơi, di chuyển thoải mái 🛗 Có thang máy tiện lợi 🅿️ Hầm để xe rộng rãi – miễn phí 2 xe 🧺 Khu giặt – sấy – phơi riêng biệt 🌿 Sân thượng chill cực thoáng 🔒 Ra vào bằng vân tay an ninh 🐶 Pet-friendly – cho nuôi thú cưng 💡 Điện: 4.000đ/kWh 🚿 Nước: 100.000đ/người 🧾 Phí dịch vụ: 100.000đ/người 🚘 Xe máy: Miễn phí 2 xe",tromoi.com
https://tromoi.com/phong-tro/nha-tro-so-14-duong-53-phuong-14-go-vap,DUPLEX BAN CÔNG THOÁNG SIÊU RỘNG,3000000,28m²,"14 đường số 53, phường 14, Gò Vấp, Hồ Chí Minh","Ban công/cửa sổ thoáng Phòng siêu rộng, ko giới hạn người ở Nhà xe rộng rãi, camera 24/7 an ninh Không chung chủ, giờ giấc tự do Cho nuôi pet Nhận lắp thêm nội thất theo yêu cầu",tromoi.com
https://tromoi.com/phong-tro/phong-tro-quan-4,Phòng trọ quận 4,2500000,16m²,"Đoàn Văn Bơ, 16, Quận 4, Hồ Chí Minh","- Thuận tiện đi làm các quận 1, 2,4,5,7,... - Gần Đại học Nguyễn Tất Thành, Đại học Luật thuận tiện đi hoc. - Gần chợ thuận tiện sinh hoạt. - Phòng trọ an ninh, sạch sẽ. - Ưu tiên sinh viên, nhân viên văn phòng.",tromoi.com
https://tromoi.com/phong-tro/cho-thue-nha-tro,NHÀ CẦN CHO THUÊ,4000000,40m²,"9/5 KP 14 Đường 16, Linh Trung, Thủ Đức, Hồ Chí Minh",Cần Cho Thuê Nhà 🏧🏧 Giá Thuê : 4 triệu 🔴🔴 Có phòng ghép 1 người/ 1 phòng giá từ 2triệu 🔴🔴 Vị Tri : Đường 16 Linh Trung Thủ Đức 🔴🔴 Tiện ích cơ bản : 2 PN + 1Phòng khách + bếp+ WC 🔴🔴 Gần các trường Đại học SPKT . ĐHQG . Hutech. KCN Cao Q9 …… 🔴🔴 Ra vào cổng vân tay - có camera - giờ giấc tự do 🔴🔴 4 Không ( KHÔNG chung chủ + KHÔNG nuôi thú cưng + KHÔNG xe điện + KHÔNG ngập khi mưa ) ☎️☎️ call/ zalo : 0909265090 Ms Dung,tromoi.com
https://tromoi.com/phong-tro/nha-tro-so-5-no-trang-long-phuong-7-binh-thanh-thanh-pho-ho-chi-minh,"Nhà trọ Số 5 Nơ Trang Long, Phường 7, Bình Thạnh, Thành phố Hồ Chí Minh",6500000,45m²,"Số 5 Nơ Trang Long, Phường 7, Bình Thạnh, Thành phố Hồ Chí Minh","CHO THUÊ PHÒNG RỘNG 45M² – ĐẦY ĐỦ TIỆN NGHI – NƠ TRANG LONG, BÌNH THẠNH Phòng diện tích 45m² , gồm 1 phòng ngủ riêng và 1 khu bếp tách biệt , đầy đủ nội thất và tiện nghi sinh hoạt. Có máy giặt riêng trong phòng , tiện lợi, sạch sẽ. Phòng trống từ ngày 25/10/2025 , dọn vào ở ngay. Giá thuê: – 1 người: 6,5 triệu/tháng – 2 người: 6,8 triệu/tháng Chi phí: – Nước: 100.000đ/người (có nước nóng năng lượng mặt trời) – Điện: 3.800đ/kWh – Các dịch vụ khác: miễn phí Vị trí: Hẻm rộng 6m, số 5 Nơ Trang Long, Phường 7, Quận Bình Thạnh , cạnh Bệnh viện Ung Bướu , khu dân cư an ninh, yên tĩnh, di chuyển thuận tiện sang Phú Nhuận, Gò Vấp, Quận 1.",tromoi.com
https://tromoi.com/phong-tro/tro-co-huong,"Phòng trọ nữ an ninh, yên tĩnh, sạch đẹp – có bếp & toilet riêng, gần Chợ Bà Chiểu",3800000,25m²,"182/23, Bạch Đằng, 24, Bình Thạnh, Hồ Chí Minh","🏠 1. Thông tin cơ bản Địa chỉ nhà : 182/23 Bạch Đằng , phường 24 , quận Bình Thạnh , TP Hồ Chí Minh Loại phòng: Phòng trọ Diện tích: 25m² Tầng/lầu: 3 💡 2. Tiện nghi & Mô tả chi tiết Khu trọ toàn nữ, an ninh, sạch sẽ Toilet: riêng Trang bị sẵn: máy giặt ( Có máy giặt chung, tính theo lượt sử dụng ) , tủ quần áo, bếp riêng , chỗ phơi đồ, ban công , của sổ thoáng mát Tiện ích thêm: WiFi, camera an ninh, khóa cửa vân tay Giờ giấc: Giờ giấc linh hoạt, ra vào đến 11h đêm. Chỗ để xe: có ( miễn phí cho 1 xe) Gần: Chợ Bà Chiểu, chỉ vài phút đi xe đến Đại học Mở, HUTECH, Hồng Bàng và UEF . Đường lớn, dễ tìm, hẻm xe máy / xe hơi vào tận nơi. Khu vực yên tĩnh, an ninh, không ngập nước. 💰 3. Giá & Chi phí Giá thuê: 3tr8 đ/tháng , ở tối đa 2 người Đã bao gồm điện nước chưa: chưa Tiền cọc: cọc 1 tháng, giữ phòng chỉ từ 1tr. Chi phí khác: Điện: 4k /kWh Nước: 100k /tháng Rác: 30k /tháng Internet: 80k/tháng (wifi riêng) 📅 4. Điều kiện & Hợp đồng Thời gian có thể dọn vào: có thể dọn vào ở ngay Hợp đồng tối thiểu: 6 tháng trở lên 📞 5. Liên hệ Người cho thuê: Cô Hương Số điện thoại / Zalo: 0908700336",tromoi.com
https://tromoi.com/phong-tro/phong-tro-chu-van-an,Phòng Trọ Giá Tốt Bình Thạnh,3500000,22m²,"Chu Văn An, 12, Bình Thạnh, Hồ Chí Minh","Điện: 4,000/kWh Nước: 100,000/ng Xe: 120,000/xe Quản lý: 150,000/ph Phòng: Studio Special Vị trí: Lầu 2 Diện tích: 22m2 Toilet: Riêng Để xe: Chung Sân phơi: Chung Khóa cổng: Vân tay Giờ giấc: Tự do SL xe: 3 SL người: 4 Cửa sổ: ✔ Máy giặt: Chung Kệ bếp: ✔ Bồn rửa chén: ✔ Bảo vệ: ✔ Máy lạnh: ✔ Giếng trời: ✘ Nuôi thú cưng: Không Nội thất khác: Tủ lạnh 300k/1 tháng,bếp từ 200k/tháng,máy giặt riêng 300k/1 tháng Tiện ích xung quanh: cách 500m đến Học viện Cán bộ TPHCM cách 2km đến Cao đẳng Dược Sài Gòn, Chợ bà chiểu CHU VĂN AN, Phường 12, Quận Bình Thạnh, Thành phố Hồ Chí Minh Giá cho thuê: 3,500,000 Cọc thuê: HĐ 12 th - cọc 1 th P.007",tromoi.com
https://tromoi.com/phong-tro/phong-tro-82-44-dinh-bo-linh-binh-thanh,"CHO THUÊ PHÒNG 8m2 Đinh Bộ Lĩnh, Bình Thạnh",1500000,8m²,"82/44 Đinh Bộ Lĩnh, Phường 26, Bình Thạnh, Thành phố Hồ Chí Minh","Thông tin phòng trọ - Giờ giấc: 5H AM - 11H PM - Wc riêng - Có chỗ để xe, có camera an ninh, Wi-Fi điện nước đầy đủ, có bang công phơi đồ (công cộng) CHI PHÍ SINH HOẠT Điện: 4.000VNĐ/Kg Wifi: 60.000NĐ/phòng Nước: 100.000VNĐ/người Quan tâm mời bạn LH xem phòng. Rất mong bạn sẽ là 1 thành viên mới của gia đình",tromoi.com
https://tromoi.com/phong-tro/nha-tro-24-13-nguyen-thai-binh-phuong-4-tan-binh-ho-chi-minh,"Nhà Trọ 24/13 Nguyễn Thái Bình, Phường 4, Tân Bình, Hồ Chí Minh",2500000,16m²,"Nguyễn Thái Bình, 4, Tân Bình, Hồ Chí Minh","Chính chủ cho thuê phòng trọ có gác cao tại tân bình Giá: 2tr5 Địa chỉ: 24/13 Nguyễn Thái Bình, Phường 4, Tân Bình, Hồ Chí Minh -Diện tích: 16-18m2 -Phòng ốp gạch men, sạch sẽ, thoáng mát -Phòng có gác cao, vệ sinh riêng, cửa sổ lớn -Khu vực an ninh, yên tĩnh, hàng xóm thân thiện -Không chung chủ, wiffi mạnh, cửa khóa vân tay -Ưu tiên ở lâu dài, chỉ cần dọn vào ở -Điện: 3500/kw, Nước: 6000/m3 -Gần các trường Đại học, Cao đẳng, các khu trung tâm lớn, gần chợ... -Thuận tiện di chuyển qua quận 1,3,5,11,12... -Liên Hệ Bác Đoàn Chính Chủ: 0909550387",tromoi.com
https://tromoi.com/phong-tro/nha-tro-tai-au-co-phuong-phu-trung-quan-tan-phu-ho-chi-minh,"Nhà Trọ Tại Âu Cơ, Phường Phú Trung, Quận Tân Phú, Hồ Chí Minh",1500000,12m²,"Âu Cơ, Phú Trung, Tân Phú, Hồ Chí Minh","PHÒNG TRỌ TIỆN NGHI – YÊN TĨNH – QUẬN TÂN PHÚ Địa chỉ: Âu Cơ, Phường Phú Trung, Quận Tân Phú, TP. Hồ Chí Minh Thông tin phòng: Diện tích: 12m² Đầy đủ tiện nghi: giường, tủ quần áo, bàn ghế làm việc Trang thiết bị gồm: đèn, quạt, máy lạnh Toilet riêng, sạch sẽ, khang trang Không gian yên tĩnh, phù hợp cho người đi làm hoặc sinh viên thích riêng tư Tiện ích xung quanh: Gần chợ Tân Phú, siêu thị Coopmart, cửa hàng tiện lợi 24/7 Nhiều quán ăn, quán cà phê, tiệm giặt ủi trong bán kính 200m Gần trung tâm thể dục, công viên, phòng gym, thuận tiện tập luyện và giải trí Dễ dàng di chuyển đến các tuyến đường lớn: Lũy Bán Bích, Trường Chinh, Tân Sơn Nhì Có nhiều tuyến xe buýt đi các quận trung tâm (Tân Bình, Quận 10, Quận 11) Khu dân cư an ninh, yên tĩnh, dân trí cao Giá thuê: 1tr5/tháng Điện nước giá hợp lý – có chỗ để xe an toàn Liên hệ xem phòng: Xem phòng linh hoạt – hỗ trợ tận tâm – hình ảnh thật 100%",tromoi.com
https://tromoi.com/phong-tro/phong-tro-25m2-duong-duong-quang-ham-go-vap,"Phòng trọ full nội thất đường Dương Quảng Hàm, Gò Vấp giá từ 3tr8",3800000,25m²,"Dương Quảng Hàm, Phường 6, Gò Vấp, Thành phố Hồ Chí Minh","Phòng trọ siêu xinh với diện tích 25m², 1PN, 1WC, cho thuê giá chỉ 3,8 triệu VND. Nội thất đầy đủ với giường, tủ, bàn ghế và bếp mini. Thời gian thuê linh hoạt từ 6 tháng trở lên, thoải mái cho cuộc sống của các bạn trẻ. Khu vực này cực kì dễ sống, gần gũi và tiện nghi. + Nội thất: Giường, tủ, bàn ghế, bếp mini + Diện tích: 25m2 + Thời gian thuê: Tối thiểu 6 tháng Cách trạm y tế phường 5 quận Gò Vấp khoảng 1km. Cách siêu thị Bách Hóa Xanh chỉ 500m. Cách công viên Cityland Center Hills khoảng 2km.",tromoi.com
https://tromoi.com/phong-tro/sleepbox-cao-cap-quan-10,"Sleepbox số 51 Thành Thái, Phường 14, Quận 10, TP Hồ Chí Minh",1900000,20m²,"51 Thành Thái, Phường 14, Quận 10, TP Hồ Chí Minh","Sleepbox cao cấp Quận 10 + Trang thiết bị, nội thất, tiện ích đầy đủ. + Điều hòa 24/7. + Dịch vụ giặt sấy, thay ga. + Dịch vụ dọn phòng 2 lần/tuần. + Giờ giấc tự do. + Bãi giữ xe, bảo vệ 24/7…. Địa chỉ: Cs1: 51 Đường Thành Thái, P14, Quận 10. Cs2: 497 Sư vạn hạnh, Quận 10 Liên hệ: Call/Zalo: 0909000110 hoặc 0372274883 để được tư vấn cụ thể!",tromoi.com
https://tromoi.com/phong-tro/phong-tro-duong-12,Cho thuê căn hộ studio Thủ Đức,5600000,30m²,"77 đường số 12, Hiệp Bình Chánh, Thủ Đức, Thành phố Hồ Chí Minh","Căn hộ studio rộng rãi, thoáng mát Đầy đủ nội thất ( như ảnh) Camera hoạt động 24/7, khoá cửa vân tay Có khi vực để xe riêng, wifi free Có không gian sinh hoạt chung ở tầng thượng Gần chợ, gần trung tâm thương mại Ưu tiên khi cho thuê dài hạn",tromoi.com
https://tromoi.com/phong-tro/nha-tro-duong-nguyen-thai-binh-phuong-4-tan-binh,Phòng lầu 1 ban công rộng Tân Bình,4800000,30m²,"Nguyễn Thái Bình, 4, Tân Bình, Hồ Chí Minh","Chuyển công tác nên e pass lại phòng trọ đang thuê, đầy đủ nội thất như hình. Gồm tủ quần áo, giường, tủ lạnh, máy lạnh, máy giặt dùng chung. Toilet riêng trong phòng. Ban công rộng, khu vực an ninh, gần chợ, sân bay,.... Phòng lầu 1 giá e đang thuê như sau: Phòng 4tr8. Cọc 1 tháng, e sang phòng hỗ trợ cọc 1tr cho người mới. Hợp đồng 6 tháng + Điện 4k/kg + Nước 100k/ người + Dịch Vụ 200k/ phòng Cuối tháng 10 nhận phòng ạ. Địa chỉ 24/9 Nguyễn Thái Bình, P4, Tân Bình. Liên hệ zalo hoặc call 0394444516",tromoi.com
https://tromoi.com/phong-tro/khu-vuc-cho-thue-nhieu-loai-nha-tro-nhieu-muc-gia,Khu Vực Cho Thuê Nhiều Loại Nhà Trọ Nhiều Mức Giá,2700000,13m²,"275/35/10 Quang Trung, Phường 10, Gò Vấp, Thành phố Hồ Chí Minh","🏠 KHU NHÀ CHO THUÊ NHIỀU PHÒNG TRỌ – GIÁ LINH HOẠT TẠI GÒ VẤP 📍 Địa chỉ: 275/35/10 Quang Trung, Quận Gò Vấp, TP.HCM 📞 Liên hệ: 0347 520 541 – 0369 844 961 ✨ Thông tin chung: Khu vực có nhiều phòng trọ với mức giá đa dạng , phù hợp cho sinh viên, nhân viên văn phòng hoặc gia đình nhỏ. Một số phòng mới được trùng tu , sạch sẽ, thoáng mát, dọn vào ở ngay. An ninh tốt , khu dân cư yên tĩnh, thuận tiện di chuyển ra trung tâm và các tuyến đường lớn. 💡 Ưu điểm nổi bật: Gần chợ, siêu thị, quán ăn, trường học, bến xe Giờ giấc tự do , không chung chủ Môi trường sống văn minh – an toàn – sạch sẽ",tromoi.com
https://tromoi.com/phong-tro/nha-tro-nguyen-van-qua-dong-hung-thuan-quan-12,CĂN HỘ BAN CÔNG SẴN NỘI THẤT,3000000,24m²,"Nguyễn Văn Quá, Đông Hưng Thuận, Quận 12, Hồ Chí Minh","Sẵn máy lạnh, giường nệm, có bếp nấu ăn Máy giặt dùng free, phơi đồ sân thượng Không chung chủ, giờ tự do, camera an ninh Được nuôi pet, ko giới hạn người ở Đang còn 2 phòng ban công, 1 phòng tầng trệt lối đi riêng biệt",tromoi.com
https://tromoi.com/phong-tro/chung-cu-duc-khai-duong-nguyen-luong-bang-phuong-phu-my-quan-7-thanh-pho-ho-chi-minh,"Chung cư Đức Khải đường Nguyễn Lương Bằng, Phường Phú Mỹ, Quận 7, Thành phố Hồ Chí Minh",1300000,20m²,"Nguyễn Lương Bằng, Phường Phú Mỹ, Quận 7, Thành phố Hồ Chí Minh","CHO THUÊ PHÒNG TRONG CĂN HỘ CHUNG CƯ ĐỨC KHẢI Q7 Trống nhiều phòng. Giá phòng từ 1tr3 - 4tr2 . Điện, nước, phí dịch vụ (bao gồm wifi, máy giặt, phí quản lý, vệ sinh,...): 350k/người Nếu phòng nào có máy lạnh thì có đồng hồ riêng, điện giá 3k5/kwh Chung cư có camera an ninh, bảo vệ, bãi để xe rộng,... Gần Đại học Tôn Đức Thắng , Đại học Tài chính - Marketing (UFM) , Cao đẳng GTVT ,... Đ/c: Nguyễn Lương Bằng, Phường Phú Mỹ, Quận 7 Liên hệ: 0367788988 - 0915346168",tromoi.com
https://tromoi.com/phong-tro/nha-tro-so-308-vanh-dai-trong-binh-hung-hoa-b-binh-tan-ho-chi-minh,"Nhà Trọ Số 308 Vành Đai Trong, Bình Hưng Hòa B, Bình Tân, Hồ Chí Minh",3000000,30m²,"308 Vành Đai Trong, Binh Hưng Hoà B, Bình Tân, Hồ Chí Minh","CHÍNH CHỦ CHO THUÊ PHÒNG TRỌ TẠI QUẬN BÌNH TÂN -Địa Chỉ: 308 Vành Đai Trong, Bình Hưng Hòa B, Bình Tân -Giá: 3tr - 4tr5, Hiện đang trống 5 phòng -Liên hệ chị Nhung: 0932732131 Call/Zalo (Chính Chủ) -Nội thất: Máy lạnh, giường nệm, tủ đồ, bàn ghế, cửa sổ lớn, vệ sinh trong -Điện 4k, Nước 100k, Dịch vụ 200k -Có sân thượng phơi đồ, có máy giặt chung -Giờ giấc tự do, không chung chủ, bãi xe riêng -Khu trọ nằm ngay mặt tiền đường lớn -Gần các cửa hàng tiện lợi, aeon mall bình tân -Thuận tiện di chuyển qua quận 5, quận 6, quận 10, quận 11 -Hợp đồng tối thiểu 6 tháng, cọc 1 tháng",tromoi.com
https://tromoi.com/phong-tro/nha-tro-18-5-nguyen-hoi-an-lac-binh-tan-ho-chi-minh,"Nhà Trọ 18/5 Nguyễn Hới, An Lạc, Bình Tân, Hồ Chí Minh",3300000,18m²,"18 Nguyễn Hới, An Lạc, Bình Tân, Hồ Chí Minh","CHÍNH CHỦ CHO THUÊ PHÒNG TRỌ TẠI QUẬN BÌNH TÂN -Địa chỉ: Số 18/5 Nguyễn Hới, An Lạc, Bình Tân -Giá: 3tr3 - 4tr5, Hiện trống 2 phòng -Liên hệ chị Nhung: 0932732131 Call/Zalo (Chính Chủ) -Nội thất: Giường, nệm, máy lạnh, tivi, tủ lạnh, máy giặt, thang máy -Giờ giấc tự do, không chung chủ, camera 24/7, bãi giữ xe 24/7 DỊCH VỤ Điện: 4k/kwh Nước: 100k/người Dịch Vụ Chung: 200k/phòng -Cửa vân tay,môi trường sống văn minh, khu vực an ninh, hẻm rộng -Ngay bến xe miền tây, gần siêu thị aeon mall tên lửa, chợ -Gần bệnh viện triều an, gần trường đại học kinh tế, đại học giao thông vận tải. -Gần vòng xoay Phú lâm, liền kề quận 6. tiện ích xung quanh đầy đủ. -Khu vực giặt,sân phơi ,bếp chung tầng thượng.",tromoi.com
https://tromoi.com/phong-tro/nha-tro-duong-so-3-an-khanh-quan-2-thanh-pho-ho-chi-minh,CHO THUÊ PHÒNG QUẬN 2,4000000,20m²,"Đường số 3, An Khánh, Quận 2, Thành phố Hồ Chí Minh","CHO THUÊ PHÒNG TRỌ ĐƯỜNG SỐ 3, PHƯỜNG AN KHÁNH, TP. THỦ ĐỨC (Q.2 CŨ) Phòng có sẵn giường, bàn, bếp, WC riêng sạch sẽ. Không gian thoáng mát, yên tĩnh, an ninh tốt , phù hợp cho 1–2 người ở . Tiện ích nổi bật: Giờ giấc tự do, ra vào bằng thẻ từ an toàn Có chỗ để xe riêng Điện, nước tính riêng theo mức sử dụng thực tế Giá thuê: 4.000.000đ/tháng Địa chỉ: Đường số 3, Phường An Khánh, TP. Thủ Đức (Quận 2 cũ), TP. HCM Liên hệ: 0798 289 399 (Anh Đức)",tromoi.com
https://tromoi.com/phong-tro/phong-master-trong-can-ho-cao-cap-q7-riverside,Phòng master cửa sổ trong căn 2 phòng ngủ Q7 Riverside,5500000,20m²,"Đào Trí, Phường Phú Mỹ, Quận 7, Thành phố Hồ Chí Minh","- Mình cần pass lại hợp đồng phòng master trong căn 2 phòng ngủ Q7 Riverside. - Phòng mới bóc seal - Có rèm, máy nước nóng, máy lạnh và tủ quần quần áo - Có máy giặt, tủ lạnh, ti vi, sofa, ban công rộng,... - Nhiều tiện ích nội khu: hồ bơi, nhà hàng, siêu thị, nhà thuốc, sân pickle ball,...",tromoi.com
https://tromoi.com/phong-tro/ky-tuc-xa-duong-tran-thi-nghi-phuong-7-quan-go-vap-thanh-pho-ho-chi-minh,"Ký túc xá và Sleepbox đường Trần Thị Nghĩ, Khu City land, Phường 1, Quận Gò Vấp, Thành phố Hồ Chí Minh",1900000,25m²,"Trần Thị Nghĩ, Phường 1, Gò Vấp, Thành phố Hồ Chí Minh","KÝ TÚC XÁ VÀ SLEEPBOX CAO CẤP – KHU CITYLAND GÒ VẤP Giá chỉ từ 1.9tr – 2.5tr/giường/box (bao trọn gói) 1tr9/giường tầng 2tr5/giường duplex cao cấp. 2tr5/box (đối với Sleepbox) Không gian sống tiện nghi, sạch sẽ, riêng tư giữa khu CityLand yên tĩnh, nhiều cây xanh. Tiện nghi nổi bật: Trang thiết bị mới, hiện đại: điều hòa, giường riêng tư (đầy đủ gối, ga, nệm, tủ cá nhân, bàn học, đèn học). Có máy giặt, bếp điện, tủ lạnh, máy lọc nước, bình đun siêu tốc . Bảo vệ, camera 24/24 , ra vào bằng khóa vân tay , giờ giấc tự do . Dịch vụ dọn vệ sinh từng phòng hàng tuần , nhà để xe rộng rãi. Vị trí thuận tiện: Gần Công viên Gia Định, Vincom, Emart Phan Văn Trị, ĐH Công Nghiệp, Dễ dàng di chuyển sang Bình Thạnh, Thủ Đức, Phú Nhuận . Liên hệ ngay Phi – 0355 555 647",tromoi.com
https://tromoi.com/phong-tro/nha-tro-tai-7b3-8b3-khu-pho-3a-phuong-thanh-loc-quan-12-ho-chi-minh,"Nhà Trọ Tại 7B3-8B3, Khu phố 3A, Phường Thạnh Lộc, Quận 12, Hồ Chí Minh",2800000,20m²,"7B3-8B3 khu phố 3A, Thạnh Lộc, Quận 12, Hồ Chí Minh","CHO THUÊ PHÒNG TRỌ KHÉP KÍN MỚI XÂY - FULL NỘI THẤT - NGAY CẦU VƯỢT NGÃ TƯ GA Địa chỉ: 7B3-8B3, Khu phố 3A, Phường Thạnh Lộc, Quận 12, TP. Hồ Chí Minh (Đường trước nhà 10m, gần cầu vượt Ngã Tư Ga – thuận tiện đi lại, gần trạm xe buýt) Phòng mới xây, sạch sẽ – FULL NỘI THẤT gồm: – Giường, tủ, bàn ghế – Máy lạnh – Máy giặt – Vệ sinh riêng từng phòng – Ra vào bằng vân tay, có camera an ninh & hệ thống PCCC đạt chuẩn Giá thuê chỉ từ: 2,800,000đ/tháng Chi phí khác: – Điện: 3.500đ/kWh – Nước: 70.000đ/người/tháng – Dịch vụ: 100.000đ/phòng/tháng Giờ giấc tự do – Không chung chủ – An ninh tuyệt đối Liên hệ: 0979387991 (anh Tùng) Hoặc: 0372962726 (chú Sơn)",tromoi.com
https://tromoi.com/phong-tro/nha-tro-129-14b-le-dinh-can-tan-tao-binh-tan-thanh-pho-ho-chi-minh,Phòng trọ mới sạch sẽ Lê Đình Cẩn - Tân Tạo - Bình Tân,3000000,20m²,"129/14b Lê Đình Cẩn, Tân Tạo, Bình Tân, Thành phố Hồ Chí Minh","Hiện đang trống 2 phòng giá từ 3tr-3tr5 (P.trên lầu 3tr, phòng dưới trệt 3.5tr) Phòng mới - sạch - rộng, full nội thất Nằm trong khu dân cư yên tĩnh, gần trường học, cty, chợ Có sẵn: Wifi, máy lạnh, tủ lạnh, máy giặt, giường nệm, tủ bếp, tủ quần áo, wc khép kín,... Khu trọ có camera an ninh Phù hợp cho sinh viên, nhân viên văn phòng, cặp vợ chồng Cọc: 1 tháng Địa chỉ: 129/14b Lê Đình Cẩn, Tân Tạo, Bình Tân Liên hệ: 0909871154 - 0987010878 Ms Hồng",tromoi.com
https://tromoi.com/phong-tro/nha-tro-duong-pham-van-chieu-phuong-14-go-vap-1760320034,PHÒNG MỚI GIÁ RẺ – NHIỀU TIỆN ÍCH - AN NINH,4000000,35m²,"Phạm Văn Chiêu, Phường 14, Gò Vấp, Thành phố Hồ Chí Minh","Phòng rộng rãi, thoáng mát, có bancol đón gió/ giếng trời thông thoáng, ánh sáng tự nhiên. Trang bị sẵn: ❄️ Máy lạnh 🧺 Máy giặt 🧊 Tủ lạnh ☀️ Nước nóng năng lượng mặt trời 💨 Quạt trần ♨️ Bếp 🛏️ Giường, tủ quần áo, kệ sách 🧯 Hệ thống PCCC sịn sò 📸 Camera an ninh khắp nhà 📱 Mở cổng bằng app ✨ Phòng đã được sơn mới. Khu vực an ninh, sầm uất, giờ giấc tự do không chung chủ. Gần chợ, siêu thị, trường học và trạm xá – di chuyển cực kỳ thuận tiện. 💰 Giá thuê: 4.000.000 - 4.500.000đ/tháng. Phạm Văn Chiêu, Gò Vấp. 📞 Liên hệ ngay để xem phòng. Xin cảm ơn",tromoi.com
https://tromoi.com/phong-tro/nha-tro-so-1264-le-duc-tho-phuong-13-go-vap,ĐANG XÂY NHIỀU PHÒNG DÃY TRỌ GÁC CAO,2500000,26m²,"1264 Lê Đức Thọ, phường 13, Gò Vấp, Hồ Chí Minh","Cho sạc xe điện, được nấu ăn Phòng mới, cho nuôi pet Giờ tự do, hông chung chủ Không giới hạn người ở Nhận lắp thêm máy lạnh, tủ lạnh",tromoi.com
https://tromoi.com/phong-tro/ky-tuc-xa-so-69-38-11-nguyen-gia-tri-phuong-25-binh-thanh,"Ký Túc Xá Số 69/38/11 Nguyễn Gia Trí, Phường 25, Bình Thạnh",1850000,30m²,"69/38/11 Nguyễn Gia Trí, Phường 25, Bình Thạnh","KÝ TÚC XÁ NGAY ĐẠI HỌC HUTECH TẠI QUẬN BÌNH THẠNH -Địa chỉ: 69/38/11 Nguyễn Gia Trí, Phường 25, Bình Thạnh -Giá: 1.850.000/Tháng, Bao trọn gói, không phát sinh -Cọc: 3.000.000 Hợp đồng 1 năm -Lưu ý: Chỉ nhận sinh viên và ký hợp đồng 1 năm -Liên hệ xem phòng: 0974188183 Anh Linh (Chính Chủ) VỊ TRÍ Cách ĐH Hutech 200m Cách ĐH Ngoại Thương 300m Cách ĐH Giao Thông Vận Tải 350m Cách ĐH Hồng Bàng, ĐH UEF 500m TIỆN ÍCH PHÒNG Mỗi phòng từ 8-10 giường Phòng máy lạnh, quạt, quạt thông gió (có không gian riêng) Tủ quần áo(có khóa), tủ đựng đồ, kệ sách(có khóa), bàn học, đèn học Nệm cao su, drap, rèm mới KHU VỰC CHUNG Phòng ăn chung rộng rãi, bếp nấu đầy đủ Đầy đủ dụng cụ, tủ lạnh, tủ đông, chén, đũa, bếp điện, xoong, nồi cơm, lò vi sóng... Bàn ăn rộng rãi, mỗi tầng có thêm 1 bàn ăn ngoài hành lang Có khu máy giặt chung, khu phơi đồ rộng rãi, có mái che Giờ giấc tự do, không chung chủ PHÍ XE: Gửi bãi xe gần nhà cách 50m, giá 250k-300k/Chiếc/Tháng",tromoi.com
https://tromoi.com/phong-tro/nha-tro-tai-308-vanh-dai-trong-phuong-an-lac-quan-binh-tan-ho-chi-minh,"Pass Nhà Trọ Tại 308 Vành Đai Trong, Phường An Lạc, Quận Bình Tân, Hồ Chí Minh",3500000,30m²,"308 Vành Đai Trong, An Lạc, Bình Tân, Hồ Chí Minh","PASS PHÒNG TRỌ ĐẦY ĐỦ TIỆN NGHI – BÌNH TÂN, TP.HCM Địa chỉ: 308 Vành Đai Trong, Phường An Lạc, Quận Bình Tân, TP. Hồ Chí Minh Thông tin phòng: Có ban công thoáng mát Trang bị sẵn: tủ, máy giặt, điều hòa, bàn, nước nóng lạnh, bếp đầy đủ Phòng sạch sẽ, tiện nghi, chỉ cần dọn vào ở ngay Khu dân cư an ninh, yên tĩnh, thuận tiện đi lại Tiện ích xung quanh: Gần AEON Mall Bình Tân , Bến xe Miền Tây , Big C An Lạc Gần chợ An Lạc , Bách Hóa Xanh , Trường học các cấp Thuận tiện di chuyển ra Kinh Dương Vương , QL1A , Võ Văn Kiệt Khu vực đông dân, nhiều quán ăn, cửa hàng tiện lợi, dịch vụ xung quanh đầy đủ Liên hệ: 0399 765 394",tromoi.com
https://tromoi.com/phong-tro/nha-tro-1115-le-duc-tho-phuong-15-go-vap,PHÒNG GÁC BAN CÔNG MỚI TOANH,2800000,26m²,"1115 Lê Đức Thọ, phường 15, Gò Vấp, Hồ Chí Minh","Sẵn tủ bếp nấu ăn Cửa sổ ban công riêng thoáng Nhận lắp nội thất theo yêu cầu Có hầm đậu xe, máy giặt free Cho nuôi pet, ở không giới hạn người và xe",tromoi.com
https://tromoi.com/phong-tro/nha-tro-294-duong-so-8-phuong-11-go-vap,PHÒNG GÁC NGAY TRỆT CỬA SỔ LỚN THOÁNG,2600000,26m²,"294 đường Số 8, phường 11, Gò Vấp, Hồ Chí Minh","Sẵn tủ bếp 3 ngăn, sẵn máy lạnh tuỳ phòng Không chung chủ, giờ tự do, được nuôi pet Nhà xe rộng rãi, có camera an ninh",tromoi.com
https://tromoi.com/phong-tro/cho-thue-nha-nguyen-can-5-pn-tu-quan-8tr-khong-chung-chu,Cho thuê nhà nguyên căn 5 pn 2wc tự quản 8tr không chung chủ,8000000,120m²,"Hẻm Số 4, Bình Hưng Hòa, Bình Tân, Hồ Chí Minh","Cho thuê nhà riêng tự quản, 5 phòng ngủ (4x10 - 3 tầng), 2 wc- 8tr/thang có để xe, giờ giấc tự do, tự đóng điện nước, net, Hẻm Đường Số 4, Bình Hưng Hòa, Bình Tân, Hồ Chí Minh. Chủ vui vẻ thích người ở lâu dài tới tháng chuyển khoản tiền. Ngay cạnh trường mầm non và tạp hóa, gần chợ, trường học, 2km tới Aeon mall. liên hệ hoặc gọi zalo: Không chín không tám bốn năm bốn một tám tám Vào ở cuối tháng 10.",tromoi.com
https://tromoi.com/phong-tro/phong-tro-phuong-binh-chieu-tp-thu-duc,"Phòng trọ phường Bình Chiểu, TP Thủ Đức.",1100000,17m²,"04, Số 16, Bình Chiểu, Thủ Đức, Hồ Chí Minh","Cho thuê phòng trọ quận Thủ Đức. Phòng trọ 17m2 trong đó diện tích sàn 12m2 và diện tích gác 5m2. Khu cao ráo sạch sẽ. Gần khu công nghiệp Sóng Thần ( cầu vượt sóng Thần). Đường trước nhà rộng 6m, gần các tiện ích như : chợ, các hàng quán ... - Nhà tắm, toilet bên trong riêng biệt. - Nước 7,5 ngàn/khối. - Điện 2,5 ngàn /số. - Đặt cọc trước . Vui lòng gọi nếu có nhu cầu, không nhắn tin.",tromoi.com
https://tromoi.com/phong-tro/loc-apartment,PHÒNG NGAY TRỆT CỬA SỔ LỚN THOÁNG,2700000,26m²,"137 đường số 59, phường 14, Gò Vấp, Hồ Chí Minh","Được nấu ăn, cho nuôi pet Không chung chủ, giờ tự do Nhà xe rộng, camera an ninh",tromoi.com
https://tromoi.com/phong-tro/nha-tro-76-18-huynh-tan-phat-tan-thuan-quan-7-thanh-pho-ho-chi-minh,"Nhà trọ 76/18 Huỳnh Tấn Phát, Tân Thuận, Quận 7, Thành phố Hồ Chí Minh",2000000,30m²,"76/18 Huỳnh Tấn Phát, Tân Thuận, Quận 7, Thành phố Hồ Chí Minh","PHÒNG TRỌ GIÁ RẺ – NGAY CẦU TÂN THUẬN 1 Địa chỉ: 76/18 Huỳnh Tấn Phát, Phường Tân Thuận, Quận 7, TP.HCM Hiện còn 2 phòng trống: Phòng thứ nhất: Vị trí: Lầu 2 Diện tích: >30m² Kết cấu: 1 phòng ngủ, 1 phòng khách kèm gác ngủ, có toilet riêng Tiện ích: Có máy lạnh, phù hợp ở 3 – 4 người Giá: 3 triệu/tháng Phòng thứ hai: Diện tích: 20m² Kết cấu: Có toilet riêng, bếp riêng Giá: 2 triệu/tháng Tiện ích chung: Khu vực an ninh, trật tự Có camera chống trộm Vị trí ngay sát cầu Tân Thuận 1, thuận tiện đi lại Quận 1, Quận 4 Liên hệ chính chủ: Anh Nguyễn Hùng Khu – 0903 800 240",tromoi.com
https://tromoi.com/phong-tro/nha-tro-nu-171-106g-ton-dan-phuong-15-quan-4,"Nhà Trọ Nữ 171/106G Tôn Đản, Phường 15, Quận 4",3000000,22m²,"171/106G Tôn Đản, Phường 15, Quận 4","CHÍNH CHỦ CHO NỮ THUÊ PHÒNG TRỌ GIÁ RẺ TẠI QUẬN 4 - Đối tượng cho thuê : Nữ -Địa chỉ: 171/106G tôn đản ,phường 15, quận 4 -Diện tích : 22m2 -Giá phòng : 3.000.000 vnđ/tháng -Nơi ở : tầng 1 thoáng mát sạch sẽ ,có sân thượng phơi đồ và sinh hoạt cá nhân -Phòng trọ : có máy lạnh , có wifi ,thuận tiện di chuyển ra trung tâm quận 1 và quận 7 , cách chợ 2 phút đi bộ .Cam kết giá tiền đi đôi với chất lượng nơi ở . -Có thể đến xem phòng trước nhé. -Sđt liên hệ : 0775480188 (chị Lan Anh)---0903638621 (chú Đức)",tromoi.com
https://tromoi.com/phong-tro/thanh-tuyen,Nhà trọ mới phù hợp từ 3-4 người ở,4000000,36m²,"Ngô Chí Quốc, Bình Chiểu, Thủ Đức, Hồ Chí Minh","CHO THUÊ PHÒNG TRỌ MỚI XÂY – NGÔ CHÍ QUỐC, THỦ ĐỨC • Diện tích: 36m² + gác đúc chắc chắn • Thiết kế: hiện đại, rộng rãi, thoáng mát • Ở được 3–4 người thoải mái • An ninh khu vực cao, yên tĩnh, dân trí tốt • Phòng mới xây 100% Tiện nghi đi kèm: • Máy lạnh, quạt trần, cửa sổ thoáng • Nhà vệ sinh riêng, khu vực nấu ăn tiện lợi • Wifi tốc độ cao miễn phí • Camera an ninh 24/24 • Có chỗ để xe rộng rãi, an toàn • Giờ giấc tự do, chìa khóa riêng • Đồng hồ điện - nước riêng cho từng phòng 📍 Vị trí: Ngô Chí Quốc, Thủ Đức – gần chợ, siêu thị, trường học, giao thông thuận tiện. 👉 Thích hợp cho nhóm bạn, nhân viên văn phòng.",tromoi.com
https://tromoi.com/phong-tro/ktx-sinh-vien,Sleepbox giá rẻ cho sinh viên và người đi làm độc thân,1600000,200m²,"53 đường số 5 , 26, Bình Thạnh, Hồ Chí Minh","Giờ giậc tự do, máy lạnh 24/24, mặt tiền đường 6m, khu trung tâm tiện ích đầy đủ.",tromoi.com
https://tromoi.com/phong-tro/nha-tro-105-107-ho-ba-kien-phuong-15-quan-10-thanh-pho-ho-chi-minh,"Nhà Trọ 105-107 Hồ Bá Kiện, Phường 15, Quận 10, Thành Phố Hồ Chí Minh",2800000,18m²,"105-107 Hồ Bá Kiện, Phường 15, Quận 10, Thành Phố Hồ Chí Minh","CHÍNH CHỦ CHO THUÊ NHÀ TRỌ CAO CẤP TẠI QUẬN 10 -Địa chỉ: 105-107 Hồ Bá Kiện, Phường 15, Quận 10 -Giá: 2tr8-3tr5, Hiện trống 2 phòng -Diện tích: 18m2 -Liên hệ: 0909013660 Chị hiền (Chính Chủ) -Nội thất: Giường, Nệm, tủ lạnh, máy giặt, tủ đồ, máy lạnh, có thang máy -Nhà vệ sinh riêng, bãi xe riêng, sân phơi đồ, phòng rộng rãi, sạch sẽ -Điện: 4k/kw, Nước: 100k, Dịch vụ chung: 200k -Giờ giấc tự do, không chung chủ, an ninh, yên tĩnh -Hệ thống PCCC đảm bảo an toàn, khu vực đông người -Gần ĐH Bách Khoa, ĐH HUFLIT, ĐH Y Khoa Phạm Ngọc Thạch, ĐH Y Dược -Thuận tiện di chuyển qua quận 1,3,5,6,11",tromoi.com
https://tromoi.com/phong-tro/goc-pass-phong-tro,Góc Pass phòng trọ,3900000,30m²,"Âu Cơ, Phường 9, Tân Bình, Thành phố Hồ Chí Minh","Giá: 3.900.000₫ Âu Cơ, Quận Tân Bình, gần vòng xoay Lê Đại Hành Diện tích (30m2) - Cửa sổ hành lang Toilet (Riêng), Máy lạnh, Kệ bếp, Bồn rửa chén, tủ lạnh, máy nước nóng, có máy giặt chung Điện: 3.800₫ /Kwh, Nước: 100k/ng/phòng, Phí dịch vụ: 100.000₫ /Phòng, Xe máy: 100.000/xe, Wifi free Phòng ngay gần cửa hàng tiện lợi, siêu thị mini Winmart, hiệu thuốc, đi bộ là đến, ko cần xe máy. Mình có việc về quê nên cần pass lại phòng",tromoi.com
https://tromoi.com/phong-tro/nha-tro-duong-nguyen-thai-son-phuong-5-go-vap,"Phòng Mới Đẹp Sát ĐH Văn Lang 1PN, Tách Bếp Riêng Biệt, Ban Công Thoáng Mát Full Nội Thất, Máy Giặt Riêng Chỉ Việc Dọn Vào Là Ở",6600000,30m²,"Nguyễn Thái Sơn, 5, Gò Vấp, Hồ Chí Minh","Phòng Mới Đẹp Sát ĐH Văn Lang 1PN, Tách Bếp Riêng Biệt, Ban Công Thoáng Mát Full Nội Thất, Máy Giặt Riêng Chỉ Việc Dọn Vào Là Ở - Cam Kết Đúng Hình, Đúng Giá - Sát DH VLU, Gần DH IUH, Kế Phạm Văn Đồng, Thuận Tiện Di Chuyển Sang Thủ Đức, Bình Thạnh, Phú Nhuận - LH: Đạt",tromoi.com
https://tromoi.com/phong-tro/hem-457-nguyen-canh-chan-phuong-cau-ong-lanh-quan-1,Cho thuê phòng trọ trung tâm quận 1,3000000,18m²,"Hẻm 457 Nguyễn Cảnh Chân, Cầu Ông Lãnh, Quận 1, Thành phố Hồ Chí Minh","Phòng đẹp, có cửa sổ, hẻm xe hơi trung tâm quận nhất. Đầy đủ nội thất, Vệ sinh trong phòng . Có sân phơi, máy giặt dùng chung. Đi về tự do. Xe để ở tầng trệt. Điện : 10.000đ/ kw Nước: 4000đ/ người Liên hệ: cô Diệu: 0909.903.157",tromoi.com
https://tromoi.com/phong-tro/tim-ban-o-ghep-share-phong-chung-cu-citisoho-quan-2,"Ở GHÉP/ SHARE PHÒNG CHUNG CƯ Citisoho, Quận 2 TP. Thủ Đức",3500000,55m²,"35, Cát Lái, Quận 2, Hồ Chí Minh","📢 GÓC Ở GHÉP/ SHARE PHÒNG CHUNG CƯ Citisoho, Quận 2 TP. Thủ Đức 🔑 Cho thuê 01 phòng ngủ trong căn hộ 2PN 💰 Giá thuê: - Ở ghép 1:1 1tr750/người/tháng - Thuê nguyên phòng 3tr500/phòng/tháng Có thể dọn vào ngay 🏠 Thông tin phòng: - Phòng có tủ quần áo, máy lạnh. TOÀN KHU VỰC NÀY KHÔNG NGẬP NƯỚC 🏊🏊 - Căn hộ 2PN 2WC, căn góc, tầng cao, hướng Đông Nam, thoáng mát - Đầy đủ tiện nghi: máy lạnh, máy nước nóng, tủ lạnh, máy giặt, bếp... 💵 Chi phí: phí QL, wifi, gửi xe, điện nước giá nhà nước, hồ bơi free. 🛍 Tiện ích: quán ăn, siêu thị, nhà thuốc ngay dưới nhà, an ninh, yên tĩnh. Có tuyến xe buýt ngay dưới chung cư. ✨ Mình mong tìm được bạn ở cùng dễ thương, sòng phẳng trong tiền bạc và cùng nhau giữ gìn vệ sinh, không gian chung gọn gàng, sạch sẽ.",tromoi.com
https://tromoi.com/phong-tro/phong-tro-full-noi-that-su-dung-tien-ich-tai-khu-do-thi-lake-view,"Phòng trọ Full Nội Thất, sử dụng tiện ích tại Khu đô thị Lake View",6000000,30m²,"Song Hành, An Phú, Quận 2, Thành phố Hồ Chí Minh","Cần sang lại phòng trọ cũ tại Khu đô thị Lakeview, An Phú, quận 2. Gần vòng xoay An Phú, đường Đỗ Xuân Hợp. Tình trạng: Phòng còn mới, full nội thất (tủ lạnh, ti vi, máy lạnh, bàn, tủ, máy giặt, máy sấy), bếp riêng bao rộng. Ưu điểm: phòng còn mới, không gian xung quanh có hồ, công viên rộng và mát mẻ. Hợp đồng thuê còn 5 tháng. Cọc 1 tháng rưỡi. Bạn nào quan tâm thì liên hệ mình để trao đổi nhé. SĐT: 0896402540",tromoi.com
https://tromoi.com/phong-tro/nha-tro-duong-pham-van-chieu-phuong-14-go-vap,PHÒNG BAN CÔNG GIÁ RẺ RỘNG RÃI,2900000,24m²,"Phạm Văn chiêu, 14, Gò Vấp, Hồ Chí Minh","Cho nấu ăn, nhận lắp nội thất theo yêu cầu Không chung chủ, giờ tự do, được nuôi pet Có sân thượng, nhà xe rộng, cổng vân tay Ở không giới hạn người và xe",tromoi.com
https://tromoi.com/phong-tro/nha-tro-duong-tan-tuc-binh-chanh-ho-chi-minh,Tìm 1 Hoặc 2 Bạn Nữ Ở Ghép Chung Cư Tại Bình Chánh,3000000,59m²,"Tân Túc, Bình Chánh, Hồ Chí Minh","CẦN TÌM 1 HOẶC 2 BẠN NỮ Ở GHÉP CHUNG CƯ TẠI BÌNH CHÁNH -Địa chỉ: Đường Tân Túc, Bình Chánh, Hồ Chí Minh -Giá: 3.000.000đ/tháng (dành cho 1–2 người, có thể thương lượng) -Ưu tiên: sinh viên / nhân viên văn phòng MÔ TẢ Chung cư 2 phòng ngủ, còn 1 phòng trống có nhà vệ sinh riêng. Phòng riêng ở 1–2 người phần còn lại (bếp, phòng khách, ban công) dùng chung. Căn hộ đã có tủ lạnh, máy giặt; có thể lắp thêm đồ nếu cần. CHI PHÍ HÀNG THÁNG( ƯỚC TÍNH ) Điện + Nước: Khoảng ~240k/tháng Phí dịch vụ: 300k/tháng (căn hộ) Gửi xe: ~140k/tháng -Phòng còn lại trong căn hộ đang có 2 bạn nữ sinh viên ở (thân thiện, sạch sẽ). -Giờ giấc tự do, thoải mái -Ghi chú: Giá có thể thương lượng nhẹ cho người ở lâu dài hoặc sinh viên",tromoi.com
https://tromoi.com/phong-tro/nha-tro-duong-doan-van-bo-phuong-16-quan-4,Trọ Windy Home,3400000,18m²,"Đoàn Văn Bơ, 16, Quận 4, Hồ Chí Minh","Không gian thân thiện - Ở đây như ở nhà Nhà trọ 3 tầng nằm ở Đoàn Văn Bơ, p.16, Q4, HCM, với 4PN và 3WC, cực chill cho sinh hoạt. Dịch vụ tuyệt vời Tiện nghi đầy đủ! Wifi FREE Lướt web mượt mà Gửi xe FREE An tâm di chuyển Bếp, giặt đồ, tủ lạnh đầy đủ như ở nhà Hỗ trợ xe điện tiện lợi đi lại + Giá chỉ từ 3,4 triệu VND, quá hời cho không gian thoải mái này. + Diện tích 18m², đủ để sống ảo và tận hưởng. + Mặt tiền 3m, dễ dàng cho việc kinh doanh, nếu cần. + Ngõ vào rộng 3m, thoải mái để xe cộ ra vào. + Thời gian cho thuê linh hoạt, tối thiểu 6 tháng, dễ dàng cho kế hoạch sống. Gần trường học, gần chợ/supermarket, có công viên để thư giãn. ------------------------------------------------------- Dịch vụ tốt Không lo chi phí Đặt ngay hôm nay để nhận ưu đãi! Liên hệ ngay 0934 561 *** với Lee Kim để xem nhà!",tromoi.com
https://tromoi.com/phong-tro/nha-tro-nu-duong-ton-that-thuyet-phuong-3-quan-4,"Nhà Trọ Nữ Tôn Thất Thuyết, Phường 3, Quận 4",3500000,12m²,"231/19 Tôn Thất Thuyết, Phường 3, Quận 4","CHÍNH CHỦ CHO NỮ THUÊ PHÒNG TRỌ ĐẦY ĐỦ TIỆN NGHI TẠI QUẬN 4 -Địa chỉ: 231/19 Tôn Thất Thuyết, Phường 3, Quận 4 -Giá: 3tr5/Tháng, hiện trống 2 phòng -Liên hệ xem phòng: 0938523696 Chị Thảo (Chính Chủ) PHÒNG RỘNG RÃI, TIỆN NGHI ĐẦY ĐỦ: Ưu tiên sinh viên hoặc người đã đi làm Có máy lạnh, nước nóng, giường ngủ Phòng vệ sinh riêng, sạch sẽ Có chỗ đậu xe trong nhà, sân phơi thoáng mát Cho nấu ăn trong phòng Miễn phí wifi tốc độ cao Không ngập, không muỗi DỊCH VỤ: Điện: 3.700đ/kWh (đồng hồ riêng) Nước: 100.000đ/người/tháng QUY ĐỊNH VÀ ĐIỀU KIỆN: Ở tối đa 2 người/phòng. Không nuôi thú cưng, không làm ồn, giữ vệ sinh chung. Ở chung chủ (chủ thân thiện, dễ thương 😊). Giờ giấc: Đóng cửa lúc 12h đêm, mở cửa lúc 6h sáng. Gần chợ, bệnh viện, siêu thị, trường học, khu dân cư an ninh, yên tĩnh LƯU Ý: Xem phòng thoải mái trước khi quyết định. Cọc 1 tháng, có thể chuyển vào ở ngay. Ở dưới 6 tháng sẽ không hoàn cọc.",tromoi.com
https://tromoi.com/phong-tro/nha-tro-xa-lo-dai-han-tan-tao-binh-tan-ho-chi-minh,"?Ký túc xá/phòng trọ Quận Tân Bình giá rẻ Bao điện nước, sạc được xe điện, có khắp HCM",500000,30m²,"Xa Lộ Đại Hàn, Tân Tạo, Bình Tân, Hồ Chí Minh","📍 Vị trí: Xa lộ Đại Hàn , Phường Tân Tạo, Quận Bình Tân, TP.HCM 💵 Giá thuê: Chỉ từ 500.000đ/tháng – bao điện nước, không cọc, không môi giới Phòng riêng chỉ từ 2 triệu ✅ Tiện ích nổi bật: Không gian sống đầy đủ: Giường tầng thoáng mát, có ổ cắm, bàn làm việc riêng, máy lạnh & quạt Sinh hoạt tiện lợi: Ăn uống, tắm rửa, nghỉ ngơi đầy đủ; có máy giặt, rửa xe, bơm xe, áo mưa, nước đá, nước lọc miễn phí Sạc xe điện nhanh chóng: Khách ngoài vẫn có thể sạc – chỉ cần liên hệ Không gian sạch sẽ: Có chỗ đổ rác, treo đồ, để đồ gọn gàng Giờ giấc tự do, phù hợp với sinh viên, người đi làm, tài xế xe điện 🎯 Phù hợp với: Sinh viên, học sinh cần chỗ nghỉ ngơi, học tập Người dùng xe điện cá nhân Nhóm bạn trẻ cần nơi ở tiết kiệm, tiện nghi 📞 Liên hệ ngay để tư vấn và đặt lịch xem phòng miễn phí: 📲 Ưu tiên nhắn tin Zalo để được trả lời nhanh nhất: 0888388034 🔒 Cam kết thật 100% – thông tin đúng, giá đúng, còn phòng thật.",tromoi.com
https://tromoi.com/phong-tro/nha-tro-566-88-nguyen-thai-son-5-go-vap-ho-chi-minh,"Duplex 35m2 căn hộ 566 Nguyễn Thái Sơn, Gò Vấp - gần VLU, IUH",7500000,35m²,"566/88 Nguyễn Thái Sơn, 5, Gò Vấp, Hồ Chí Minh","Cho thuê phòng trọ Duplex ngay sau VLU, gần IUH Vị trí: 566 Nguyễn Thái Sơn - Gò Vấp Ưu đãi: 7tr5/tháng, 3 tháng đầu giảm 1 triệu còn 6tr5 Tiện ích & nội thất: - Phòng mới xây, sạch đẹp, còn rất mới - Máy giặt chung trên sân thượng - Có sẵn tủ lạnh, nệm, bàn ăn, ban công thoáng mát",tromoi.com
https://tromoi.com/phong-tro/phong-tro-tai-phuong-13-quan-6-ho-chi-minh,"Phòng Trọ Tại Phường 13, Quận 6, Hồ Chí Minh",4600000,15m²,"Bà Hom, 13, Quận 6, Hồ Chí Minh","🏠 CHO THUÊ NHÀ NHỎ RIÊNG BIỆT – BÀ HOM, QUẬN 6 🚗 Hẻm xe hơi vào tận nhà, hẻm thông tiện di chuyển. ⚡ Điện nước giá nhà nước, tiết kiệm chi phí. 🌿 Nhà có ban công thoáng mát. 📍 Vị trí: gần Vòng xoay Phú Lâm , xung quanh đầy đủ tiện ích: phố ẩm thực, Galaxy, chợ Phú Lâm,... 💰 Giá thuê: 4.600.000đ/tháng ❌ Không tiếp môi giới. 📞 Liên hệ chính chủ: 0937 287 844 (Ít online, vui lòng gọi trực tiếp để xem nhà).",tromoi.com
https://tromoi.com/phong-tro/nha-tro-tai-so-21-ba-diem-10-hoc-mon-ho-chi-minh,"Nhà Trọ Tại Bà Điểm, Hóc Môn, Hồ Chí Minh",2400000,25m²,"10A, Bà Điểm, Hóc Môn, Hồ Chí Minh","Căn hộ nhỏ xinh 25m² tại Bà Điểm - Chỉ 2.4 triệu/tháng Mình đang cho thuê căn hộ nhỏ xinh 25m² tại Bà Điểm, cực kỳ phù hợp cho sinh viên, công nhân hoặc các bạn trẻ muốn có chốn riêng gần tiện ích. Căn hộ sạch sẽ, thoáng mát, giá cả phải chăng. 🏠 Về căn hộ Căn hộ diện tích 25m² được thiết kế đơn giản nhưng vẫn đảm bảo đầy đủ tiện nghi cần thiết. Không gian nhỏ xinh, gọn gàng, thích hợp cho một người hoặc một cặp đôi trẻ. Xung quanh có đầy đủ các tiện ích như chợ, siêu thị, bệnh viện, trường học nên rất thuận tiện sinh hoạt. 📍 Vị trí Căn hộ nằm ngay tại Bà Điểm, Hóc Môn, Hồ Chí Minh. Xung quanh có đầy đủ tiện ích như chợ, siêu thị, bệnh viện, trường học, công viên, bến xe bus. Đường sá đi lại rất dễ dàng, thuận tiện cho việc di chuyển. 💰 Giá thuê Giá thuê chỉ 2.4 triệu/tháng, một mức giá rất tốt cho một căn hộ nhỏ xinh như thế này. Anh chị nào quan tâm thì liên hệ mình để xem phòng và thỏa thuận nhé! Liên hệ: 0842099966 để xem phòng ngay!",tromoi.com
https://tromoi.com/phong-tro/nha-tro-56-4y-ap-nam-lan-ba-diem-hoc-mon-thanh-pho-ho-chi-minh,"Nhà trọ 56/4Y Ấp Nam Lân, Bà Điểm, Hóc Môn, Thành phố Hồ Chí Minh",1800000,12m²,"56/4Y Ấp Nam Lân, Bà Điểm, Hóc Môn, Thành phố Hồ Chí Minh","CHÍNH CHỦ CHO THUÊ PHÒNG TRỌ TẠI HÓC MÔN Địa chỉ: 56/4Y Ấp Nam Lân, xã Bà Điểm, Hóc Môn Giá thuê: 1.800.000đ/tháng Số lượng: 7 phòng Diện tích: 10–12m², có phòng rộng 15m² Phòng có gác, không gian riêng tư, thoáng mát Liên hệ: Mai Phượng – 0939 438 692",tromoi.com
https://tromoi.com/phong-tro/nha-tro-duong-ben-me-coc-phuong-15-quan-8,Phòng Trọ Gia Cát Tại Quận 8,2200000,15m²,"Bến Mễ Cốc, 15, Quận 8, Hồ Chí Minh","Cho thuê phòng 15m² tại Bến Mễ Cốc, Quận 8, giá chỉ 2.2 triệu Mình đang cho thuê phòng 15m² tại Bến Mễ Cốc, Quận 8, rất lý tưởng cho sinh viên, công nhân, nhân viên văn phòng hoặc gia đình trẻ. Phòng sạch sẽ, tiện nghi đầy đủ, giá cả phải chăng, rất đáng để xem. 🏠 Về phòng Phòng nhỏ nhắn nhưng đầy đủ tiện nghi cần thiết: wifi, phòng tắm riêng, bình nóng lạnh, máy giặt, tủ áo quần, ban công/sân thượng, camera an ninh. Đủ chỗ để đồ đạc, thoải mái sinh hoạt. 📍 Vị trí Nằm ngay tại Bến Mễ Cốc, Quận 8, Hồ Chí Minh, rất thuận tiện cho việc đi học, đi làm. Xung quanh có chợ, siêu thị, bệnh viện, trường học, công viên, bến xe bus, và trung tâm thể dục thể thao, rất đầy đủ tiện ích cho cuộc sống. 💰 Giá thuêu Giá thuê chỉ 2.2 triệu/tháng, bao gồm đầy đủ các tiện ích đã đề cập. Cọc 1 tháng. Mình rất mong được gặp những người thuê phòng phù hợp. Liên hệ Gia Cát để xem phòng ngay!",tromoi.com
https://tromoi.com/phong-tro/nha-tro-tai-496-99-duong-quang-ham-phuong-6-quan-go-vap-ho-chi-minh,"Nhà Trọ Tại 496/99 Dương Quảng Hàm, Phường 6, Quận Gò Vấp, Hồ Chí Minh",2800000,25m²,"Dương Quảng Hàm, 6, Gò Vấp, Hồ Chí Minh","KHAI TRƯƠNG PHÒNG MỚI XÂY – VÀO Ở NGAY Địa chỉ: 496/99 Dương Quảng Hàm, P6, Quận Gò Vấp, TP.HCM Giá chỉ: 2,8 triệu/phòng Nội thất: có tủ bếp Phòng mới 100%, có cửa sổ thoáng mát Giờ giấc tự do, không chung chủ Ra vào khóa vân tay, camera an ninh 24/7 Free gửi xe Check in ở liền: 01/10/2025 Giữ phòng từ 01 – 05/10/2025 Tiện ích xung quanh: Gần Công viên Gò Vấp, Công viên Gia Định Siêu thị Vincom Gò Vấp, Emart, Lotte, Bách Hóa Xanh Chợ Gò Vấp, nhiều cửa hàng ăn uống – dịch vụ Giao thông thuận tiện: gần ngã ba Dương Quảng Hàm – Nguyễn Thái Sơn, có tuyến xe buýt 146 & 161 Liên hệ: 0981 997 631 (Mạnh) – hỗ trợ xem phòng & tìm phòng",tromoi.com
https://tromoi.com/phong-tro/nha-tro-duong-binh-loi-13-binh-thanh-ho-chi-minh,DỰ ÁN MỚI NGAY ĐH VLU,4700000,20m²,"Bình Lợi, 13, Bình Thạnh, Hồ Chí Minh","🔥 DỰ ÁN MỚI – 100 PHÒNG SIÊU HOT 🔥 📍 Vị trí: Đặng Thuỳ Trâm – Bình Lợi, ngay cạnh ĐH Văn Lang CS3 ✨ Ưu điểm nổi bật: • 90 phòng mới full nội thất: máy lạnh, giường, tủ, kệ bếp, WC riêng • Diện tích đa dạng: từ 18m² – 20m2 • Có thang máy, hầm để xe rộng rãi, camera an ninh 24/7 • Internet tốc độ cao, toà nhà thiết kế hiện đại • Giờ giấc tự do, không chung chủ 💰 Giá siêu ưu đãi: (phù hợp SV & NVVP) 👉 Vị trí vàng: ngay ĐH Văn Lang CS3, di chuyển sang Hutech, GTVT, Ngoại Thương chỉ 5-10 phút.",tromoi.com
https://tromoi.com/phong-tro/phan-thanh,"Nhà Trọ Tại Trần Xuân Soạn, Tân Hưng, Quận 7, Hồ Chí Minh",5000000,45m²,"793/35/13 Trần Xuân Soạn, Tân Hưng, Quận 7, Hồ Chí Minh","CHO THUÊ PHÒNG TRỌ – TRẦN XUÂN SOẠN, QUẬN 7 Địa chỉ: 793/35/13 Trần Xuân Soạn, Phường Tân Hưng, Quận 7, TP.HCM Thông tin phòng: Cần cho thuê 2 phòng, diện tích 20–25m², có ban công, full nội thất. Có giường nệm, tủ quần áo, điều hòa, bàn làm việc. Phòng 25m² có ban công riêng, toilet riêng trong phòng. Giá thuê: 5 triệu/tháng. Tiện ích xung quanh: Cách Siêu thị Lotte Mart Quận 7 và trung tâm Quận 1 chỉ 5–10 phút di chuyển. Gần chợ, cửa hàng tiện lợi, trường học, ngân hàng. Khu vực an ninh, dân cư đông đúc, giao thông thuận tiện. Liên hệ: Anh Phan Thành – 0376 210 496",tromoi.com
https://tromoi.com/phong-tro/416-au-co,"Nhà Trọ Tại 416 Âu Cơ, Phuòng 10, Quận Tân Bình, Hồ Chí Minh",4000000,25m²,"Âu Cơ, 10, Tân Bình, Hồ Chí Minh","CHÍNH CHỦ CHO THUÊ PHÒNG TRỌ – 416 Âu Cơ, Phường 10, Tân Bình, TP. Hồ Chí Minh Diện tích: 25m², có cửa sổ thoáng mát Nhà mới, full nội thất cao cấp: máy lạnh, tủ lạnh Giờ giấc tự do, không chung chủ Giá thuê: 4 triệu/tháng, vào ở ngay Chi phí: Điện: 3.500đ/kWh Nước: 100.000đ/người Wifi + rác: 100.000đ/phòng Vị trí & tiện ích xung quanh: Gần Đại học Văn Hiến, chợ Trần Văn Quang Thuận tiện di chuyển các trục đường lớn: Âu Cơ, Lạc Long Quân, Trường Chinh Bao quanh nhiều quán ăn, café, cửa hàng tiện lợi, siêu thị mini Gần ngân hàng, trạm y tế, công an phường đảm bảo an ninh & nhu cầu sinh hoạt Khu vực gần các dự án lớn như Centa Park Âu Cơ, tiện ích chung hiện đại Chỉ 10 phút ra sân bay Tân Sơn Nhất Liên hệ: 0918 033 122",tromoi.com
https://tromoi.com/phong-tro/nha-tro-duong-kinh-duong-vuong-an-lac-binh-tan-thanh-pho-ho-chi-minh,"Trọ 16m2 không gác ở Kinh Dương Vương, Q.Bình Tân",2400000,16m²,"Kinh Dương Vương, An Lạc, Bình Tân, Thành phố Hồ Chí Minh","Chi phí dịch vụ: Điện: 3.500đ/kWh Nước: 20.000đ/m³ Giữ xe: 120.000đ/xe/tháng Phí dịch vụ: 150.000đ/tháng Tiện ích: Giờ giấc tự do, không chung chủ Có thang máy di chuyển Hỗ trợ lắp máy lạnh (+300.000đ/tháng nếu cần)",tromoi.com
https://tromoi.com/phong-tro/nha-tro-tai-208-1a-phan-dang-luu-phuong-4-quan-phu-nhuan-ho-chi-minh,"Nhà Trọ Full Nội Thất Tại Phan Đăng Lưu, Phường 4, Quận Phú Nhuận, Hồ Chí Minh",5300000,25m²,"Phan Đăng Lưu, 4, Phú Nhuận, Hồ Chí Minh","CHO THUÊ PHÒNG ĐẦY ĐỦ TIỆN NGHI – PHAN ĐĂNG LƯU Vị trí: 208/1A Phan Đăng Lưu, Phường 4, Quận Phú Nhuận, Hồ Chí Minh Thuận tiện di chuyển sang Quận 1, Bình Thạnh, Tân Bình. Gần Ngã tư Phú Nhuận, Chợ Bà Chiểu, Bệnh viện Nhân dân Gia Định Dễ dàng đến Công viên Hoàng Văn Thụ, Công viên Gia Định, Sân bay Tân Sơn Nhất Xung quanh có siêu thị Nguyễn Kim Phú Nhuận, WinMart, nhiều cửa hàng tiện lợi, quán ăn uống, cà phê, trường học và khu văn phòng Diện tích: 25m² – Phù hợp cho 2–3 người ở. Tiện nghi đầy đủ: Máy lạnh, giường, tủ, bàn làm việc WC riêng, nước nóng lạnh Wifi mạnh, chỗ để xe rộng rãi Khóa vân tay hiện đại – An toàn tuyệt đối Giờ giấc tự do – Không chung chủ Giá thuê: 6.3 triệu/tháng (lầu) 5.2 triệu/tháng (trệt) Điện: 4.000đ/kWh Nước: 100.000đ/người/tháng Không phát sinh chi phí ẩn Liên hệ ngay để xem phòng!",tromoi.com
https://tromoi.com/phong-tro/phong-sleepbox-tai-53-duong-so-5-cu-xa-chu-van-an-phuong-26-quan-binh-thanh-tp-hcm,"Sleepbox Tại 53 Đường số 5, Cư Xá Chu Văn An, Phường 26, Quận Bình Thạnh, Hồ Chí Minh",1500000,20m²,"Chu Văn An, 26, Bình Thạnh, Hồ Chí Minh","CHO THUÊ SLEEPBOOK – CƯ XÁ CHU VĂN AN, QUẬN BÌNH THẠNH Địa chỉ: 53 đường số 5, Cư xá Chu Văn An, phường 26, quận Bình Thạnh, TP.HCM Giá thuê: Tầng trên: 1.500.000đ/tháng Tầng dưới: 1.600.000đ/tháng (Đã bao gồm tất cả chi phí: điện, nước, wifi, gửi xe…) Tiện ích nổi bật: Không phát sinh thêm, chỉ vào là ở Mỗi sleepbook có rèm che riêng tư, máy lạnh, bàn làm việc/học tập Khu bếp riêng có nồi cơm điện, máy giặt, chỗ phơi đồ rộng rãi Bãi đậu xe riêng, có sạc xe điện Camera an ninh, khóa vân tay, giờ giấc tự do Mặt tiền đường nhựa 6m, không gian yên tĩnh, an toàn Khu vực xung quanh: Gần siêu thị Co.opmart Chu Văn An, Coop Food, cửa hàng tiện lợi, chợ Xóm Mới Cạnh các trường học: Tiểu học Chu Văn An, THCS Lê Văn Tám, Đại học HUTECH, Văn Lang, Giao Thông Vận Tải, Hồng Bàng Thuận tiện di chuyển, nhiều quán ăn – dịch vụ: hồ bơi, phòng gym, spa… Liên hệ: 0354 563 438",tromoi.com
https://tromoi.com/phong-tro/nha-tro-hem-10-18-8-dang-van-ngu-phuong-10-phu-nhuan,"Nhà Trọ Hẻm 10/18/8 Đặng Văn Ngữ, Phường 10, Phú Nhuận",4100000,30m²,"10/18/8 Đặng Văn Ngữ, Phường 10, Phú Nhuận","CHO THUÊ PHÒNG – ĐẶNG VĂN NGỮ, PHÚ NHUẬN Địa chỉ: Hẻm 10/18/8 Đặng Văn Ngữ, Phường 10, Phú Nhuận Giá thuê: 4,1tr/tháng “ DỊCH VỤ: Điện: 4.000đ/kWh Nước: 100.000đ/người Dịch vụ: 200.000đ/phòng TIỆN ÍCH VÀ NỘI THẤT Giường, nệm, tủ quần áo đầy đủ. Máy lạnh, tủ lạnh, kệ bếp tiện nghi. Wifi tốc độ cao, ổn định. - Cổng vân tay an toàn, giờ giấc tự do, không chung chủ. - Trang bị PCCC từng phòng, Giặt chung có chỗ phơi rộng rãi tránh mưa - Gần ngã tư Nguyễn Trọng Tuyển – Đặng Văn Ngữ, gần bệnh viện y học cổ truyền - Thuận tiện di chuyển ra trung tâm, sân bay và các quận lân cận. - Phòng ngay tầng trệt, có chỗ để xe rộng rãi. - Liên hệ: 0935 026 221 để xem phòng trực tiếp",tromoi.com
https://tromoi.com/phong-tro/nha-tro-duong-bach-dang-phuong-24-binh-thanh-thanh-pho-ho-chi-minh,"Phòng Trọ cho Nữ thuê, sạch sẽ thoáng mát, gần chợ Long Vân Tự, Gần ngã 4 Hàng Xanh",3800000,18m²,"182/23 Bạch Đằng, Phường 24, Bình Thạnh, Thành phố Hồ Chí Minh","PHÒNG TRỌ DÀNH CHO NỮ – GẦN NGÃ TƯ HÀNG XANH Địa chỉ: Đường Bạch Đằng, Phường 24, Quận Bình Thạnh, TP. HCM Giá thuê: 3.800.000đ/tháng Liên hệ: 0908 700 336 Đặc điểm phòng: Phòng sạch sẽ, thoáng mát, riêng tư Có WC và bếp riêng trong phòng Khu vực an ninh, yên tĩnh, dân trí cao Vị trí thuận tiện: Gần chợ Long Vân Tự, đường Bạch Đằng Ngay trục giao thông lớn, di chuyển nhanh sang Quận 1, Phú Nhuận Gần các trường đại học: Hutech, Văn Lang Cách Ngã tư Hàng Xanh chỉ vài phút",tromoi.com
https://tromoi.com/phong-tro/chinh-chu-cho-thue-phong-tu-1tr7-4tr2-chung-cu-duc-khai-quan-7,"Chính chủ cho thuê phòng từ 1tr7-4tr2 Chung cư Đức Khải, Quận 7",1800000,25m²,"Nguyễn Lương Bằng, Phú Mỹ, Quận 7, Thành phố Hồ Chí Minh","Chính chủ cho thuê phòng trọ trong căn hộ Chung cư Era Town Đức Khải với hơn 3000 căn hộ khoảng 10.000 người đang ở tiện ích đầy đủ ngay tại dưới chung cư, hầm xe rộng lớn, an ninh bảo vệ 24/24 công viên bờ sông thoáng mát. Giá từ 1tr8, 2tr, 2tr2 , 2tr5 diện tích 7-15 m2 Phòng trống hoặc có nội thất, hoặc có máy lạnh. tất cả đều có tủ lạnh, máy giặt và khu bếp nấu chung, Wc dùng chung ngoài cạnhh phòng có người lau giọn sạch sẽ. Phòng 3tr3-4tr2 là phòng master Toilet riêng rộng 17-28m2 trống hoặc đầy đủ nội thất. Chủ nhà thân thiện, thoải mái, tâm lý ai cần phòng liên hệ..",tromoi.com
https://tromoi.com/phong-tro/nha-tro-300-nvl,"KÍ Túc Xá Tại Nguyễn Văn Linh, Bình Thuận, Quận 7, Hồ Chí Minh",650000,10m²,"Nguyễn Văn Linh, Bình Thuận, Quận 7, Hồ Chí Minh","Phòng ký túc xá giá rẻ – chỉ từ 650.000đ/tháng Miễn phí: điện, nước, wifi Không gian sạch sẽ, an ninh 24/7, đạt chuẩn PCCC Có nhà xe rộng rãi, để xe máy thoải mái Địa chỉ: Nguyễn Văn Linh, phường Bình Thuận, Quận 7, TP. Hồ Chí Minh Vị trí thuận tiện: Gần chợ Lý Phục Man, Bách Hóa Xanh, Circle K, VinMart+ Cạnh siêu thị Lotte Mart, SC VivoCity, Crescent Mall Gần Trường Đại học RMIT, Đại học Tôn Đức Thắng, THCS Nguyễn Hiền, Trường Huỳnh Tấn Phát Kề bên KĐT Phú Mỹ Hưng, Trung tâm Hội nghị SECC Dễ dàng di chuyển qua các trục đường lớn: Nguyễn Thị Thập, Huỳnh Tấn Phát, cầu Phú Mỹ Phù hợp cho sinh viên và người đi làm Liên hệ: 0834 409 988 (gọi/Zalo) – số lượng có hạn!",tromoi.com
https://tromoi.com/phong-tro/nha-tro-duong-duc-hien-tay-thanh-tan-phu-ho-chi-minh,"Phòng trọ giá rẻ, Tây Thạnh, Tân Phú, Hồ Chí Minh",3290000,20m²,"Dương Đức Hiền, Tây Thạnh, Tân Phú, Hồ Chí Minh","PHÒNG TRỌ MỚI XÂY – GẦN ĐH CÔNG THƯƠNG 📍 Cách trường chỉ 500m 💰 #3tr290/tháng -3tr5 – Có sẵn máy lạnh, tủ lạnh ✅ Giờ giấc tự do, an ninh đảm bảo ✅ Phòng sạch sẽ, bãi xe rộng rãi ✅ Khu vực an toàn, thuận tiện sinh viên & nhân viên văn phòng Địa chỉ : 2 Dương Đức Hiền ,Tân Phú 📞 Liên hệ: 0971987631 (zalo) để xem phòng ngay!",tromoi.com
https://tromoi.com/phong-tro/phong-duplex-so-140-duong-28-phuong-6-go-vap-ho-chi-minh,"DUPLEX FULL NỘI THẤT GẦN TRƯỜNG IUH, VLU",3500000,30m²,"140 đường số 28, Phường 6, Gò Vấp, Thành phố Hồ Chí Minh","Phòng gần Đại học IUH, VLU, thuận tiện cho sinh viên di chuyển Địa chỉ: 140 Đường số 28, P6, Gò Vấp, TP.HCM Giá thuê: 3.500.000đ/tháng Liên hệ: 0335 325 659",tromoi.com
https://tromoi.com/phong-tro/tro-gia-re,"Cho thuê trọ giá rẻ, full nội thất, tiện nghi",4200000,24m²,"5, 7, Quận 8, Hồ Chí Minh","PHÒNG TRỌ FULL TIỆN NGHI – QUẬN 8 Địa chỉ: 1 đường D5, P.7, Q.8, TP.HCM Giá thuê: 4.200.000đ/tháng – Cọc 1 tháng Diện tích: 24m² (lầu 3) Tiện nghi trong phòng: Toilet riêng – sân phơi riêng Máy lạnh, cửa sổ thoáng mát, kệ bếp & bồn rửa chén Khóa vân tay – giờ giấc tự do Free 2 xe cho 3 người – để xe tầng trệt Ở tối đa 3 người – không chung chủ Chi phí khác: Điện: 3.500đ/kWh Nước: 28.000đ/m³ Quản lý: 70.000đ/người Wifi: Miễn phí Không có phí dịch vụ ẩn Không nuôi thú cưng Tiện ích xung quanh: Gần chợ đầu mối Bình Điền, chợ Xóm Củi Gần siêu thị Coopmart Tuy Lý Vương, Bách Hóa Xanh, cửa hàng tiện lợi Gần Đại học Văn Hiến, Đại học Công nghệ Sài Gòn, Đại học Y khoa Phạm Ngọc Thạch (10–15 phút đi xe) Thuận tiện di chuyển sang Q.1, Q.5 qua cầu Nguyễn Tri Phương, cầu Chữ Y Liên hệ ngay để xem phòng và dọn vào!",tromoi.com
https://tromoi.com/phong-tro/duplex-xin,"DUPLEX MỚI TOANG - KIỀU ĐÀM, TÂN HƯNG, QUẬN 7",8000000,40m²,"Trần Xuân Soạn, Tân Hưng, Quận 7, Thành phố Hồ Chí Minh","✨ CHO THUÊ CĂN HỘ & STUDIO – FULL NỘI THẤT CAO CẤP TẠI QUẬN 7 ✨ 💰 Giá thuê: từ …./tháng (áp dụng cho Studio & Penthouse) 🌟 Ưu điểm nổi bật • Căn hộ được trang bị toàn bộ nội thất cần thiết, tiện nghi đầy đủ chỉ cần xách vali vào ở. • Vị trí trung tâm Q.7, thuận tiện di chuyển đến Phú Mỹ Hưng, quận 1, quận 4, quận 5, quận 8 • Dịch vụ miễn phí trọn gói: ▪️ Máy giặt sấy trong toà nhà ▪️ Vệ sinh & bơm ga máy lạnh định kỳ ▪️ Sửa chữa thiết bị, thay bóng đèn khi hỏng hóc 👉🏻 Cửa sổ rộng, thoáng 👉🏻 Không ngập nước, đường ô tô 👉🏻 Siêu thị BHX, chợ: 3p đi bộ 👉🏻 Siêu thị Lotte Mart: 5p chạy xe 👉🏻 Gần trường UFM, TDT, RMIT 👉🏻 Khu vực bán đồ ăn sầm uất, phòng gym Ways Station Fitness ngay đối diện nhà 👉🏻 Camera an ninh, PCCC đầy đủ - giờ giấc tự do 🏡 Trang bị trong phòng: Máy lạnh, máy nước nóng, tủ lạnh, giường – nệm, tủ quần áo, bếp điện, lò vi sóng, sofa, bàn ghế, ấm siêu tốc, ban công rộng rãi, có máy giặt riêng. 🚗 Có chỗ đậu xe hơi ngay trước nhà, rất tiện lợi. 🔑 Ngoài ra, mình còn hỗ trợ tìm Studio, Duplex, căn hộ 1PN – 2PN phù hợp với nhu cầu và tài chính của bạn. ALO❗️Em Ngân - 0901.402.846 xem phòng miễn phí 24/7",tromoi.com
https://tromoi.com/phong-tro/cho-thue-phong-tro-25-m-2-5-trieu-thang-gan-gigamall,"Cho thuê phòng trọ 25 m², 2.5 triệu/tháng, gần Gigamall",2500000,25m²,"Kha Vạn Cân, Hiệp Bình Chánh, Thủ Đức, Thành phố Hồ Chí Minh","📍 Địa chỉ: Đường Kha Vạn Cân, Hiệp Bình Chánh 💰 Giá thuê: 2.500.000đ/tháng 📐 Diện tích: 25m², phòng trống 🔑 Phòng thoáng, WC riêng, có chỗ để xe, camera an ninh, giờ giấc tự do ⚡ Gần Gigamall, cách chợ 300m, có nhiều cửa hàng tiện lợi xung quanh",tromoi.com
https://tromoi.com/phong-tro/nha-tro-446-11-phan-xich-long-phuong-2-phu-nhuan-thanh-pho-ho-chi-minh,Cho thuê phòng trọ phan xích long phú nhuận,5700000,30m²,"446/11 Phan Xích Long, Phường 2, Phú Nhuận, Thành phố Hồ Chí Minh","PHÒNG LỚN FULL NỘI THẤT – PHAN XÍCH LONG, PHÚ NHUẬN Địa chỉ: 446/11 Phan Xích Long, P.2, Quận Phú Nhuận Giá thuê: 5,7 triệu/tháng Tiện ích phòng: Full nội thất: giường, nệm, tủ đồ, máy lạnh Có ban công, cửa sổ thoáng mát Toilet riêng trong phòng Chỗ để xe miễn phí Nhà rộng rãi, thoáng, sạch sẽ Vị trí trung tâm: Ngay trục đường Phan Xích Long, ít kẹt xe, thuận tiện di chuyển sang Quận 1, Bình Thạnh, Gò Vấp… 📞 Liên hệ: 0903 177 544 để xem phòng trực tiếp",tromoi.com
https://tromoi.com/phong-tro/hang-xanh-binh-thanh-phong-tro-cao-cap,PHÒNG TRỌ CAO CẤP [HÀNG XANH_BÌNH THẠNH],5000000,25m²,"Điện Biên Phủ, 17, Bình Thạnh, Hồ Chí Minh","CHO THUÊ PHÒNG RỘNG RÃI – SẠCH SẼ – THOÁNG MÁT (ưu tiên nữ sinh viên/nhân viên văn phòng) Vị trí: Nhà 2 mặt tiền hẻm, yên tĩnh, an ninh (có camera 24/7). Đối diện ĐH Hồng Bàng, gần UEF cơ sở chính & cơ sở 2, HUTECH. Đầu hẻm có bến xe bus (200m), nhà xe Điền Linh – Limousine Đà Lạt – Vũng Tàu – Miền Tây (100m). Cách bến xe Miền Đông 500m. Tiện ích xung quanh: chợ Thị Nghè, chợ Phan Văn Hân, chợ Hàng Xanh, Highlands Coffee, TocoToco, Cộng, Mixue, Sunday Basic, KFC, Lotteria, Circle K, Family Mart, GS25, Winmart+, Saigon Coop, Satra, Bách Hóa Xanh. Giá thuê: 4,5 – 5 triệu/tháng (phòng lớn nguyên tầng, 25m²). Giảm ngay 500k/tháng khi thuê dài hạn. Cam kết không tăng giá với Hợp đồng 6 tháng – 1 năm. Ngưng thuê chỉ cần báo trước 1 tháng để hoàn cọc. Tiện ích phòng: Nguyên tầng riêng biệt, ban công thoáng mát, cửa sổ lớn phơi đồ. Trang bị: máy lạnh, máy nước nóng, tủ lạnh, quạt, bàn học, bàn ghế, dàn treo quần áo, khung phơi đồ. Wifi tốc độ cao 24/7 miễn phí, có chỗ để xe. Điện nước giá nhà nước (mỗi phòng có đồng hồ riêng). Rác: 30k/tháng (theo giá phường). Điều kiện: Cọc 1 tháng khi ký hợp đồng. Liên hệ: Anh Quân: *** Cô Quyên: ***",tromoi.com
https://tromoi.com/phong-tro/phong-thang-may-nguyen-kiem-phu-nhuan-35m2-chi-7-7tr-thang,"PHÒNG THANG MÁY NGUYỄN KIỆM, PHÚ NHUẬN, 35M2, CHỈ 7.7TR/THÁNG",7700000,35m²,"Nguyễn Kiệm, 9, Phú Nhuận, Hồ Chí Minh","PHÒNG THANG MÁY NGUYỄN KIỆM, PHÚ NHUẬN, 35M2, CHỈ 7.7TR/THÁNG -Ngay ngã tư Phú Nhuận, tiện di chuyển Q1, Gò Vấp, Tân Bình, Bình Thạnh, -Hẻm rộng ô tô -Cửa phòng khoá điện từ, cửa sổ to thoáng, ra vào vân tay, giờ giấc tự do -Điện 4k/kWh, nước 150k/người, phí Quản lý 200k/phòng -Liên hệ 09 21 299 097( Anh Phố Trọ) để xem phòng",tromoi.com
https://tromoi.com/phong-tro/nha-tro-hem-125-1-12-le-hoang-phai-phuong-17-go-vap-thanh-pho-ho-chi-minh,"Phòng Full nội thất, có sân sau thoáng trồng cây nuôi cá, giờ giấc tự do",5000000,30m²,"Hẻm 125/1/12 Lê Hoàng Phái, Phường 17, Gò Vấp, Thành phố Hồ Chí Minh","CHO THUÊ PHÒNG FULL NỘI THẤT bếp siêu to cho bạn nào thích nấu ăn. (Có sân sau thoáng mát, trồng cây nuôi cá) Chính chủ đăng bài. Diện tích: 30m2 Giá thuê : 5tr/tháng Địa chỉ: Hẻm 125/1/12 Lê Hoàng Phái, Phường 17 , Q. Gò Vấp Nhà Full nội thất, tủ lạnh, máy lạnh, giường nệm, tủ quần áo, kệ bếp trên dưới, máy giặt trên khu vực sân phơi đồ,... Cho nuôi thú cưng, phòng có 1 khoảng sân sau thoáng mát, trồng rau nuôi cá gì cũng được. Dịch vụ vệ sinh khu vực chung hàng tuần. Khu vực An ninh cực tốt, dân trí cao. Có Khoá từ cổng ra vào Có Hệ thống PCCC, an ninh đầy đủ Giờ giấc tự do, không chung chủ Nhận nhà đầu tháng 9 Call (Zalo) 0932.678.128",tromoi.com
https://tromoi.com/phong-tro/nha-tro-duong-xo-viet-nghe-tinh-phuong-25-binh-thanh-ho-chi-minh-1757900807,Phòng Trọ Cho Nữ Tại Bình Thạnh,4000000,15m²,"Xô Viết Nghệ Tĩnh, 25, Bình Thạnh, Hồ Chí Minh","CHO THUÊ TRỌ NỮ - BÌNH THẠNH Vị trí: 378/21 Xô Viết Nghệ Tĩnh (Gần ngã tư hàng xanh - Bình Thạnh) Khu vực dân trí cao, xung quanh nhiều tiện ích ✅ Phòng thông thoáng, CÓ QUẠT THÔNG GIÓ, CÓ MÁY LẠNH, CÓ BAN CÔNG ✅ Nhà vệ sinh sạch sẽ thoáng mát, CÓ MÁY NƯỚC NÓNG ✅ Bếp nấu ăn biệt lập, FULL NỘI THẤT BẾP (tủ lạnh, bếp điện, nồi cơm điện, đồ dùng bếp) ✅ CÓ MÁY GIẶT ✅ Hẻm rộng, xe ô tô dừng đến nhà được 💵💵 Giá thuê: 4.000.000 (chưa bao gồm tiền điện, nước, wifi) ☎️☎️ Liên hệ trực tiếp / Zalo: 0707049051",tromoi.com
https://tromoi.com/phong-tro/duplex-sinh-vien-quan-7,"DUPLEX SIÊU ĐẸP - SIÊU YÊU - SINH VIÊN QUẬN 7, LOTTE, CẦU KÊNH TẺ",6100000,45m²,"Nguyễn Hữu Thọ, Tân Phong, Quận 7, Thành phố Hồ Chí Minh","✨ CHO THUÊ CĂN HỘ & STUDIO – FULL NỘI THẤT CAO CẤP TẠI QUẬN 7 ✨ 💰 Giá thuê: từ 6tr1 – 8.5tr/tháng (áp dụng cho Studio & Penthouse) 🌟 Ưu điểm nổi bật • Căn hộ được trang bị toàn bộ nội thất cần thiết, tiện nghi đầy đủ chỉ cần xách vali vào ở. • Vị trí trung tâm Q.7, thuận tiện di chuyển đến Phú Mỹ Hưng, quận 1, quận 4, quận 5, quận 8 • Dịch vụ miễn phí trọn gói: ▪️ Máy giặt sấy trong toà nhà ▪️ Vệ sinh & bơm ga máy lạnh định kỳ ▪️ Sửa chữa thiết bị, thay bóng đèn khi hỏng hóc 👉🏻 Cửa sổ rộng, thoáng 👉🏻 Không ngập nước, đường ô tô 👉🏻 Siêu thị BHX, chợ: 3p đi bộ 👉🏻 Siêu thị Lotte Mart: 5p chạy xe 👉🏻 Gần trường UFM, TDT, RMIT phù hợp cho sinh viên và nv văn phòng 👉🏻 Khu vực bán đồ ăn sầm uất, phòng gym Ways Station Fitness ngay đối diện nhà 👉🏻 Camera an ninh, PCCC đầy đủ - giờ giấc tự do 🏡 Trang bị trong phòng: Máy lạnh, máy nước nóng, tủ lạnh, giường – nệm, tủ quần áo, bếp điện, lò vi sóng, sofa, bàn ghế, ấm siêu tốc, ban công rộng rãi, có máy giặt riêng. 🚗 Có chỗ đậu xe hơi ngay trước nhà, rất tiện lợi. 🔑 Ngoài ra, mình còn hỗ trợ tìm Studio, Duplex, căn hộ 1PN – 2PN phù hợp với nhu cầu và tài chính của bạn. ALO❗️Em Ngân - 0901.402.846 xem phòng miễn phí 24/7",tromoi.com
https://tromoi.com/phong-tro/nha-tro-duong-tran-huu-trang-phuong-10-phu-nhuan-ho-chi-minh,Duplex MỚI NHƯ HÌNH Full nội thất,5800000,28m²,"Trần Hữu Trang, 10, Phú Nhuận, Hồ Chí Minh","Duplex ✨ ĐẸP NHƯ HÌNH ✨gần Học viện Hàng không 🔥 GIẢM NGAY 600k CHO KHÁCH ĐẦU TIÊN 🔥 ✅Full NT, diện tích rộng ✅Hệ thống PCCC đã kiểm duyệt ✅Gần HVHK, UFM, HUFLIT, UMP... #phongtrophunhuan #phongtrosinhvien #phongtrogiare #phongtroufm #hocvienhangkhong #phongtrotansinhvien #phongtrotrungtam #ufm #huflit #phongtrosachse #canhodichvu #ump #ueh #phongtroquan3 #canhogiare #duplexphunhuan",tromoi.com
https://tromoi.com/phong-tro/cho-thue-nha-tro-sayan-house,"Pass Nhà Trọ Tại Huỳnh Tấn Phát, Phú Mỹ, Quận 7, Hồ Chí Minh",4100000,30m²,"Huỳnh Tấn Phát, Phú Mỹ, Quận 7, Hồ Chí Minh","CẦN PASS TRỌ QUẬN 7 – HỖ TRỢ CHI PHÍ THÁNG 9 Giá thuê: 4,1 triệu/tháng Vị trí: Quận 7 – khu dân cư an ninh, có bảo vệ, cửa vân tay Tiện ích phòng: Có máy lạnh Cửa sổ rộng thoáng mát, có rèm (không cần máy lạnh vẫn mát) Phòng mới, sạch đẹp, tầng 2 (không quá nóng, không ẩm) Có thang máy Máy giặt chung dùng thoải mái Sân thượng rộng rãi, phơi đồ và ngắm view thành phố Hầm để xe rộng, có hệ thống chống cháy Đường trước nhà rộng, xe hơi vào thoải mái Liên hệ Zalo: 0377 873 347",tromoi.com
https://tromoi.com/phong-tro/nha-tro-duong-le-duc-tho-phuong-15-go-vap-thanh-pho-ho-chi-minh,"Nhà trọ đường Lê Đức Thọ, Phường 15, Gò Vấp, Thành phố Hồ Chí Minh",5200000,20m²,"Lê Đức Thọ, Phường 15, Gò Vấp, Thành phố Hồ Chí Minh","PHÒNG TRỌ MỚI – ĐẦY ĐỦ TIỆN NGHI – LÊ ĐỨC THỌ, GÒ VẤP Phòng mới tinh, sạch sẽ, nội thất đầy đủ, dọn vào ở ngay. Có thang máy hiện đại, hầm để xe rộng rãi, đảm bảo an ninh với hệ thống camera 24/7 và ra vào bằng vân tay. Giờ giấc tự do, không chung chủ Thoải mái nuôi pet cưng Vị trí: Lê Đức Thọ, Phường 15, Quận Gò Vấp – thuận tiện di chuyển, gần chợ, siêu thị, trường học Giá thuê: 5.200.000đ/tháng Liên hệ: 0335 033 323 (My) để xem phòng trực tiếp",tromoi.com
https://tromoi.com/phong-tro/phong-tro-nha-tro-cao-cap-an-ninh-gan-aemall-gan-ben-xe-mien-tay,"Phòng trọ nhà trọ cao cấp an ninh gần AEMALL, gần Bến xe miền tây",2500000,22m²,"129/12C Lê Đình Cẩn, Tân Tạo, Bình Tân, Thành phố Hồ Chí Minh","NHÀ TRỌ CAO CẤP – AN NINH – THOÁNG MÁT – GIỜ GIẤC TỰ DO Địa chỉ: 129/12C Lê Đình Cẩn, Quận Bình Tân Phòng trọ chính chủ, không qua dịch vụ nên luôn được bảo trì và chỉnh sửa theo phản hồi của khách thuê. Cam kết hình ảnh đăng là hình thực tế chụp ngày 15/3/2023 – xem phòng đúng như hình, không thất vọng như nhiều nơi khác. Hiện còn: 2 phòng căn góc thoáng mát Diện tích: 18 – 22m² Giá thuê: 2.5 – 2.8 triệu/tháng Tiện ích trong phòng: Có kệ dép, sào phơi đồ, kệ bếp, rèm cửa kính (phòng phía trước) Internet tốc độ cao (3 đường truyền 240Mbps) + Truyền hình cáp SCTV HD miễn phí Thang chở đồ lên tận lầu, dễ dàng chuyển máy giặt, tủ lạnh Giờ giấc tự do Chi phí rõ ràng: Điện: 2.500đ/kWh Nước thủy cục: 15.000đ/m³ Giữ xe: 80.000đ/xe Không thu thêm bất kỳ chi phí nào khác An ninh: Camera + bảo vệ 24/24 Cổng & nhà xe dùng khóa vân tay Hẻm mới làm rộng 8m, xe tải ra vào dễ dàng, thông thẳng ra Tỉnh Lộ 10 Lưu ý: Không nhận thuê 3 nam hoặc 4 nữ, trừ khi là thành viên trong cùng gia đình/anh em. Tiện ích xung quanh: Ngay đầu hẻm có Vinmart, Bách Hóa Xanh, chợ, thuận tiện sinh hoạt hàng ngày. Bạn có thể đến trực tiếp xem phòng mà không cần gọi trước, chỉ cần ấn chuông gặp chị Hạnh quản lý. Nếu chọn được phòng, liên hệ trực tiếp chính chủ để trao đổi giá. Liên hệ chính chủ: Chị Na – 0986400524",tromoi.com
https://tromoi.com/phong-tro/cho-thue-phong-tro-20m2-tran-thien-chanh,"Nhà trọ số 10 Trần Thiện Chánh, Phường 12, Quận 10, Tp.HCM",2000000,20m²,"10 Trần Thiện Chánh, Phường 12, Quận 10, Tp.HCM","Cho thuê phòng trọ gác và không gác Giá: 2tr-3tr5 tuỳ phòng Diện tích: 18-20m2 Tự do thoải mái, an ninh Miễn phí xe và net Liên hệ chính chủ: 0906757203",tromoi.com
https://tromoi.com/phong-tro/nha-tro-hem-830-su-van-hanh-phuong-13-quan-10-thanh-pho-ho-chi-minh,"Nhà trọ Hẻm 830 Sư Vạn Hạnh, Phường 13, Quận 10, Thành phố Hồ Chí Minh",6500000,20m²,"Hẻm 830 Sư Vạn Hạnh, Phường 13, Quận 10, Thành phố Hồ Chí Minh","Địa chỉ: Hẻm 830 Sư Vạn Hạnh, Phường 13, Quận 10 Giá thuê: 6.5 triệu/tháng Có gác lửng, kệ bếp tiện lợi, WC riêng trong phòng Không gian sạch sẽ, thoáng mát, phù hợp ở lâu dài Liên hệ chính chủ: Huy Trần – 0763 229 788",tromoi.com
https://tromoi.com/phong-tro/nha-tro-duong-tay-hoa-phuoc-long-a-quan-9-thanh-pho-ho-chi-minh,"Phòng trọ gác đầy đủ tiện nghi ngay Đỗ Xuân Hợp, ngã tư Bình Thái, MK, Tây Hoà, Nam Hoà, gần Xa Lộ Hà Nội, cầu Rạch Chiếc",4800000,25m²,"Tây Hòa, Phước Long A, Quận 9, Thành phố Hồ Chí Minh","Phòng gác đầy đủ nội thất ở Tây Hoà, Phước Long A, Thủ Đức (quận 9 cũ) Điểm nổi bật: • Thiết kế có gác lửng, tối ưu không gian sử dụng. • Phòng khách & bếp hiện đại: sofa da sang trọng, bàn ăn gỗ xinh xắn, bếp nấu tiện lợi. • Trang bị tủ lạnh, máy lạnh, quạt, đèn trang trí đầy đủ – chỉ cần xách vali vào ở ngay. • Cửa sổ thoáng, nội thất phối gam màu sáng – tạo cảm giác ấm cúng, hiện đại. Vị trí thuận tiện: • Nằm ngay trung tâm Phước Long A, Thủ Đức, dễ dàng di chuyển ra Xa Lộ Hà Nội, Quận 2, Quận 9. • Gần các trường đại học (SPKT, Hutech, UEF…), khu công nghệ cao, siêu thị, chợ, quán ăn, coffee shop. • Khu dân cư an ninh, yên tĩnh, dân trí cao. Ưu điểm căn hộ: • Không gian lý tưởng cho người trẻ, cặp đôi hoặc gia đình nhỏ. • Nội thất mới, phong cách tối giản – tiện nghi đầy đủ. • Nhà sạch, thoáng, thiết kế hợp lý giúp tiết kiệm chi phí sinh hoạt. Liên hệ ngay để xem phòng trực tiếp!!!",tromoi.com
https://tromoi.com/phong-tro/nha-tro-pham-van-chieu-phuong-9-go-vap-ho-chi-minh,PHÒNG SẴN NỘI THẤT GIÁ RẺ,3000000,20m²,"Phạm Văn chiêu, 9, Gò Vấp, Hồ Chí Minh","Căn hộ nhỏ xinh 20m² tại Gò Vấp - Chỉ 3 triệu/tháng! Mình đang cho thuê căn hộ nhỏ xinh tại Gò Vấp, rất lý tưởng cho sinh viên, công nhân, cặp đôi hoặc gia đình trẻ. Căn hộ sạch sẽ, đầy đủ tiện nghi, vị trí đắc địa, rất thuận tiện cho việc đi học, đi làm. 🏠 Về căn hộ Căn hộ diện tích 20m², tuy nhỏ nhưng được thiết kế khoa học, đầy đủ tiện nghi cần thiết. Có điều hòa mát rượi, tủ lạnh, giường nệm, phòng tắm riêng, vệ sinh trong nhà sạch sẽ. Wifi tốc độ cao nữa nhé, rất tiện lợi cho việc học tập và làm việc. 📍 Vị trí Nằm trên đường Phạm Văn Chiêu, Gò Vấp, Hồ Chí Minh, gần chợ, siêu thị, bệnh viện, trường học. Cách các tuyến đường lớn cũng khá gần, đi lại rất thuận tiện. Vị trí này thì mình nghĩ thích hợp cho các bạn học sinh, sinh viên, công nhân hay nhân viên văn phòng. 💰 Giá thuê Giá thuê chỉ 3 triệu/tháng, cọc 1 tháng. Đầy đủ tiện nghi như vậy mà giá lại hợp lý, mình nghĩ là một lựa chọn tốt đấy! Có camera an ninh nữa nên các bạn yên tâm nhé. Liên hệ Lộc 0344 753 241 để xem phòng ngay!",tromoi.com
https://tromoi.com/phong-tro/nha-tro-so-15a-duong-so-48-phuong-16-quan-8-thanh-pho-ho-chi-minh,"Phòng trọ Minh Khoa Cho thuê giá 1.5Triệu gần ngã 4 An Dương Vương và Võ Văn Kiệt Số 15A Đường 48, P16, Q.8 0835955955",1500000,18m²,"Số 15A, Đường số 48, Phường 16, Quận 8, Thành phố Hồ Chí Minh","Phòng trọ đẹp cho thuê giá rẻ Số 15A Đường 48, P16, Quận 8 Phòng mới, rộng rãi, sạch sẽ, có cửa sổ nên phòng sáng và thoáng mát, có gác lững, phòng vệ sinh và bếp sẵn trong từng phòng Có nhà xe riêng an toàn, rộng rãi, - Nhà trong khu dân cư an ninh, xung quanh co các tiện ích công cộng, công viên cây xanh, đối diện Chợ Phú Định ,gần trường mẫu giáo ,cấp 1,2,3 Nguyễn Thị Định ...... - Vị trí nhà gần ngã 4 Võ Văn Kiệt và An Dương Vương vị trí thuận lọi cho việc đi lại tới các quận 1,3,5,7... Diện tích từ 12 đến 21 m2 _ Giá thuê từ 1,5 triệu SĐT liên lạc 0835955955 Chị Hiền, 0396139035 A. Bảo",tromoi.com
https://tromoi.com/phong-tro/nha-tro-kim-ngan-1757385250,"Khu trọ an ninh, sạch sẽ Quận 11 - Test",3000000,22m²,"Minh Phụng, 10, Quận 11, Hồ Chí Minh","Phòng trọ sạch đẹp có gác và ko gác Có wc riêng, wifi, kệ bếp",tromoi.com
https://tromoi.com/phong-tro/nha-tro-hem-886-xo-viet-nghe-tinh-noi-that-co-ban-du-tien-nghi,Nhà trọ hẻm 886 Xô Viết Nghệ Tĩnh nội thất cơ bản đủ tiện nghi,4900000,20m²,"886/27/7 Xô Viết Nghệ Tĩnh, Phường 25, Bình Thạnh, Thành phố Hồ Chí Minh","✨ CHO THUÊ PHÒNG TRỌ 20M² – TIỆN NGHI ĐẦY ĐỦ, VỊ TRÍ ĐẮC ĐỊA ✨ Bạn đang tìm một chỗ ở thoải mái – an toàn – tiện lợi gần trung tâm? Đây chính là nơi dành cho bạn! 🏠 Thông tin phòng: Diện tích: 20m² rộng rãi, sạch sẽ. Trang bị đầy đủ: máy lạnh, máy giặt, máy nước nóng, tủ lạnh, kệ bếp, có nhà vệ sinh riêng. Ở chung với chủ (có lối đi riêng), đảm bảo an ninh – yên tĩnh – thân thiện. 📍 Vị trí thuận lợi: Gần các trường đại học: Hutech, Ngoại thương, Giao thông Vận tải – cực kỳ tiện cho sinh viên, giảng viên. Xung quanh đầy đủ tiện ích: Bách Hóa Xanh, cửa hàng tiện lợi, quán ăn, cà phê. Kết nối dễ dàng phù hợp cho dân văn phòng trung tâm thành phố: Bến xe Miền Đông, Landmark 81 chỉ vài phút. Di chuyển nhanh chóng vào Trung tâm TP, Quận 2, Thủ Đức, Gò Vấp. 💰 Giá thuê: 4.900.000đ 📞 Liên hệ ngay để xem phòng và giữ chỗ! 👉 [Số điện thoại / Zalo] 0919937517 - 0918341131",tromoi.com
https://tromoi.com/phong-tro/phong-tro-gan-van-hien-dam-sen,"Cho thuê phòng trọ gần ĐH Văn Hiến, Y dược, quận 10, đầm sen",4500000,30m²,"Lương Thế Vinh, Tân Thới Hòa, Tân Phú, Hồ Chí Minh","Cho thuê phòng, Đ/c: Lương Thế Vinh, Tân Phú có Máy lạnh + máy giặt + Tủ lạnh - free xe, wifi, rác, nước,... - Phòng sạch sẽ Rộng thoáng mát, ban công, cửa sổ trời, sân thượng phơi đồ rộng - Giờ giấc tự do An ninh - ở 2 đến 3 người - A/c/e cần phòng Lh em - giảm giá cho sv, xem ôm công nghệ... Lh trực tiếp: Lâm - 0853632709 (Chính chủ)",tromoi.com
https://tromoi.com/phong-tro/cho-thue-phong-tro-nguyen-sy-sach-p-15-q-tan-binh,"CHO THUÊ PHÒNG TRỌ – NGUYỄN SỸ SÁCH, P.15, Q. TÂN BÌNH",4000000,40m²,"70/44 Nguyễn Sỹ Sách, 15, Tân Bình, Hồ Chí Minh","CHO THUÊ PHÒNG – 70/44 NGUYỄN SỸ SÁCH, P.15, Q. TÂN BÌNH Diện tích sử dụng: 40m² (có gác đúc mát mẻ, không gian rộng rãi, thoáng đãng) Tầng trệt, sân thoáng mát Lối đi riêng – không chung chủ, tự do giờ giấc Chỗ để xe riêng, an toàn và tiện lợi Đường trước nhà rộng, ô tô ra vào thoải mái Khu vực an ninh, yên tĩnh Vị trí thuận tiện: Gần Chợ Tân Trụ , Ruby Garden , Co-op Mart Thắng Lợi Cách Sân bay Tân Sơn Nhất chỉ khoảng 10–12 phút di chuyển Gần Công viên Hoàng Văn Thụ , Chợ Tân Bình , Chùa Giác Lâm Thuận tiện đi lại các quận trung tâm qua trục đường lớn Trường Chinh, Cộng Hòa, Hoàng Văn Thụ Giá thuê: 4.000.000đ/tháng Liên hệ: 0784 954 272 Phù hợp cho gia đình nhỏ, nhân viên văn phòng hoặc sinh viên cần không gian rộng, riêng tư.",tromoi.com
https://tromoi.com/phong-tro/nha-tro-duong-so-77-tan-quy-quan-7-thanh-pho-ho-chi-minh,CHO THUÊ PHÒNG TRỌ CAO CẤP- PHÒNG MỚI- BAN CÔNG CỰC THOÁNG,8000000,30m²,"Đường số 77, Tân Quy, Quận 7, Thành phố Hồ Chí Minh","Cho thuê phòng trọ cao cấp Tân Quy , tiện nghi - hiện đại- sang trọng Lựa chọn lý tưởng cho người đi làm và sinh viên gần Lotte Mart chỉ 3 phút -Cách trường đại học TDTU, UFM, NTT 5 phút -Trang bị đầy đủ trang thiết bị nhà bếp tiện nghi -Có khu vực để xe rộng rãi, an ninh Liên hệ ngay 0984306335 (Linh) hoặc ib zalo hỗ trợ tìm phòng ưng ý",tromoi.com
https://tromoi.com/phong-tro/co-nga,"Nhà Trọ Tại Lạc Long Quân, Phường 11, Quận Tân Bình, Hồ Chí Minh H",4000000,12m²,"985/103 Lạc Long Quân, P.11, Q. Tân Bình, Hồ Chí Minh","CHO NỮ THUÊ PHÒNG TRỌ TIỆN NGHI – NHÀ MỚI XÂY – GẦN SÂN BAY TÂN SƠN NHẤT Địa chỉ: 985/103 Lạc Long Quân, P.11, Q. Tân Bình, TP.HCM Vị trí: Gần chợ Tân Bình, ngã tư Bảy Hiền, thuận tiện di chuyển ra sân bay, trường học, bệnh viện và các quận lân cận. Thông tin phòng: Diện tích: 12m² Giá thuê: 4 triệu/tháng Cọc: 1 tháng Đối tượng: Nữ sinh viên hoặc nhân viên văn phòng Nhà mới xây, sạch sẽ, hiện đại, có sẵn máy lạnh Giờ giấc tự do Tiện ích chung: Máy giặt, máy sấy Wifi mạnh Camera an ninh 24/7 Khu vực yên tĩnh, an ninh tốt Gửi xe: Miễn phí Chi phí dịch vụ: Điện: 3.800đ/kWh Nước: 99.000đ/người Máy giặt & sấy: 150.000đ/người Liên hệ: 0907 714 466",tromoi.com
https://tromoi.com/phong-tro/phong-tro-ngay-binh-tri-dong-binh-tri-dong-a-binh-tan-ho-chi-minh,Trọ Bình Trị Đông A,3900000,25m²,"Bình Trị Đông, Bình Trị Đông A, Bình Tân, Hồ Chí Minh","Cho thuê căn hộ nhỏ xinh tại Bình Tân - 3.9 triệu/tháng - Có nhiều tiện ích Mình đang cho thuê căn hộ nhỏ xinh ở Bình Tân, rất thích hợp cho sinh viên, công nhân hoặc gia đình trẻ. Căn hộ sạch sẽ, đầy đủ tiện nghi, vị trí thì quá tuyệt vời luôn. 🏠 Về căn hộ Căn hộ có gác lửng, kệ bếp, điều hòa, giường nệm đầy đủ. Ban công/sân thượng thoáng mát, rất lý tưởng để thư giãn. Mình còn lắp camera an ninh nữa nên an toàn tuyệt đối nhé! 📍 Vị trí Nằm ngay tại Bình Tân, Hồ Chí Minh, khu vực này rất tiện lợi. Gần các chợ, siêu thị, quán ăn, đi lại cũng dễ dàng nữa. Khu dân cư yên tĩnh, thích hợp cho cuộc sống. 💰 Giá thuê Giá thuê là 3.9 triệu/tháng, cọc 1 tháng. Đây là mức giá cực tốt cho một căn hộ đầy đủ tiện nghi như thế này. Liên hệ mình để xem nhà và thỏa thuận chi tiết nhé! Liên hệ để xem nhà ngay!",tromoi.com
https://tromoi.com/phong-tro/phong-tro-ngay-le-duc-tho-5-go-vap-ho-chi-minh,DỰ ÁN MỚI NGAY LÊ ĐỨC THỌ,8500000,30m²,"Lê Đức Thọ, 5, Gò Vấp, Hồ Chí Minh","📌Nằm ở mặt tiền Lê Đức Thọ đoạn gần Phan Văn Trị, Dương Quảng Hàm, Phạm Huy Thông 📌Kết cấu nhà: Thang máy 7 lầu , camera an ninh, ra vào vân tay, có hầm xe 📌 Nội thất: Máy lạnh, tủ lạnh, bếp điện, máy hút mùi, kệ bếp trên dưới, giường nệm, bàn ghế làm việc, tủ quần áo, đèn treo tường, thiết bị vệ sinh , máy giặt riêng. 📌 Cho nuôi thú cưng",tromoi.com
https://tromoi.com/phong-tro/cho-thue-phong-gia-re-ngay-le-duc-tho-gan-dh-van-lang-dh-cong-nghiep,"CHO THUÊ PHÒNG GIÁ RẺ NGAY LÊ ĐỨC THỌ GẦN ĐH VĂN LANG, ĐH CÔNG NGHIỆP",3700000,30m²,"Lê Đức Thọ, 17, Gò Vấp, Hồ Chí Minh","Địa chỉ: 616 Lê Đức Thọ, Phường 17, Quận Gò Vấp Công khai: + 3tr7- 3tr9- 4tr Cửa sổ trời nhỏ, cửa sổ hành lang. + 4tr2- 4tr5- 4tr7 cửa sổ trời lớn. Nội thất: máy lạnh, kệ bếp, nước NLMT, gác cao 1M5,... - Giờ giấc tự do, - Ra vào vân tay, - Không chung chủ. • Tiện ích tòà nhà: Camera An ninh, Thang máy, Hầm xe, Thang thoát hiểm, Hệ thống PCCC,... • Tiện di chuyển Đh Văn Lang, Đh Công Nghiệp, Lê Đức Thọ, Lotte Nguyễn Văn Lượng, Nguyễn Oanh, Thống Nhất, Dương Quãng Hàm,... Gọi: 0397.297.456 Zalo: 034.434.0416 Nhanh tay giữ chỗ & đặt phòng nha",tromoi.com
https://tromoi.com/phong-tro/cho-thue-phong-gac-cao-full-noi-that-gan-cong-vien-lang-hoa-nguyen-van-khoi,CHO THUÊ PHÒNG GÁC CAO FULL NỘI THẤT GẦN CÔNG VIÊN LÀNG HOA_NGUYỄN VĂN KHỐI,3700000,25m²,"Nguyễn Văn Khối, 8, Gò Vấp, Hồ Chí Minh","CHO THUÊ PHÒNG GÁC CAO FULL NỘI THẤT GẦN CÔNG VIÊN LÀNG HOA – NGUYỄN VĂN KHỐI Giá thuê: 3.7 triệu đồng mỗi tháng Địa chỉ: 220 Nguyễn Văn Khối, Phường 8, Gò Vấp Tiện ích: – Giờ giấc tự do – Ra vào bằng vân tay – Camera an ninh – Có nhà xe, gửi xe miễn phí Vị trí thuận tiện di chuyển đến: – Đại học Văn Hiến – Cao đẳng Y Dược Hồng Đức – Công viên Phần mềm Quang Trung – Chợ Thạch Đà – Công viên Làng Hoa – Các trục đường lớn: Phạm Văn Chiêu, Nguyễn Văn Khối, Lê Văn Thọ, Lê Đức Thọ Liên hệ: Ngọc Hải – 0344 340 416",tromoi.com
https://tromoi.com/phong-tro/nha-tro-gac-cao-doi-dien-cong-vien-phan-mem-quang-trung-to-ky-quan-12,PHÒNG CHO THUÊ GÁC CAO ĐỐI DIỆN CÔNG VIÊN PHẦN MỀM QUANG TRUNG - TÔ KÝ QUẬN 12,4000000,24m²,"Tô Ký, Quận 12, Hồ Chí Minh","PHÒNG CHO THUÊ GÁC CAO ĐỐI DIỆN CÔNG VIÊN PHẦN MỀM QUANG TRUNG - TÔ KÝ, QUẬN 12 Giá thuê: 4 triệu/tháng Thông tin chi tiết: Gác cao 1.7m, phù hợp sinh hoạt thoải mái Trang bị sẵn: máy lạnh, tủ lạnh, bàn ghế, tủ bếp, kệ chén, nước nóng năng lượng mặt trời Giờ giấc tự do, ra vào bằng vân tay Không chung chủ Chỗ để xe miễn phí trong nhà Vị trí: Đối diện Công viên Phần mềm Quang Trung, Quận 12 Gần các trường: Cao đẳng Viễn Đông, Đại học FPT, Giao thông Vận tải, Trung Mỹ Tây, Quốc lộ 1A, Tô Ký, Gò Vấp, Tân Bình Thích hợp cho: sinh viên, người đi làm, người cần chỗ ở yên tĩnh, tự do Liên hệ xem phòng: -????: 0397.297.456 or -?????: 034.434.0416 (Để được hỗ trợ tư vấn và xem phòng trực tiếp).",tromoi.com
https://tromoi.com/phong-tro/cho-thue-phong-giuong-doi-cua-so-troi-full-noi-that-moi-100-ngay-thong-nhat-gan-lotte-nguyen-van-luong,CHO THUÊ PHÒNG GIƯỜNG ĐÔI CỬA SỔ TRỜI FULL NỘI THẤT MỚI 100% NGAY THỐNG NHẤT GÀN LOTTE NGUYỄN VĂN LƯỢNG.,4100000,25m²,"Thống Nhất, 16, Gò Vấp, Hồ Chí Minh","Zá: 4?1/ tháng_cửa sổ hành lang 4?3/ tháng_cửa sổ trời. - Full nội thất mới 100% như hình. •Phù hợp 2-4 bạn •Giờ giấc tự do •Ra vào vân tay •Không chung chủ. •Đường lớn tiện di chuyển: IUH, VLU 5-10p, Thống Nhất, Phan Văn Trị, Lê Đức Thọ, Lotte Nguyễn Văn Lượng, Phạm Văn Chiêu, Nguyễn Oanh, Quang Trung,…",tromoi.com
https://tromoi.com/phong-tro/phong-bancong-full-noi-that-ngay-tran-thi-trong-phuong-15-tan-binh,"PHÒNG BANCONG FULL NỘI THẤT NGAY TRẦN THỊ TRỌNG, PHƯỜNG 15, TÂN BÌNH.",4500000,35m²,"Cống Lở, Tân Bình, Hồ Chí Minh","•Giờ giấc tự do, Không chung chủ •Ra vào vân tay, Camera An Ninh •Nhà xe( FREE). •Tiện di chuyển: + Gò Vấp: Phạm Văn Bạch, Sân Golf Tân Sơn, Phan Huy Ích, Quang Trung,… + Tân Bình: Phường 15 Tân Bình, Big C Trường Chinh, Trường Chinh, Cộng Hoà, Kcn Tân Bình,…",tromoi.com
https://tromoi.com/phong-tro/phong-tro-gia-re-full-noi-that-gac-cao-khong-dung-dau-gan-dh-cong-nghiep-le-duc-tho,PHÒNG TRỌ GIÁ RẺ FULL NỘI THẤT GÁC CAO KHÔNG ĐỤNG ĐẦU GẦN ĐH CÔNG NGHIỆP_LÊ ĐỨC THỌ.,4100000,35m²,"Lê Đức Thọ, 6, Gò Vấp, Hồ Chí Minh","•Full Nội thất: Máy lạnh, tủ lạnh, tủ quần áo, kệ bếp trên dưới, gương, lavabo, dán sàn mới,… •Không giới hạn người ở •Giờ giấc tự do •Ra vào vân tay •Không chung chủ •Nhà xe (Hệ thống PCCC). •Tiện ích toà nhà: Camera An ninh, Thang thoát hiểm, Hệ thống PCCC,… + Qua các trường IUH, VLU 5-10p, Lê Đức Thọ, Lotte Nguyễn Văn Lượng, Phan Văn Trị, Thống Nhất, Nguyễn Oanh, Nguyễn Thái Sơn, Dương Quãng Hàm,…",tromoi.com
https://tromoi.com/phong-tro/can-ho-studio-bancong-full-noi-that-moi-100-ngay-duong-quang-ham,CĂN HỘ STUDIO BANCONG FULL NỘI THẤT MỚI 100% NGAY DƯƠNG QUÃNG HÀM,6000000,30m²,"Dương Quảng Hàm, 6, Gò Vấp, Hồ Chí Minh","Danh mục nội thất : máy lạnh, bếp hồng ngoại , tủ kệ bếp , tủ lạnh, máy hút mùi, tủ quần áo, giường , bàn trang điểm , bàn làm việc,… - Giờ giấc tự do - Không chung chủ - Ra vào vân tay Chi phí: + Điện 4k +Nước 100/người +Dịch vụ 200/phòng (rác, vệ sinh, wf, giặt máy, thang máy, bảo trì) +Xe: free 2c Giới hạn 4ng - 2xe Nhận nuôi thú cưng ( cam kết ) Liên hệ ngay kẻo hết: 0344340416 (Anh Ngọc Hải)",tromoi.com
https://tromoi.com/phong-tro/studio-tai-duong-pham-van-chieu-phuong-9-quan-go-vap-ho-chi-minh,CĂN HỘ STUDIO CỬA SỔ TRỜI FULL NỘI THẤT NGAY CHỢ THẠCH ĐÀ PHẠM VĂN CHIÊU.,3800000,30m²,"Phạm Văn chiêu, 9, Gò Vấp, Hồ Chí Minh","CĂN HỘ STUDIO FULL NỘI THẤT – NGAY CHỢ PHẠM VĂN CHIÊU – GIÁ CHỈ TỪ 3.800.000đ/THÁNG Công khai giá: từ 3.800.000đ – 4.000.000đ/tháng Căn hộ studio có cửa sổ trời thoáng mát , thiết kế hiện đại, đầy đủ nội thất: Giường, nệm, tủ quần áo, bàn làm việc, máy lạnh, tủ lạnh, bếp, máy nước nóng… Tiện ích vượt trội: Giờ giấc tự do, không chung chủ Ra vào bằng vân tay , an ninh 24/24 Camera giám sát , có thang máy Hầm để xe rộng rãi, miễn phí gửi xe Vị trí trung tâm – tiện di chuyển: Gần các trục đường lớn: Phạm Văn Chiêu, Quang Trung, Nguyễn Văn Khối, Lê Đức Thọ, Phan Huy Ích… Thuận tiện đến các điểm sau: ĐH Văn Hiến CĐ Y Dược Hồng Đức ĐH Công Nghiệp Cơ Sở 2 CV Phần Mềm Quang Trung Emart Phan Huy Ích Phù hợp cho sinh viên, nhân viên văn phòng cần không gian riêng tư, sạch sẽ, an toàn. Liên hệ xem phòng: 0344340416",tromoi.com
https://tromoi.com/phong-tro/nha-tro-duong-huynh-van-banh-phuong-15-quan-phu-nhuan-thanh-pho-ho-chi-minh,"Nhà trọ đường Huỳnh Văn Bánh, Phường 15, Quận Phú Nhuận, Thành phố Hồ Chí Minh",4500000,16m²,"Huỳnh Văn Bánh, Phường 15, Phú Nhuận, Thành phố Hồ Chí Minh","PHÒNG TRỌ GIÁ RẺ PHÚ NHUẬN Địa chỉ: Huỳnh Văn Bánh, Phường 15, Quận Phú Nhuận, TP. HCM Giá thuê: 4.5 triệu/tháng Không gian yên tĩnh, riêng tư, nằm ngay khu trung tâm quận Phú Nhuận, dễ dàng di chuyển sang Quận 1, Tân Bình, Bình Thạnh,... Tiện ích: Có máy lạnh sẵn, sử dụng ngay không cần mua thêm Cửa sổ thoáng mát , đón nắng gió tự nhiên Nhà trọ sạch sẽ, khu vực an ninh Giờ giấc ổn định, đóng cửa lúc 11h đêm Liên hệ chính chủ: 0917 716 761 để xem phòng trực tiếp.",tromoi.com
https://tromoi.com/phong-tro/nha-tro-phung-van-cung-phuong-7-phu-nhuan-ho-chi-minh,duplex Phan Xích Long,5000000,30m²,"Phùng Văn Cung, 7, Phú Nhuận, Hồ Chí Minh","Duplex, nội thất tủ lạnh, máy lạnh. Phòng mới chưa ai ở. Giờ giấc tự do. Đường ô tô lớn tới nhà, an ninh. Khu vực đầy đủ tiện ích",tromoi.com
https://tromoi.com/phong-tro/nha-tro-duong-ngo-quyen-phuong-12-quan-5-ho-chi-minh,"Cho thuê lầu 3 trong nhà ngay trung tâm quận 5, ngã tư Ngô Quyền - Nguyễn Chí Thanh TPHCM",3300000,45m²,"Ngô Quyền, 12, Quận 5, Hồ Chí Minh","Cho thuê lầu 3 trong nhà nằm trên đường Ngô Quyền phường 12,quận 5, ngay ngã tư Ngô Quyền – Nguyễn Chí Thanh ( gần bệnh viện Chợ Rẫy, trường phổ thông Năng Khiếu và trường Đại học Y Dược TPHCM ) Nhà có 1 trệt và 3 lầu. Đã cho thuê lầu 1 và 2. Cần cho thuê lầu 3. Nhà trống dọn vào ở ngay Phòng sạch sẽ, thoáng mát, có ban công phơi đồ, có toilet và bếp riêng biệt của từng lầu, giờ giấc tự do,an ninh tốt. - Giá Lầu 3 :Phòng rộng có thể ở 3 người, giá 3.300 triệu/tháng. Khách hàng có nhu cầu thuê nhà vui lòng liên hệ chú Hòa số điện thọai : 0926.198.168",tromoi.com
https://tromoi.com/phong-tro/phong-tro-duplex-cua-so-full-noi-that-ngay-than-nhan-trung-tan-binh,"Duplex cửa sổ full nội thất ngay học viện Hàng Không, Tân Bình",5500000,40m²,"Thân Nhân Trung, Phường 12, Tân Bình, Hồ Chí Minh","CHO THUÊ DUPLEX FULL NỘI THẤT – NGAY TRUNG TÂM TÂN BÌNH Địa chỉ: Đường Thân Nhân Trung, Quận Tân Bình Phù hợp: 2–4 người Thiết kế: Duplex có gác lửng, cửa sổ thoáng sáng Tiện ích phòng: Full nội thất: giường nệm, tủ quần áo, sofa, tivi, điều hòa, tủ lạnh Kệ bếp, bình nóng lạnh, máy giặt Vệ sinh riêng, sạch sẽ Wifi tốc độ cao Tiện ích tòa nhà: Thang máy hiện đại Khu giặt sấy riêng Camera an ninh 24/7 Bãi để xe riêng, sân vườn thoáng mát Vị trí: Gần Sân bay Tân Sơn Nhất, Nhà ga T3, Lotte Mart Tân Bình Thuận tiện di chuyển ra các trục đường lớn: Cộng Hòa, Hoàng Sa, Trường Sa, Nguyễn Văn Trỗi Liên hệ: 0876 226 533 (Zalo) Xem phòng trực tiếp – Hỗ trợ tận tình",tromoi.com
https://tromoi.com/phong-tro/nha-tro-lam-van-ben-tan-thuan-tay-quan-7-ho-chi-minh,"Phòng studio có hồ bơi vô cực, Full nội thất - Giá từ 5.5 triệu",5500000,300m²,"Lâm Văn Bền, Tân Thuận Tây, Quận 7, Hồ Chí Minh","Bạn đang tìm kiếm một không gian sống đẳng cấp, tiện nghi và đầy đủ riêng tư? Hãy đến với chúng tôi - hệ thống phòng studio 50 căn hộ cao cấp ngay trung tâm thành phố, mang đến trải nghiệm sống như resort 5 sao! Điểm nhấn đặc biệt của tòa nhà chính là hồ bơi vô cực trên sân thượng với tầm nhìn toàn cảnh thành phố tuyệt đẹp - nơi lý tưởng để bạn thư giãn sau một ngày dài làm việc.” ​Giờ giấc hoàn toàn tự do, có bảo vệ túc trực 24/24 cho phép bạn thoải mái tiếp đón bạn bè hoặc tận hưởng cuộc sống riêng tư mà không bị ràng buộc. Phòng được thiết kế theo dạng studio hiện đại, diện tích vừa phải, đầy đủ tiện nghi, phù hợp cho người đi làm hoặc các cặp đôi trẻ.” ​Nội thất cao cấp, đầy đủ từ A-Z: ​Máy lạnh ​Tủ lạnh ​Giường và nệm cao su ​Tủ quần áo ​Kệ bếp ​Phòng vệ sinh riêng ​Tiện ích nội khu: ​“Tòa nhà có hầm để xe rộng rãi, an toàn.” ​“Trang bị máy giặt và máy sấy ở tầng hầm giúp bạn tiết kiệm thời gian và công sức giặt giũ.” ​“Hệ thống an ninh 24/7, camera giám sát toàn bộ tòa nhà, đảm bảo an toàn tuyệt đối cho bạn. Giá thuê chỉ từ 5.5 triệu/tháng tùy theo diện tích và view phòng.” ​Chi phí dịch vụ (công khai, minh bạch): ​Điện: 4.000đ/kwh ​Nước: 100.000đ/người ​Phí quản lý: 200.000đ/phòng ​Gửi xe: 100.000đ/xe",tromoi.com
https://tromoi.com/phong-tro/tro-thu-duc-cu-xa-dien-luc,Phòng trọ Thủ Đức 13m2 có gác đúc 9m2,2300000,13m²,"30 đường 1 cư xá Điện Lực, Trường Thọ, Thủ Đức, Hồ Chí Minh","Trần cao, thoáng mát Khu vực an ninh Lối đi riêng",tromoi.com
https://tromoi.com/phong-tro/phong-tro-linh-dong-thu-duc,Phòng trọ mới Linh Đông Thủ Đức,3500000,20m²,"30, Linh Đông, Thủ Đức, Hồ Chí Minh","Diện tích 20-22m2, có ban công/kh có ban công Phòng trọ mới Wifi, giữ xe free Giờ giấc tự do",tromoi.com
https://tromoi.com/phong-tro/nha-tro-so-115-27-pham-dinh-ho-phuong-6-quan-6-thanh-pho-ho-chi-minh,"Nhà trọ số 115/27 Phạm Đình Hổ, Phường 6, Quận 6, Thành phố Hồ Chí Minh",3600000,40m²,"115/27 Phạm Đình Hổ, Phường 6, Quận 6, Thành phố Hồ Chí Minh","🌹Trọ 115/27 Phạm Đình Hổ, 3.6 triệu lầu 2 👆Phòng trọ Quận 6, đường phạm đình hổ, sát Quận 5, Giá: 3.6 triệu 👆giờ giấc tự do 👆Căn 2 phòng ngủ, 1 bếp, 1 WC 👆Hẻm lớn, 2 ô tô tránh, có ban công , hướng nam mát mẻ 👆Có tủ gỗ, có giếng trời Ở được 4-6 người 👆Gần trường tiểu học Võ Văn Tần, cách DHYD 800m, THCS Hậu Giang,BV Chợ Rẫy,gần đường Hồng Bàng, gần bến xe chợ lớn 👆Tiện di chuyển qua quận 1, 3,5, 6,10, 11 👆Điện nước theo giá nhà nước, có đồng hồ riêng 👆LH: 0988830271/0388775869",tromoi.com
https://tromoi.com/phong-tro/nha-tro-so-507-tran-hung-dao-b-phuong-14-quan-5-thanh-pho-ho-chi-minh,"Nhà trọ số 507 Trần Hưng Đạo B, Phường 14, Quận 5, Thành phố Hồ Chí Minh",4500000,16m²,"507 Trần Hưng Đạo B, Phường 14, Quận 5, Thành phố Hồ Chí Minh","Phòng trọ Q5, chính chủ cho thuê đường Trần Hưng Đạo B, P14, Q5, dt 35m2 Giá thuê 4.5 ( có thể ở 2-3 người) 👆Gần các trường DH Sài Gòn, DH YD va DHKT và bệnh viện q5, như dhyd, bv chợ rẫy, bv phạm ngọc thạch, gần trường cấp 2 và 3 như trường hồng bàng, hùng vương, Bội cơ Gần các chợ như chợ lớn, chợ kim biên, chợ vải soái kình lâm, chợ thiếc, chợ phùng hưng… 👆Nội thất đầy đù và mới tinh, có tủ bếp, kệ bếp, tủ quần áo, có bàn ghế, có cửa sổ và ban công, chỉ việc xách valy vào ở 👆có máy lạnh 👆có giếng trời và cửa sổ 👆Đồng hồ điện riêng 👆Có wc riêng khép kín 👆Giờ giấc tự do 👆Dưới chung cư có chỗ gửi xe Tel: hạnh 0988830271/0388775869",tromoi.com
https://tromoi.com/phong-tro/ky-tuc-xa-dd12-bach-ma-phuong-15-quan-10-thanh-pho-ho-chi-minh,"Ký túc xá DD12 Bạch Mã, Phường 15, Quận 10, Thành phố Hồ Chí Minh",1600000,20m²,"DD12 Bạch Mã, Phường 15, Quận 10, Thành phố Hồ Chí Minh","- Giá từ 1,6 triệu - 1,8 triệu (đã bao gồm mọi chi phí) - Nếu có xe hỗ trợ gửi xe ngoài 100k - Mỗi giường có rèm, nệm, bàn liền đầu giường - Có máy lạnh, nhà vệ sinh trong phòng, có ngăn tủ để đồ riêng cho từng bạn - Khu vực bếp chung có tủ lạnh, máy lọc nước, và đầy đủ dụng cụ nấu ăn kèm gia vị - Có máy giặt máy sấy chung - Gần Big C miền Đông, Đại học Bách Khoa, chợ Tân Bình, bệnh viện Thống Nhất,.. Thuận tiện di chuyển qua các Quận 3, Quận 11, Quận 1, ...",tromoi.com
https://tromoi.com/phong-tro/nha-tro-687-31-le-duc-anh-binh-hung-hoa-binh-tan-thanh-pho-ho-chi-minh,"Nhà trọ 687/31 Lê Đức Anh, Bình Hưng Hòa, Bình Tân, Thành phố Hồ Chí Minh",3500000,30m²,"687/31 Lê Đức Anh, Bình Hưng Hòa, Bình Tân, Thành phố Hồ Chí Minh","CHO THUÊ PHÒNG TRỌ GIỜ GIẤC TỰ DO – ĐƯỜNG XE HƠI VÀO TẬN CỬA – BÌNH TÂN Địa chỉ: 687/31 Lê Đức Anh, Phường Bình Hưng Hòa, Quận Bình Tân Đường rộng – ô tô vào tận nơi – khu vực an ninh, yên tĩnh Hiện có 1 phòng trống: Phòng 3 triệu 5/tháng Tiện ích: Giờ giấc tự do, không chung chủ Toilet riêng, không gian sạch sẽ Khu để xe rộng rãi, thoáng mát Chi phí: Điện: 3.700đ/kWh Nước: 100.000đ/người Wifi: 100.000đ/phòng Rác: 50.000đ/phòng Liên hệ chính chủ: 0939 280 280 0352 585 999",tromoi.com
https://tromoi.com/phong-tro/nha-tro-duong-so-21-phuong-8-go-vap-ho-chi-minh,STUDIO FULL NỘI THÂT PHÒNG NGỦ TÁCH BẾP,3500000,26m²,"Đường số 21, 8, Gò Vấp, Hồ Chí Minh","Căn hộ 26m² Đường số 21, Gò Vấp - Giá cực tốt 3.5 triệu 👉PHÒNG SẴN MÁY LẠNH, GIƯỜNG NỆM, TỦ BẾP LỚN, TỦ QUẦN ÁO 👉HỖ TRỢ THÊM TỦ LẠNH FREE/GIẢM 500K TIỀN PHÒNG THÁNG ĐẦU 👉CỔNG VÂN TAY, NHÀ XE RỘNG RÃI, GIỜ TỰ DO, CHO NUÔI PET Mình đang cho thuê căn hộ nhỏ xinh ở Đường số 21, Gò Vấp, rất phù hợp cho sinh viên, công nhân, nhân viên văn phòng, hoặc cặp đôi. Căn hộ sạch sẽ, tiện nghi đầy đủ, giá cực tốt chỉ 3.5 triệu/tháng thôi. 🏠 Về căn hộ Căn hộ diện tích 26m², có đầy đủ tiện nghi như điều hòa, tủ lạnh, giường nệm, tủ áo quần, bình nóng lạnh, kệ bếp,... Vệ sinh trong phòng tắm rất sạch sẽ. Không gian nhỏ xinh nhưng đầy đủ tiện nghi, rất lý tưởng cho những bạn muốn có không gian riêng tư và thoải mái. 📍 Vị trí Nằm trên Đường số 21, Gò Vấp, vị trí cực kỳ thuận tiện cho việc đi học, đi làm. Xung quanh có đầy đủ các tiện ích như chợ, siêu thị, bệnh viện, trường học, công viên, bến xe bus, và cả trung tâm thể dục thể thao nữa. Đến các quận khác cũng rất dễ dàng. Liên hệ Lộc Apartment để xem phòng ngay!",tromoi.com
https://tromoi.com/phong-tro/phong-tro-gia-re-gac-cao-ngay-cong-vien-phan-mem-quang-trung-to-ky,PHÒNG TRỌ GIÁ RẺ GÁC CAO NGAY CÔNG VIÊN PHẦN MỀM QUANG TRUNG_TÔ KÝ.,3000000,24m²,"Đông Bắc, Tân Hưng Thuận, Quận 12, Hồ Chí Minh","PHÒNG TRỌ GIÁ RẺ – GÁC CAO – NGAY CVPM QUANG TRUNG, TÔ KÝ – QUẬN 12 Địa chỉ: 35 Đông Bắc, P. Tân Hưng Thuận, Q.12, TP.HCM (70000) Thông tin phòng: Giá thuê: 3 triệu/tháng Có gác cao, không gian thoáng mát Giờ giấc tự do – không chung chủ Ra vào bằng vân tay, có camera an ninh Vị trí thuận tiện: Gần CVPM Quang Trung, ĐH GTVT, HUFLIT, đường Tô Ký Dễ dàng di chuyển đến Chợ Cầu, Trung Mỹ Tây, Quang Trung, Gò Vấp… Liên hệ: Call: 0397 297 456",tromoi.com
https://tromoi.com/phong-tro/phong-tro-quan-5-dh-y-duoc-dh-hung-vuong-dh-sp-tdtt,"Cho thuê số 10/3C, đường Đỗ Ngọc Thạnh, phường 14, Quận 5, Thành phố Hồ Chí Minh",2000000,16m²,"Đỗ Ngọc Thạnh, 14, Quận 5, Hồ Chí Minh","Cho thuê phòng trọ giá rẻ Phường 14 Quận 5, ngay trung tâm Quận 5, đầy đủ tiện ích, gần trường Đại Học, Bệnh viện, Trung tâm thương mại... Đa dạng phòng từ 16m2, 18m2, 20m2 có thể ở từ 2-3 bạn. Giá thuê từ 2-3 triệu tùy phòng. Có nhà vệ sinh riêng, có chỗ để xe. Giờ giấc tự do, điện nước theo giá nhà nước, không kinh doanh Liên hệ xem nhà: 0932938356",tromoi.com
https://tromoi.com/phong-tro/toa-nha-etown-43a-phan-van-suu-phuong-13-quan-tan-binh-thanh-pho-ho-chi-minh,"Tòa nhà Etown 43a Phan Văn Sửu, Phường 13, Quận Tân Bình, Thành phố Hồ Chí Minh",6000000,40m²,"43a Phan Văn Sửu, Phường 13, Quận Tân Bình, Thành phố Hồ Chí Minh","Căn hộ 1PN siêu cute - dọn vào là ở Phòng có sẵn đầy đủ nội thất Riêng tư yên tĩnh và cực kỳ an ninh Mỗi phòng có sẵn internet riêng cực mạnh - Cách chợ 5 căn nhà - Cách bách hóa xanh 7 căn - Cách Big C chỉ 100m - 150m là tới Circle K, cửa hàng tiện lợi 24/24",tromoi.com
https://tromoi.com/phong-tro/nha-tro-duong-nguyen-dinh-khoi-phuong-4-tan-binh-thanh-pho-ho-chi-minh,"Cho thuê phòng trọ cao cấp Studio-p4, Q.Tân Bình-gần sân bay Tân Sơn Nhất",6500000,40m²,"Nguyễn Đình Khơi, Phường 4, Tân Bình, Thành phố Hồ Chí Minh","PHÒNG CHO THUÊ – FULL NỘI THẤT – NGUYỄN ĐÌNH KHƠI, TÂN BÌNH Địa chỉ: Nguyễn Đình Khơi, Phường 4, Quận Tân Bình, TP. HCM Giá thuê: 6.500.000đ/tháng Tiện ích nổi bật: Phòng full nội thất, dọn vào ở ngay. Thang máy hiện đại, ra vào bằng vân tay, an ninh camera 24/7. Khu dân trí cao, yên tĩnh, môi trường sống an toàn. Vị trí đắc địa: Gần sân bay Tân Sơn Nhất, Công viên Hoàng Văn Thụ, trung tâm quận Tân Bình. Thuận tiện di chuyển sang Quận 1, Phú Nhuận, Gò Vấp. Gần chợ, siêu thị, cửa hàng tiện lợi, quán ăn. Ưu đãi dài hạn cho khách thuê. Liên hệ: 0909342803 để được tư vấn và xem phòng miễn phí.",tromoi.com
https://tromoi.com/phong-tro/nha-tro-so-58-15-thanh-thai-phuong-14-quan-10-thanh-pho-ho-chi-minh,"Nhà trọ số 58/15 Thành Thái, Phường 14, Quận 10, Thành phố Hồ Chí Minh",3800000,20m²,"58/15 Thành Thái, Phường 14, Quận 10, Thành phố Hồ Chí Minh","Phòng trọ giá tốt tại Quận 10 Thông tin chi tiết: Vị trí thuận tiện di chuyển. Trang bị đầy đủ tiện nghi: máy lạnh, kệ bếp, tủ quần áo, toilet riêng trong phòng. Phù hợp cho 2-3 người ở. Tiện ích nổi bật: Camera an ninh 24/24, đảm bảo an toàn. Miễn phí để 2 xe, không tốn thêm chi phí. Chi phí hợp lý: Điện: 4k/kWh. Nước: 20k/m³. Wifi, rác và vệ sinh: 100k/người. Nhanh tay liên hệ để xem phòng và giữ chỗ ngay hôm nay nhé!",tromoi.com
https://tromoi.com/phong-tro/nha-tro-so-104-khuong-viet-phuong-phu-trung-quan-tan-phu-thanh-pho-ho-chi-minh,"Nhà trọ số 104 Khuông Việt, Phường Phú Trung, Quận Tân Phú, Thành phố Hồ Chí Minh",3700000,25m²,"104 Khuông Việt, Phường Phú Trung, Quận Tân Phú, Thành phố Hồ Chí Minh","TRỌ NGAY ĐẠI HỌC VĂN HIẾN HOT- TRỐNG 1 PHÒNG CÓ BẢO VỆ THANG MÁY - NỘI THẤT ĐẦY ĐỦ Giá chỉ 3.700.000 Gần Đại học Văn Hiến, siêu thị, chợ, công viên, khu vực an ninh, rộng rãi... Phòng rộng 25m2 gác cao ban công thoáng gió Ra vào vân tay, giờ giấc tự do Ở được tối đa: 2 người",tromoi.com
https://tromoi.com/phong-tro/nha-tro-so-333-12-22-le-van-sy-phuong-1-quan-tan-binh-thanh-pho-ho-chi-minh,"Nhà trọ số 333/12/22 Lê Văn Sỹ, Phường 1, Quận Tân Bình, Thành phố Hồ Chí Minh",3000000,28m²,"333/12/22 Lê Văn Sỹ, Phường 1, Quận Tân Bình, Thành phố Hồ Chí Minh","* Mô tả: trống 1 phòng: - Phòng có máy lạnh, cửa sổ thoáng khí, wc riêng rộng rãi và sạch sẽ, có đồng hộ điện riêng (điện nước tính theo giá nhà nước) - Phòng nằm ở tầng trệt, phía trước là bãi để xe - Nằm trong khu vực an ninh, yên tĩnh, phù hợp cho người đi làm và sinh viên - Gần chợ Phạm Văn Hai, bệnh viện Chấn Thương Chỉnh Hình, Công viên Hoàng Văn Thụ,... Thuận tiện di chuyển các quận Phú Nhuận, Quận 3, Quận 1,...",tromoi.com
https://tromoi.com/phong-tro/phong-tro-moi-xay-co-gac-lung-ngay-tai-71-nguyen-thuong-hien-phuong-7-binh-thanh,"Phòng trọ mới xây, có gác lửng ngay tại 71 Nguyễn Thượng Hiền, Phường 7, Bình Thạnh, Hồ Chí Minh",5500000,18m²,"71 Nguyễn Thượng Hiền, Phường 7, Bình Thạnh, Hồ Chí Minh","Phòng trọ mới xây ngay tại Nguyễn Thượng Hiền, Phường 7, Bình Thạnh, Hồ Chí Minh Chi tiết phòng trọ: - Nhà trọ phòng mới full nội thất nội thất khách. - Thang máy đến tận phòng. - Ra vào tự do cửa vân tay, nước nóng năng lượng mặt trời. - Xe để dưới nhà khu để xe rộng rãi. - Khu giặt sấy trên sân thượng rộng rãi hóng mát ngắm máy bay. - Phòng có cửa sổ lớn ngay tầm gác, gió mát lồng lộng ạ, gác cao 1m9. - Phòng có toilet riêng trong phòng, phòng ban công cửa lớn ban công rộng. - Đường lớn xe hơi vào tới cửa.",tromoi.com
https://tromoi.com/phong-tro/nha-tro-duong-thong-nhat-phuong-16-go-vap-ho-chi-minh,PHÒNG TRỌ RỘNG RÃI NỘI THẤT CƠ BẢN GÒ VẤP,2500000,18m²,"Thống Nhất, 16, Gò Vấp, Hồ Chí Minh","Cửa sổ thoáng, phòng mới, rộng rãi, cho nuôi pet Được nấu ăn, nhận lắp thêm bếp, nội thất theo yêu cầu Có sẵn tủ đồ âm tường, máy nóng lạnh, có sân thượng Nhà xe rộng rãi, camera an ninh, khu vực dân trí cao",tromoi.com
https://tromoi.com/phong-tro/nha-tro-so-100-18-nguyen-hong-phuong-1-go-vap-thanh-pho-ho-chi-minh,Phòng trọ sinh viên - Gò Vấp,3500000,18m²,"100/18 Nguyên Hồng, Phường 1, Gò Vấp, Thành phố Hồ Chí Minh","HÒNG TRỌ TẦNG TRỆT – GẦN ĐẠI HỌC CÔNG NGHIỆP TP.HCM 📍 Địa chỉ: 100/18 Nguyên Hồng, Phường 1, Quận Gò Vấp, TP.HCM ✨ Đặc điểm phòng: Tầng trệt, thuận tiện đi lại Thích hợp cho 2 sinh viên ở chung Không gian sạch sẽ, thoải mái 💰 Giá thuê: 3.500.000đ/tháng 📞 Liên hệ: 0983 305 032",tromoi.com
https://tromoi.com/phong-tro/nha-tro-551-99-26-le-van-khuong-tan-thoi-hiep-quan-12-ho-chi-minh,"Nhà Trọ 551/99/26 Lê Văn Khương, Tân Thới Hiệp, Quận 12, Hồ Chí Minh",2500000,16m²,"551/99/26 Lê Văn Khương, Tân Thới Hiệp, Quận 12, Hồ Chí Minh","CHÍNH CHỦ CHO THUÊ PHÒNG TRỌ ĐẦY ĐỦ TIỆN NGHI TẠI QUẬN 12 -Địa chỉ: 551/99/26 Lê Văn Khương, Tân Thới Hiệp, Quận 12 -Giá: 2tr5/Tháng -Diện tích: 16m2 -Nội thất: Máy lạnh, gác cao, kệ bếp, vệ sinh riêng, cửa sổ lớn -Có thang máy, Hành lang rộng, Hệ thống PCCC cao cấp -Bãi giữ xe rộng rãi, Hẽm xe hơi, Khu vực an ninh, yên tĩnh -Giờ giấc tự do, không chung chủ, có bảo vệ, camera 24/7 DỊCH VỤ Điện 3k/Số Nước 5k/Khối Xe 70k/Tháng Vệ sinh 40k/Phòng Wifi 20k/Người -Gần ĐH Lao Động Và Xã Hội CS2, ĐH Giao Thông Vận Tải CS3 -Thuận tiện di chuyển đi học, đi làm, gần các trung tâm, chợ, cửa hàng tiện lợi, siêu thị -Liên hệ xem phòng Call/Zalo 0962778879 Anh Long 0396651773 Cô Nga",tromoi.com
https://tromoi.com/phong-tro/nha-tro-duong-ma-lo-phuong-binh-tri-dong-a-quan-binh-tan-thanh-pho-ho-chi-minh,"Nhà trọ đường Mã Lò, Phường Bình Trị Đông A, Quận Bình Tân, Thành phố Hồ Chí Minh",3400000,20m²,"Mã Lò, Phường Bình Trị Đông A, Quận Bình Tân, Thành phố Hồ Chí Minh","Nhà có 3 dạng phòng: phòng có gác, phòng Studio có ban công và phòng Studio có cửa sổ lớn - Phòng có gác giá 3tr4 - Phòng Studio có ban công giá 4tr4 - Phòng Studio có cửa sổ lớn giá 3tr7. Ngoài ra hiện còn trống thêm các phòng khác giá dao động từ 3tr4-3tr9 - Các phòng đều có nội thất cơ bản như: tủ lạnh, giường nệm, máy lạnh, tủ quần áo, kệ bếp, wc riêng. Phòng sạch sẽ, thông thoáng và sáng sủa - Hiện đang có Chương trình giảm 2 tháng đầu 500k cho khách - Chi phí khác: điện 3,8k/kwh, nước 100k, xe 100k, dịch vụ 150k/1 phòng, máy giặt free - Có máy giặt chung, nhà xe rộng rãi, camera an ninh, khoá thông minh,... - Gần bệnh viện Bình Tân, Aeon mall Tân Phú, Đầm Sen,... Thuận tiện di chuyển các Quận Tân Phú, Quận 11,... Liên hệ: 0849957957 Sương Địa chỉ: Mã Lò, Phường Bình Trị Đông A, Quận Bình Tân, Thành phố Hồ Chí Minh",tromoi.com
https://tromoi.com/phong-tro/nha-tro-duong-ly-thuong-kiet-phuong-9-tan-binh-thanh-pho-ho-chi-minh,Trọ Tân Bình,4200000,28m²,"Lý Thường Kiệt, Phường 9, Tân Bình, Thành phố Hồ Chí Minh","PHÒNG TRỌ TRUNG TÂM – RỘNG RÃI – ĐẦY ĐỦ NỘI THẤT Địa chỉ: Lý Thường Kiệt, Phường 9, Quận Tân Bình, TP.HCM Giá thuê: 4.200.000 đồng/tháng Phòng sạch sẽ, rộng rãi, thoáng mát, có cửa sổ đón ánh sáng tự nhiên. Trang bị đầy đủ nội thất, dọn vào ở ngay, phù hợp cho nhóm 2–5 người ở thoải mái. Vị trí đắc địa, nằm ngay khu trung tâm, thuận tiện di chuyển sang các quận khác. Gần chợ, siêu thị, trường học, hàng quán, cực kỳ tiện lợi cho sinh hoạt hằng ngày. Liên hệ xem phòng: 0396190729 (Huy)",tromoi.com
https://tromoi.com/phong-tro/co-liem,"Cho thuê phòng trọ Nữ - Ni Sư Huỳnh Liên, P.10, Q. Tân Bình ( ưu tiên sinh viên)",2500000,12m²,"Ni Sư Huỳnh Liên, 10, Tân Bình, Hồ Chí Minh","PHÒNG TRỌ CHO THUÊ – TÂN BÌNH Địa chỉ: Đường Ni Sư Huỳnh Liên, Phường 10, Quận Tân Bình, TP. Hồ Chí Minh Giá thuê: 2,5 triệu/tháng Tiện nghi & Ưu điểm: Toilet riêng trong phòng Miễn phí: nước, 25kWh điện/tháng, giữ xe, wifi, rác Phòng sạch sẽ, thoáng mát Khu vực an ninh, yên tĩnh Giờ giấc tự do, có lối đi riêng Chỗ phơi đồ ngoài trời có nắng Nhà để xe rộng rãi Có vệ sinh trong, phòng tắm riêng Bãi để xe riêng, camera an ninh Vị trí thuận tiện: Chỉ vài phút đi bộ tới chợ Bàu Cát Gần chợ Tân Bình – chợ lớn, nhiều mặt hàng Trạm xe buýt Âu Cơ (tuyến 148, 27, 62, 64...) dễ dàng di chuyển Gần nhiều trường học, cơ quan hành chính, doanh nghiệp Thuận tiện đến Chùa Giác Lâm, Chùa Viên Giác, Chùa Phổ Quang Khu vực dân cư an ninh, yên tĩnh, lý tưởng cho sinh viên, người đi làm Liên hệ: 0935224045",tromoi.com
https://tromoi.com/phong-tro/nha-tro-duong-de-bao-xa-tan-quy-tay-huyen-binh-chanh-thanh-pho-ho-chi-minh,"Nhà trọ đường Đê Bao, Xã Tân Quý Tây, Huyện Bình Chánh, Thành phố Hồ Chí Minh",1300000,20m²,"Đê Bao, Xã Tân Quý Tây, Huyện Bình Chánh, Thành phố Hồ Chí Minh","Chì còn duy nhất 2 phòng Phòng trọ thoáng mát có chổ để xe, phơi đồ, sẵn chổ lắp máy lạnh. Phòng có 1 lầu 1 trệt có bếp 1 wc riêng Giờ giấc tự do Gần chợ, trường học cấp 1, cấp 2, cấp 3, gần trường Đại học Văn Hiến, phòng yên tĩnh mát mẻ, Liên hệ để trao đổi thêm.",tromoi.com
https://tromoi.com/phong-tro/nha-tro-duong-vo-van-hat-phuong-long-truong-quan-9-thanh-pho-ho-chi-minh,"Nhà trọ đường Võ Văn Hát, Phường Long Trường, Quận 9, Thành phố Hồ Chí Minh",4100000,30m²,"Võ Văn Hát, Phường Long Trường, Quận 9, Thành phố Hồ Chí Minh","- Phòng trọ mát mẻ, có cây cảnh - Phòng yên tĩnh phù hợp sau 1 ngày ở Sài Gòn xô bồ - Có sẵn máy lạnh, tủ lạnh, máy nước nóng lạnh - Có khu đọc sách - Nước lọc miễn phí - Có khu vui chơi cho các bé - Có wifi riêng trong từng phòng - Phòng mới 100%, nội thất mới chưa qua sử dụng",tromoi.com
https://tromoi.com/phong-tro/ky-tuc-xa-18a10-tang-nhon-phu-phuoc-long-b-quan-9-thu-duc-thanh-pho-ho-chi-minh,"Ký túc xá 18A10 Tăng Nhơn Phú, Phước Long B, Quận 9 (Thủ Đức), Thành phố Hồ Chí Minh",1500000,30m²,"18A10 Tăng Nhơn Phú, Phước Long B, Quận 9 (Thủ Đức), Thành phố Hồ Chí Minh","KÝ TÚC XÁ GIÁ RẺ – GẦN NHIỀU TRƯỜNG ĐẠI HỌC – CHỈ 1TR5/THÁNG Địa chỉ: 18A10 Tăng Nhơn Phú, Phường Phước Long B, TP. Thủ Đức (Quận 9 cũ), TP.HCM Giá thuê chỉ 1.500.000 đồng/giường/tháng – TRỌN GÓI Tiện ích đầy đủ: Có wifi tốc độ cao Khu vực an ninh, yên tĩnh , dân cư văn minh Trang bị sẵn máy giặt, tủ lạnh, không gian sạch sẽ, thoáng mát Vị trí cực kỳ thuận tiện, gần nhiều trường đại học – cao đẳng lớn: Đại học Giao thông Vận tải TP.HCM – Cơ sở 3 Học viện Công nghệ Bưu chính Viễn thông Đại học Sư phạm Kỹ thuật TP.HCM Cao đẳng Kỹ nghệ II Cao đẳng Công Thương TP.HCM Cao đẳng Công nghệ Thủ Đức Rất phù hợp cho sinh viên học tập, tiết kiệm chi phí, tiện đi lại, vào ở ngay! Liên hệ: 0913 964 959 (Đức Toàn) để xem phòng và giữ chỗ!",tromoi.com
https://tromoi.com/phong-tro/nha-tro-49-40-16-trinh-dinh-trong-phu-trung-tan-phu-thanh-pho-ho-chi-minh,"Nhà trọ 49/40/16 Trịnh Đình Trọng, Phú Trung, Tân Phú, Thành phố Hồ Chí Minh",1500000,20m²,"49/40/16 Trịnh Đình Trọng, Phú Trung, Tân Phú, Thành phố Hồ Chí Minh","PHÒNG TRỌ GIÁ RẺ – DÀNH CHO NỮ Địa chỉ: 49/40/16 Trịnh Đình Trọng, Phường Phú Trung, Quận Tân Phú, TP.HCM. Giá thuê: 1.5 triệu/tháng Đối tượng: Nữ sinh viên hoặc nhân viên văn phòng Vị trí thuận tiện: Gần chợ, trường học, khu dân cư an ninh, dễ di chuyển Liên hệ: 📞 0932 161 748 ☎️ 028 3974 1322",tromoi.com
https://tromoi.com/phong-tro/ktx-giuong-cao-cap-may-lanh-gan-nga-tu-go-may,KTX giường Cao Cấp Gần Ngã Tư Gò Mây,1500000,68m²,"16/23 đường số 18, Bình Hưng Hòa, Bình Tân, Hồ Chí Minh","Room is available for you! KÍ TÚC XÁ CAO CẤP Chi tiết phòng cho thuê như sau: - Giá giường: 1.500.000 triệu - 1.600.000 vnđ - Địa chỉ: 16/23 đường số 18, P. BHH, Bình Tân - Vị trí: Gần Aeon Mall Tân Phú, cao đẳng FPT Polytechnic, cao đẳng Sài Gòn, Công Nghiệp Thực Phẩm, ngã tư Gò Mây,... Dễ dàng di chuyển qua các trường đại học và các quận trung tâm, phù hợp sinh viên đại học và người đi làm. - Nội thất phòng bao gồm: Giường sắt gỗ, đi kèm ra, nệm. Tủ cho từng giường Điện & nước sinh hoạt, chỗ để xe miễn phí và dịch vụ vệ sinh Nước uống miễn phí Wifi cáp quang tốc độ cao Máy giặt Máy lạnh Tủ lạn ​​​​​​​- Khu bếp thoải mái cho việc nấu nướng và dùng cơm. - Không cần cọc tiền trước - Giờ giấc thoải mái, tiện nghi, an toàn với cửa khoá vân tay. - Ban công thoáng mát bao quanh các phòng. Giá giường: 1.500.000đ - 1.600.000 vnđ. Liên hệ 0933086338 để được xem phòng và tư vấn.",tromoi.com
https://tromoi.com/phong-tro/nha-tro-tiki-house-nguyen-cuu-dam-tan-son-nhi-tan-phu,"Cho thuê KTX cao cấp, cách Đại học Công Thương chỉ 800m, Đh văn Hiến 2,1km",1250000,40m²,"Nguyễn Cửu Đàm, Tân Sơn Nhì, Tân Phú, Hồ Chí Minh","KTX, Tikihouse - Chỗ ở lý tưởng cho sinh viên và người đi làm! Địa chỉ: 85/8 Nguyễn Cửu Đàm, TP. HCM. Giá thuê chỉ từ 1250k Tiện nghi đầy đủ: Giường tầng (giường 1 tầng và 2 tầng đều có). ĐẸP – RẺ – TIỆN NGHI – AN NINH TUYỆT ĐỐI? ️ Máy lạnh – nước nóng – wifi mạnh – giường riêng – bếp xịn Ngoài ra bên mình còn giường DUPLEX HIỆN ĐẠI: tầng dưới sinh hoạt – tầng trên ngủ riêng tư giá 1950k Tất cả trong các phòng đều ở địa chỉ: 85/8 nguyễn cửu đàm, tân sơn nhì , tân phú Tiện ích chung: Cửa vân tay, camera an ninh, có người trông coi 24/24 Wifi Mesh 5 tốc độ cao – không lo lag khi học/làm Có máy lạnh, nước nóng, giường mới keng Tủ đồ + bàn học riêng từng người – Không gian riêng tư Khu vực an ninh – sạch sẽ – gần trường – đi bộ là tới Bếp chung, tủ lạnh, máy lọc nước nấu ăn đầy đủ FREE điện – nước – rác – wifi – máy lạnh (KHÔNG PHÁT SINH CHI PHÍ!) ƯU TIÊN: SINH VIÊN GỌN GÀNG – Ý THỨC TỐT SĐT: 0342 975 213 (Trâm) - Có Zalo. Hãy chọn KTX_Tikihouse - Nơi bạn tự do và thoải mái như ngôi nhà thứ hai!",tromoi.com
https://tromoi.com/phong-tro/nha-tro-duong-d1-25-binh-thanh-ho-chi-minh,Dự Án Mới Ngay ĐH GTVT,4200000,22m²,"Đường D1, 25, Bình Thạnh, Hồ Chí Minh",Khai Trương Dự Án Mới Ngay ĐH GTVT Hơn 20P,tromoi.com
https://tromoi.com/phong-tro/nha-tro-so-116-le-loi-phuong-4-quan-go-vap-thanh-pho-ho-chi-minh,"Nhà trọ số 116 Lê Lợi, Phường 4, Quận Gò Vấp, Thành phố Hồ Chí Minh",5500000,20m²,"116 Lê Lợi, Phường 4, Quận Gò Vấp, Thành phố Hồ Chí Minh","Phòng cao cấp đầy đủ tiện nghi gần Đại học Công Nghiệp Cho nữ thuê Phòng cao cấp đầy đủ tiện nghi gần Đại học Công Nghiệp. Thích hợp sinh viên và người đi làm Phòng có đầy đủ tiện nghi, Ban công rộng, toilet riêng trong phòng. Có máy giặt.",tromoi.com
https://tromoi.com/phong-tro/cho-nam-o-ghep-gan-ben-xe-mien-tay,"Nhà trọ ở ghép nam tại 242 Đường Lê Cơ, An Lạc, Bình Tân, Hồ Chí Minh",850000,35m²,"242 Lê Cơ, An Lạc, Bình Tân, Hồ Chí Minh","- Cho nam ở ghép 850k/1 người /1 tháng, phòng rộng 35m2, phòng 50m2 giá 1300k/1 người, ở tối đa 3 người 1 phòng. - Điện nước giá hộ gia đình rất rẻ. - Nhà rộng rãi, thoáng mát, an ninh, sạch sẽ. - Phù hợp với anh em đi làm ở các quận Bình Tân, Q4, Q5, Q6, Q8. - Đặc biệt không lấy tiền cọc. - Miễn phí tiền để xe máy, tiền wifi, tiền rác. Nhà mặt tiền đường lớn rộng 30m, ra Kinh Dương Vương 80m, ra Võ Văn Kiệt 60m. - Giá rẽ nhất khu vực.",tromoi.com
https://tromoi.com/phong-tro/can-ho-duplex-duong-nguyen-thi-thap-phuong-binh-thuan-quan-7-thanh-pho-ho-chi-minh,"Căn hộ Duplex đường Nguyễn Thị Thập, Phường Bình Thuận, Quận 7, Hồ Chí Minh",5500000,29m²,"Nguyễn Thị Thập, Tân Quy, Quận 7, Hồ Chí Minh","Đường số 81, Tân Quy, Quận 7 (kế bên Lotte, cầu Kênh Tẻ) • Nội thất đầy đủ từ A đến Ắ • Thiết kế hiện đại, có ban công thoáng mát • Giờ giất tự do, Thang máy • Gần trường Tôn Đức Thắng, Tài Chính-Marketing, Rmit, Nguyễn Tất Thành • Không chung chủ",tromoi.com
https://tromoi.com/phong-tro/nha-tro-duong-cong-hoa-phuong-13-tan-binh-thanh-pho-ho-chi-minh-1751013672,"Nhà trọ đường Cộng Hòa, Phường 13, Tân Bình, Thành phố Hồ Chí Minh",3500000,25m²,"Cộng Hòa, Phường 13, Tân Bình, Thành phố Hồ Chí Minh","STUDIO BANCOL ĐẦY ĐỦ TIỆN NGHI NGAY ETOWN CỘNG HOÀ - CẦU VƯỢT HOÀNG HOA THÁM CHỈ #3tr5 ✅ Đầy đủ nội thất như hình ✅ Giờ giấc tự do, ra vào vân tay ✅ Cửa sổ trời sạch sẽ, thoáng mát ✅ Khu an ninh dân trí cao, camera 24/7",tromoi.com
https://tromoi.com/phong-tro/nha-tro-xo-viet-nghe-tinh-26-binh-thanh-ho-chi-minh,PHÒNG RỘNG RÃI MỚI XÂY Ở LIỀN ĐƯỢC,3100000,24m²,"Xô Viết Nghệ Tĩnh, 26, Bình Thạnh, Hồ Chí Minh","Căn hộ nhỏ xinh 24m² tại Xô Viết Nghệ Tĩnh - Chỉ 3.1 triệu/tháng Mình đang cho thuê căn hộ nhỏ xinh 24m² tại Xô Viết Nghệ Tĩnh, rất lý tưởng cho sinh viên, công nhân, cặp đôi hoặc gia đình trẻ. Căn hộ sạch sẽ, đầy đủ tiện nghi, vị trí đắc địa, rất thích hợp để ở. 🏠 Về căn hộ Căn hộ diện tích 24m², được thiết kế gọn gàng, đầy đủ tiện nghi cần thiết như phòng tắm trong nhà, kệ bếp, máy giặt, điều hòa, ban công/sân thượng. Sẽ rất thoải mái cho cuộc sống hàng ngày của bạn. 📍 Vị trí Nằm ngay trên đường Xô Viết Nghệ Tĩnh, Bình Thạnh, Hồ Chí Minh, rất thuận tiện cho việc đi học, đi làm. Xung quanh có đầy đủ các tiện ích như chợ, siêu thị, bệnh viện, trường học, công viên, bến xe bus, và cả trung tâm thể dục thể thao nữa. Thật tiện lợi! 💰 Giá thuê Giá thuê là 3.1 triệu/tháng, Căn hộ này có đầy đủ tiện nghi, vị trí tốt, giá rất hợp lý cho một không gian sống thoải mái. Anh chị có thể liên hệ để xem phòng nhé! Liên hệ Lộc Apartment để xem phòng ngay!",tromoi.com
https://tromoi.com/phong-tro/nha-tro-tai-474-nguyen-van-cong-phuong-3-quan-go-vap-ho-chi-minh,"Nhà Trọ Tại 474 Nguyễn Văn Công, Phường 3, Quận Gò Vấp, Hồ Chí Minh",3200000,25m²,"Nguyễn Văn Công, 3, Gò Vấp, Hồ Chí Minh","PHÒNG TRỌ CHO THUÊ – 474 NGUYỄN VĂN CÔNG, P.3, Q. GÒ VẤP Giá thuê: 3,2 triệu/tháng Chi phí: Điện: 3,5k/kWh Nước: 100k/người Dịch vụ: 150k/phòng Tiện ích: Phòng thoáng mát, sạch sẽ Có gác, vệ sinh riêng Có máy giặt chung Chỗ để 1 xe máy Vị trí thuận lợi: Gần Bệnh viện Quân y 175 Gần Công viên Gia Định, Công viên Làng hoa Gò Vấp Gần các siêu thị lớn: Emart, Vincom, Lotte Mart Chợ Hạnh Thông Tây chỉ vài phút di chuyển Thuận tiện sang Tân Bình, Phú Nhuận, Bình Thạnh, Quận 12 Liên hệ: 0981 997 631",tromoi.com
https://tromoi.com/phong-tro/phong-tro-sinh-vien-1755578574,Phòng trọ sinh viên ngay chợ Thạch Đà,3000000,25m²,"đường Số 59, 14, Gò Vấp, Hồ Chí Minh","PHÒNG TRỌ SINH VIÊN – NGAY CHỢ THẠCH ĐÀ, GÒ VẤP Địa chỉ: Đường Số 59, Phường 14, Quận Gò Vấp, TP. HCM Giá thuê: Chỉ 3 triệu/tháng – Giá tốt nhất khu vực Tiện nghi phòng: Gác lửng rộng rãi, thoáng mát Cửa sổ lớn đón ánh sáng tự nhiên Máy lạnh mới, kệ để đồ Vệ sinh riêng trong phòng Kệ bếp tiện nấu ăn Wifi tốc độ cao Máy giặt dùng chung Camera an ninh 24/7 Vị trí thuận tiện: Ngay Chợ Thạch Đà – chỉ vài bước chân, mua sắm ăn uống dễ dàng Gần các siêu thị lớn: Emart Phan Văn Trị, GO! Gò Vấp, LOTTE Mart, Co.op Mart (1–2 km) Cách Công viên Phần mềm Quang Trung khoảng 3 km Di chuyển ra Sân bay Tân Sơn Nhất chỉ ~2 km Gần nhiều tuyến đường lớn: Phan Văn Trị, Quang Trung, Nguyễn Kiệm, Nguyễn Oanh, Lê Đức Thọ Xung quanh nhiều quán ăn, quán café như Le Jardin – không gian lý tưởng để học tập và thư giãn Phòng phù hợp sinh viên và nhân viên văn phòng. Khu vực an ninh, dân cư đông đúc, tiện sinh hoạt. Liên hệ xem phòng: 0703 377 180",tromoi.com
https://tromoi.com/phong-tro/nha-nho-xinh,Nhà nguyên căn nhỏ xinh - 2 Phòng ngủ - 1 trệt 1 lửng 1 lầu,8000000,21m²,"Quang Trung, Phường 10, Gò Vấp, Thành phố Hồ Chí Minh","NHÀ NGUYÊN CĂN – QUANG TRUNG, P.10, GÒ VẤP – GIÁ 8 TRIỆU/THÁNG Địa chỉ: Quang Trung, Phường 10, Quận Gò Vấp, TP.HCM. Thông tin chi tiết: Diện tích sàn: 21m². Kết cấu: 1 trệt, 1 lửng, 1 lầu. Gồm 2 phòng ngủ thoáng mát. Có sẵn máy lạnh, máy nước nóng. Nhà mới, sạch sẽ, vào ở ngay. Vị trí thuận tiện, ngay trục đường Quang Trung sầm uất, gần siêu thị, chợ, trường học, dễ dàng di chuyển sang các quận trung tâm. Giá thuê: 8.000.000đ/tháng. Liên hệ: 0937 575 307 (Thu Thảo).",tromoi.com
https://tromoi.com/phong-tro/nha-tro-duong-cao-thang-phuong-5-quan-3-ho-chi-minh,Cho thuê phòng trọ quận 3,4500000,15m²,"Cao Thắng, 5, Quận 3, Hồ Chí Minh","Cho thuê phòng trung tâm quận 3 - đường Võ Văn Tần Cho thuê phòng, diện tích 15m2 - Ngay trung tâm, gần ngã 3 Cao Thắng - Võ Văn Tần. 5 phút đi bộ đến bv Từ Dũ, 5 phút chạy xe đến các quận trung tâm như quận 1,3,5,10 - khu vực an ninh, cạnh công an phường - Yên tĩnh - Giờ giấc tự do - Có chỗ để xe máy 1 chiếc/phòng - Phòng ốc mới tân trang - Nội thất căn bản: giường, nệm, tủ quần áo, kệ đầu giường, kệ bếp, máy lạnh, máy nước nóng lạnh - Camera an ninh bãi xe, hành lang - Có sân thượng phơi đồ, máy giặt sử dụng chung không thu phí. Chi phí: - giá thuê 4,5 - 5 triệu/tháng - cọc 1 tháng - Điện theo đồng hồ riêng từng phòng 4k/kw - Nước 100k/ người - Không thu thêm các chi phí khác",tromoi.com
https://tromoi.com/phong-tro/nha-tro-so-118-9-le-loi-phuong-1-go-vap-ho-chi-minh,"Nhà Trọ Số 118/9 Lê Lợi, Phường 1, Gò Vấp, Hồ Chí Minh",4500000,30m²,"118/9 Lê Lợi, Phường 1, Gò Vấp, Hồ Chí Minh","CHÍNH CHỦ CHO THUÊ PHÒNG TRỌ TẠI QUẬN GÒ VẤP -Địa Chỉ : Số 118/9 Lê Lợi, p1, Gò Vấp -Giá: 4.500.000/Tháng Tiện nghi hiện đại, nội thất có gường ,bàn trang điểm, tủ quần áo - Khu nấu ăn riêng, Sân thượng phơi đồ, máy giặt - Nhà vệ sinh riêng , sạch sẽ gọng gàng - Điện nước thu theo giá nhà nước - Để xe trong nhà ko thu phí - Nhà 3 tầng chỉ có 3 phòng thuê. - Gần Phan Văn Trị , Nguyễn Thái Sơn. Trung tâm quận Bình Thạnh ,Gò Vấp - Xung quanh đầy đủ tiện ích: Lotte, Emart, cửa hàng tiện lợi, chợ Gò Vấp -Liên hệ xem phòng: 0988856056 Chị Mai",tromoi.com
https://tromoi.com/phong-tro/nha-tro-o-duong-so-20-phuong-hiep-binh-chanh-tp-thu-duc-tp-hcm,"Nhà trọ ở Đường số 20, Phường Hiệp Bình Chánh, Tp.Thủ Đức, Tp.HCM",2500000,15m²,"Đường số 20, Phường Hiệp Bình Chánh, Tp.Thủ Đức, Tp.HCM","Cho thuê PHÒNG TRỌ Có Máy Lạnh Inverter(15m2) - Ngay Gigamall PVĐ, Fatima Bình Triệu, ĐH Luật ♡♡ Giá: 2,5 triệu / tháng ♡♡ - Có Cửa sổ, WC riêng, Bãi xe riêng - Giờ tự do, Không chung chủ - Điện 3,5k, Nước 100k, Xe: 150k - Nhận phòng: 25/01/2025 - Nằm trên tuyến đường xe Bus đi tới các trường ĐH lớn của TP.HCM ĐC: đường 20, P. Hiệp Bình Chánh, Thủ Đức",tromoi.com
https://tromoi.com/phong-tro/sleepbox-duong-cao-thang-phuong-5-quan-3-thanh-pho-ho-chi-minh,"Sleepbox đường Cao Thắng, Phường 5, Quận 3, Thành phố Hồ Chí Minh",2500000,12m²,"Cao Thắng, Phường 5, Quận 3, Thành phố Hồ Chí Minh","Công nghệ Cảm Biến Đầy Đủ Tiện Nghi Full Nội Thất... ♻️ Máy lạnh 24/7 ♻️ Bao điện, nước, internet tốc độ cao ♻️ Khu giặt sấy riêng biệt ♻️ Hệ thống vòi tắm nước nóng lạnh ♻️ Hệ thống cửa tự động hiện đại ♻️ Không gian hoàn toàn riêng tư, trang bị đầy đủ nệm, đèn, ổ điện ♻️ Có lễ tân túc trực giải quyết mọi thắc mắc của cư dân ♻️ Hằng ngày luôn có đội dọn vệ sinh ♻️ Vị trí ngay trung tâm Quận 3,khu vực sầm uất, gần trường học, bệnh viện, siêu thị, trung tâm thương mại, v.v., dễ dàng di chuyển đến các tuyến đường chính. ♻️ Giờ giấc tự do, ra vào bằng dấu vân tay ♻️ Hệ thống an ninh cao và camera 24/24 Liên hệ ngay MM House để nhận chính sách ưu đãi hấp dẫn nhất nhé!",tromoi.com
https://tromoi.com/phong-tro/nha-tro-tai-ap-4-xa-da-phuoc-huyen-binh-chanh-ho-chi-minh,"Nhà Trọ Tại Ấp 4, Xã Đa Phước, Huyện Bình Chánh, Hồ Chí Minh",1800000,28m²,"Đa Phước, Bình Chánh, Hồ Chí Minh","CHO THUÊ PHÒNG TRỌ – CHÍNH CHỦ Địa chỉ: 59 Ấp 4, xã Đa Phước, huyện Bình Chánh, TP.HCM Giá thuê: Từ 1.800.000 đến 2.200.000 đồng/tháng (Phòng có thể chọn sử dụng quạt hoặc máy lạnh) Tiện nghi: Có giường, nệm Phòng sạch sẽ, thoáng mát Giờ giấc tự do, không chung chủ Khu vực an ninh, yên tĩnh Phù hợp cho sinh viên, người đi làm Vị trí thuận tiện, gần nhiều địa điểm lớn: Gần chợ và siêu thị, tiện mua sắm hàng ngày Gần các trường học trên địa bàn xã Gần trạm y tế, thuận tiện chăm sóc sức khỏe Dễ dàng di chuyển về trung tâm Quận 8, Quận 7, chỉ khoảng 25–30 phút Liên hệ chính chủ: Lâm Thiên Đức – 0947 926 653",tromoi.com
https://tromoi.com/phong-tro/82-44-dinh-bo-linh-phuong-26-quan-binh-thanh-tp-hcm,"Phòng trọ chính chủ 16m2 2tr Đinh Bộ Lĩnh , Q.BÌnh Thạnh",2000000,16m²,"82/44 Đinh Bộ Lĩnh, 26, Bình Thạnh, Hồ Chí Minh","LH: 0909578457 hoặc 0706590988 ( vui lòng gọi sau giờ hành chính hoặc nhắn tin qua zalo) Thông tin phòng trọ - Giờ giấc: 5H AM - 11H PM - Wc riêng - Có chỗ để xe free, có camera an ninh, Wi-Fi điện nước đầy đủ, có bang công phơi đồ (công cộng) Quan tâm mời bạn LH xem phòng. Rất mong bạn sẽ là 1 thành viên mới của gia đình",tromoi.com
https://tromoi.com/phong-tro/nha-tro-so-4a-binh-tri-dong-b-binh-tan-thanh-pho-ho-chi-minh,"Nhà Trọ Số 4A, Bình Trị Đông B, Bình Tân, Thành Phố Hồ Chí Minh",3000000,12m²,"Số 4A, Bình Trị Đông B, Bình Tân, Thành Phố Hồ Chí Minh","Cho thuê phòng cao cấp tại bình tân Nội thất: Máy lạnh, tủ đồ, bồn rửa tay, Tủ lạnh... Điện 4.000kw, nước 100k/người. xe 100k/chiếc. - Wifi 50k/tháng Phòng rộng rãi, tất cả phòng đều có cửa sổ thoáng mát, chỗ để xe rộng rãi Khu dân cư tên lửa đầy đủ tiện ích xung quanh, cách aeon mall 500m Giờ giấc tự do, không chung chủ, hệ thống cửa vân tay",tromoi.com
https://tromoi.com/phong-tro/studio-full-noi-that-duong-phan-huy-ich-phuong-14-quan-go-vap-thanh-pho-ho-chi-minh,"Studio full nội thất đường Phan Huy Ích, Phường 14, Quận Gò Vấp️, Thành phố Hồ Chí Minh",4500000,22m²,"Phan Huy Ích, Phường 14, Quận Gò Vấp, Thành phố Hồ Chí Minh","Địa chỉ: 269/61 Phan Huy Ích, Phường 14, Quận Gò Vấp 🛏️𝑵𝒐̣̂𝒊 𝒕𝒉𝒂̂́𝒕: Máy lạnh, tủ lạnh, giường nệm, tủ quần áo, kệ bếp, máy giặt chung, cửa vân tay 💸𝑪𝒉𝒊 𝒑𝒉𝒊́: Điện 3k8, nước 100k/người, dịch vụ 150k/phòng, free 2 xe",tromoi.com
https://tromoi.com/phong-tro/nha-tro-1764-quoc-lo-1a-phuong-an-phu-dong-quan-12-thanh-pho-ho-chi-minh,"Nhà trọ 1764 Quốc Lộ 1A, Phường An Phú Đông, Quận 12, Thành phố Hồ Chí Minh",1900000,30m²,"1764 Quốc Lộ 1A, Phường An Phú Đông, Quận 12, Thành phố Hồ Chí Minh","Cho thuê phòng trọ có lối đi riêng, cửa 2 lớp, điện, nước đầy đủ. Wifi, bỏ rác miễn phí. Phòng mới sửa, đẹp Khu vực an ninh tốt Liên hệ để đến xem phòng",tromoi.com
https://tromoi.com/phong-tro/nha-tro-216-xom-chieu-phuong-15-quan-4-thanh-pho-ho-chi-minh,"Nhà trọ 216 Xóm Chiếu, Phường 15, Quận 4, Thành phố Hồ Chí Minh",6000000,25m²,"216 Xóm Chiếu, Phường15, Quận 4, Hồ Chí Minh","Nhà trọ 216 Xóm Chiếu, Phường 15, Quận 4, Thành phố Hồ Chí Minh Thông tin cho thuê như sau: - Phòng Full nội thất gồm: Tủ, giường, máy lạnh, nước nóng , máy giặt. - Khu trọ an ninh, có camera 24/7. - Giờ giấc tự do, không chung chủ, có chỗ để xe, được nuôi thú cưng - Vị trí gần chợ - Chi phí khác: Xe 100k/chiếc Điện: 4k/kwh Nước: 100k/người Internet+thang máy + rác+ phí sinh hoạt chung: 150k/phòng - Giá thuê: Từ 6tr/tháng Liên hệ 0916940212 để xem phòng và đặt cọc.",tromoi.com
https://tromoi.com/phong-tro/phong-tro-tai-128-10-dien-bien-phu-phuong-17-quan-binh-thanh,"Nhà trọ tại 128/10 Điện Biên Phủ, Phường 17, Quận Bình Thạnh",3500000,16m²,"Điện Biên Phủ, 17, Bình Thạnh, Hồ Chí Minh","CHO THUÊ PHÒNG TRỌ TẠI ĐIỆN BIÊN PHỦ, 17, BÌNH THẠNH, HCM Chi tiết phòng như sau: - Diện tích: 16m2 - Vệ sinh trong, và kệ bếp, bệ rửa chén Ví trí: - Gần các trường đại học như Hutech, UEF, Hồng Bàng, GTVT, Trường Đại học Thủy Lợi. - Gần chợ đường xá dễ đi lại, cách trung tâm thành phố khoản 1km. Gía cho thuê 3.500.000/ tháng Liên hệ xem phòng 0988393296",tromoi.com
https://tromoi.com/phong-tro/share-phong-o-trong-can-ho-chung-cu-era-town-duc-khai-quan-7,Share phòng ở trong căn hộ chung cư ERA TOWN ĐỨC KHẢI QUẬN 7,4700000,15m²,"Đường 15b Nguyễn Lương Bằng, Phường Phú Mỹ, Quận 7, Thành phố Hồ Chí Minh","🔑 SHARE PHÒNG TRONG CĂN HỘ ERA TOWN – GIÁ TỐT – Ở NGAY! 📍 Block A1 – View sông – Era Town Đức Khải, Quận 7 🛏️ CÒN 2 PHÒNG TRỐNG: 1️⃣ PHÒNG MASTER – 4.7TR/THÁNG ✅ Full nội thất: Giường, tủ quần áo, bàn làm việc, máy lạnh, máy nước nóng, rèm 🚿 Toilet riêng – Ở được 2–3 người 💡 Máy lạnh riêng: 3.5k/kWh 🌟 Phí sinh hoạt trọn gói: 350k/người 2️⃣ PHÒNG NHỎ – 2.5TR/THÁNG ✅ Bao trọn phí: Điện, nước, wifi, phí quản lý 🚿 Toilet dùng chung – Ở được 1–2 người 🌟 TIỆN NGHI DÙNG CHUNG: Tủ lạnh – Bếp – Máy giặt 🕒 Giờ giấc tự do – An ninh 24/24 – Vào ở ngay! 📞 Liên hệ/Zalo: 0833 393 394 💬 Chat nhanh: zalo.me/0833393394 🏘️ Tham gia nhóm thuê/bán Q7, Nhà Bè: zalo.me/g/orviev000 📌 #PhongTroQuan7 #ChoThueEraTown #PhongGiaReQ7 #PhongDepQ7 #PhongMasterFullNT #ViewSongRiverside #Quan7",tromoi.com
https://tromoi.com/phong-tro/nha-tro-207-51-8-ho-hoc-lam-an-lac-binh-tan-ho-chi-minh,Phòng trọ rẻ sạch an ninh,1300000,25m²,"207/51/8 Hồ Học Lãm, An Lạc, Bình Tân, Hồ Chí Minh","Phòng sạch sẽ, an ninh, có chỗ để xe, nấu ăn nhẹ, toilet dùng chung với 1 và chỉ 1 người thuê",tromoi.com
https://tromoi.com/phong-tro/nha-tro-hem-80-nguyen-trai-phuong-3-quan-5-thanh-pho-ho-chi-minh,Chính chủ cho thuê phòng hẻm 80/** Nguyễn Trãi P3Q5,6000000,30m²,"Hẻm 80/** Nguyễn Trãi, Phường 3, Quận 5, Thành phố Hồ Chí Minh","CHDV mới toanh Hẻm XH 2 chiều => 80/xx Nguyễn Trãi P3Q5 giáp Q1 ,Q3,Q10( gần ngã tư Nguyễn Văn Cừ + Nguyễn Trãi) qua 1cái cầu là đến Q 4,7,8 - 🏫 Sát chợ Bàu Sen , gần chợ An Đong ,Nowzone ,siêu thị, trạm xe buýt…Giao thông thuận tiện - Gần Trường THPTChuyenLêHongPhong,ĐHKHTN,ĐHYD,ĐH Sài Gòn ,ĐH Sư Phạm,UEH , HUFLIT , ĐH Hoa Sen …Bv nguyễn tri phương, bv 7A, BV nguyễn Trãi, Bv Chợ Rẫy, Bv Phạm Ngọc Thạch, bv Bv Hùng Vương, bv Trung tâm Chỉnh Hình…trong vòng bán kính 1,5 km 👨‍🎓Ưu tiên cho Nữ SV ,NVVP - Giá chỉ từ : 6tr->9 tr ( tuỳ phòng, có phòng tách bếp riêng , máy giặt riêng ) các phòng đều có cửa sổ lớn lấy nắng gió,đầy đủ nội thất .HĐ -> 1 năm 😍 - Dt:25m2 -> 60 m2 - Điện:4k/kwh - Nước: 100/ 1 người - Máy giặt chung & có riêng theo y/ cầu của khách - Toilet riêng trong phòng - Phí dv:150k->200k(1 phòng) - Giờ giấc tự do ( có camera an ninh) - Đ/c:80/xxNguyễn Trãi F3Q5( hẻm xh 2 chiều đậu trước cửa nhà )hẻm thông ra An Dương Vương & Trần Bình Trọng -Liên hệ : zalo 0905186640 (chính chủ) ghé xem thực tế",tromoi.com
https://tromoi.com/phong-tro/nha-tro-duong-le-duc-tho-phuong-5-go-vap-thanh-pho-ho-chi-minh,Phòng Trọ DUPLEX Full nội thất,4500000,22m²,"Lê Đức Thọ, Phường 5, Gò Vấp, Thành phố Hồ Chí Minh","🏡 Phòng Duplex Full Nội Thất – vào ở ngay có nhiều phòng để chọn lựa theo ý thích ✨ Chi phí ⚡ Điện: 4.000đ/kWh 💧 Nước: 100k/người 🛠️ Dịch vụ: 150k/người 🛵 Xe: tối đa 2 xe – 100k/xe ( SH, VESPA 120k/ chiếc ) Bảo vệ, camera 24/7, vệ sinh hành lang, giờ giấc tự do, khóa vân tay, khu giặt phơi rộng, cho nuôi pet",tromoi.com
https://tromoi.com/phong-tro/phong-share-trong-can-ho-o-era-town-duc-khai-quan-7-block-a1-riverside-1754467050,CHO THUÊ PHÒNG SHARE MASTER TRONG CĂN HỘ ERA TOWN QUẬN 7 FULL NT Ở LIỀN ĐƯỢC,4700000,20m²,"15B, Phú Mỹ, Quận 7, Hồ Chí Minh","🔑 SHARE PHÒNG TRONG CĂN HỘ ERA TOWN – GIÁ TỐT – Ở NGAY! 📍 Block A1 – View sông – Era Town Đức Khải, Quận 7 🛏️ CÒN 2 PHÒNG TRỐNG: 1️⃣ PHÒNG MASTER – 4.7TR/THÁNG ✅ Full nội thất: Giường, tủ quần áo, bàn làm việc, máy lạnh, máy nước nóng, rèm 🚿 Toilet riêng – Ở được 2–3 người 💡 Máy lạnh riêng: 3.5k/kWh 🌟 Phí sinh hoạt trọn gói: 350k/người 2️⃣ PHÒNG NHỎ – 2.5TR/THÁNG ✅ Bao trọn phí: Điện, nước, wifi, phí quản lý 🚿 Toilet dùng chung – Ở được 1–2 người 🌟 TIỆN NGHI DÙNG CHUNG: Tủ lạnh – Bếp – Máy giặt 🕒 Giờ giấc tự do – An ninh 24/24 – Vào ở ngay! 📞 Liên hệ/Zalo: 0833 393 394 💬 Chat nhanh: zalo.me/0833393394 🏘️ Tham gia nhóm thuê/bán Q7, Nhà Bè: zalo.me/g/orviev000 📌 #PhongTroQuan7 #ChoThueEraTown #PhongGiaReQ7 #PhongDepQ7 #PhongMasterFullNT #ViewSongRiverside #Quan7",tromoi.com
https://tromoi.com/phong-tro/nha-tro-186-pham-van-bach-15-tan-binh-ho-chi-minh,CHO THUÊ PHÒNG TÁCH BẾP GẦN SÂN BAY,3500000,300m²,"Phạm Văn Bạch, 15, Tân Bình, Hồ Chí Minh","- Tất cả các phòng đều tách bếp riêng, phòng ngủ riêng - Đầy đủ nội thất - Diện tích 20m2 - Phòng nhỏ giá 3tr5 - Phòng to giá 4tr , phòng ban công 4tr5 🌲Vị trí: Ngay đầu đường Phạm Văn Bạch giao Trường Chinh, mặt tiền đường Phạm Văn Bạch 🌹Tiện ích: -Phòng vệ sinh riêng , Khu bếp riêng tách biệt với phòng ngủ -Phòng đầy đủ tiện nghi: Tủ gỗ âm tường cao cấp, máy lạnh, giường/pallet tùy phòng -Có cửa sổ thông thoáng, yên tĩnh, view đẹp -Giờ giấc tự do, không chung chủ -Đặc biệt, nhà có sân thượng view sân bay, thang máy và hầm để xe máy - Miễn phí gửi xe",tromoi.com
https://tromoi.com/phong-tro/thue-phong-tro-nam-gia-re-q3-16-17-nguyen-thien-thuat,THUÊ PHÒNG TRỌ NAM GIÁ RẺ Q3 16/17 NGUYỄN THIỆN THUẬT,5000000,30m²,"Nguyễn Thiện Thuật, 2, Quận 3, Hồ Chí Minh","Cho thuê phòng trọ giá RẺ 16/17 Nguyễn Thiện Thuật P2,Q.3 Phòng trọ vị trí giao Quận: Quận 1,3,5,10 thuận tiện đi lại. Hẻm vào phòng trọ 8m, xe hơi vào tận nhà. Cách chợ Bàn Cờ 100m, cách Ngân hàng ACB, VCB, Agribank, BIDV 100m. Đối diện Coop Smile. Phòng diện tích: 25m2, mới xây dựng, có giường, tủ, máy lạnh đời mới. Có máy giặt riêng, sân phơi có mái che. Cửa ra vào khoá vân tay, camera 24/24 Chỉ cho Nam thuê. Điện:3.500đ/k điện, nước 100.000đ ngừoi, wifi free. Phòng thích hợp sinh viên, người làm văn phòng Giá thuê: 5.000.000đ/ tháng LH Huy 0907 0906 32",tromoi.com
https://tromoi.com/phong-tro/nha-tro-117-28-dien-bien-phu-phuong-2-binh-thanh-thanh-pho-ho-chi-minh,"Nhà trọ 117/28 Điện Biên Phủ, Phường 2, Bình Thạnh, Thành phố Hồ Chí Minh",3500000,20m²,"117/28 Điện Biên Phủ, Phường 2, Bình Thạnh, Thành phố Hồ Chí Minh","PHÒNG TRỌ GẦN UEF – HUTECH, SÁT MẶT TIỀN ĐIỆN BIÊN PHỦ – GIỜ GIẤC TỰ DO Địa chỉ: 117/28 Điện Biên Phủ, Phường 2, Bình Thạnh Vị trí cực kỳ thuận tiện: Cách Đại học UEF chỉ 3 phút đi bộ Đến HUTECH tầm 5 phút Khu vực mát mẻ, nhiều tiện ích, gần trung tâm Thông tin phòng: Phòng sạch sẽ, riêng tư, có toilet riêng Giá thuê linh động từ 3.5 triệu – 5 triệu/tháng (tùy thời điểm, có giảm giá nếu chốt sớm) Qua tháng sẽ làm thêm gác, phù hợp ở lâu dài Giờ giấc tự do, an ninh đảm bảo, không chung chủ Liên hệ xem phòng: 0775749601",tromoi.com
https://tromoi.com/phong-tro/nha-tro-duong-quang-trung-phuong-14-go-vap-ho-chi-minh,PHÒNG BAN CÔNG THOÁNG GIÁ RẺ,2900000,24m²,"Quang Trung, 14, Gò Vấp, Hồ Chí Minh","Không chung chủ, giờ tự do, được nuôi pet Lắp thêm tủ bếp 3 ngăn, nấu ăn thoải mái Nhà xe rộng rãi, ở ko giới hạn người",tromoi.com
https://tromoi.com/phong-tro/61-duong-so-59-p14,566 NGUYỄN THÁI SƠN P5 GÒ VẤP,4500000,25m²,"566 Nguyễn Thái Sơn, 5, Gò Vấp, Hồ Chí Minh","Còn sẵn 2p ngay đại học văn lang , đh iuh , thuận tiện di chuyển qua bình thạnh",tromoi.com
https://tromoi.com/phong-tro/nha-tro-truc-20-phuong-13-quan-binh-thanh-thanh-pho-ho-chi-minh,"Nhà trọ Trục 20, Phường 13, Quận Bình Thạnh, Thành phố Hồ Chí Minh",3500000,22m²,"Trục 20, Phường 13, Quận Bình Thạnh, Thành phố Hồ Chí Minh","Phòng trọ Bình Thạnh (Chỉ Nữ thuê) - P13, Đặng Thùy Trâm (Nút giao PVĐ và Nguyễn Xí) - cách trường Đại học Văn Lang cơ sở 3 (100m) Không gian yên tĩnh thích hợp cho các bạn sinh viên và nhân viên văn phòng học tập, làm việc và nghỉ ngơi. - Giá: 3.5 triệu / tháng / phòng / 2 người. Các chi phí khác gồm : - Điện: 4.000đ/kW - Nước: 100.000đ/ người. - Wifi cáp quang: 100.000đ/ phòng. - Máy giặt: 70k/ người. - Chỗ giữ xe: FREE. Liên hệ: 0963532523 (Mr. Thoại) - Welcome !!!",tromoi.com
https://tromoi.com/phong-tro/co-muoi,NHÀ TRỌ BÌNH DÂN GẦN CẦU NGUYỄN VĂN CỪ,2000000,22m²,"Dương Bá Trạc, Phường 1, Quận 8, Thành phố Hồ Chí Minh","Khu nhà trọ 10 căn khuôn viên biệt lập, riêng biệt từng căn. Khu vực an ninh, lối đi riêng, giờ giấc tự do. Nhà gồm 1 trệt 1 lầu có ban công (hoặc 1 trệt 2 gác lửng), điện, nước máy, internet wifi. Diện tích sàn sử dụng (kể cả trệt và lầu) từ 22 đến 30m2/căn. Giá thuê: Từ 1.800.000 - 2.900.000đ/căn HIỆN CÒN 1 CĂN GIÁ ́2. 0 00.000. (1 trệt 2 gác lửng) Phù hợp gia đinh ít người và 01 xe máy (yêu cầu xe để trong nhà) Liên hệ chính chủ: CÔ MƯỜI 0933397981 hoặc 0979365899",tromoi.com
https://tromoi.com/phong-tro/phong-share-trong-can-ho-o-era-town-duc-khai-quan-7-block-a1-riverside,CHO THUÊ PHÒNG SHARE MASTER TRONG CĂN HỘ ERA TOWN QUẬN 7 FULL NT Ở LIỀN ĐƯỢC,4700000,20m²,"Nguyễn Lương Bằng, Phú Mỹ, Quận 7, Hồ Chí Minh","🏠 CHÍNH CHỦ CHO THUÊ PHÒNG MASTER – FULL NT – BLOCK A1 RIVERSIDE ERA TOWN Q7 🛏 Phòng đẹp như hình – Toilet riêng – Nội thất đầy đủ 💰 Giá chỉ 4.7 triệu/tháng 🔌 Phí trọn gói: • Điện, nước, wifi: 350k/người/tháng • Máy lạnh riêng: 3k5/kWh – có đồng hồ riêng 📍 Block A1 Riverside – Era Town, Phú Mỹ, Quận 7 ✅ An ninh 24/7 – Giờ giấc tự do – Vào ở ngay 📞 Zalo/Call: 0833 393 394 🔗 Chat nhanh: zalo.me/0833393394 📌 Hashtags gợi ý #ChoThuePhongQ7 #PhongMasterRiverside #FullNoiThat #PhongGiaReQuan7 #EraTownQuan7 #PhongTroSangChan",tromoi.com
https://tromoi.com/phong-tro/nha-tro-so-1-le-thi-cho-phu-thuan-quan-7-thanh-pho-ho-chi-minh,"Phòng trọ giá rẻ thuận tiện gần thuế, quán ăn, bệnh viện, đại học",3200000,25m²,"Số 1 Lê Thị Chợ, Phú Thuận, Quận 7, Thành phố Hồ Chí Minh","CHO THUÊ PHÒNG TRỌ: số 1 Lê Thị Chợ, Phú Thuận, Q.7, TP. Hồ Chí Minh, nhà mặt tiền. Bên cạnh Chi Cục thuế cơ sở 7, Phú Thuận, TP. Hồ Chí Minh - Gia đình còn phòng không dùng hết cho thuê, phòng mới, có nhà vệ sinh, nhà tắm RIÊNG biệt, điện nước dùng riêng theo đơn giá của nhà nước. (A/C xem video & ảnh). Có chỗ để xe máy thuận tiện. - Nhà ở bên cạnh Chi cục thuế cơ sở 7, Phú Thuận, Q7, cách Phú Mỹ Hưng 100 m. Trước nhà có quán cơm tấm rất thuận tiện. - Phòng có diện tích 25 m2 giá thuê là 3.200.000đ một tháng, phòng có diện tích 30 m2 là 4.200.000đ một tháng, đặt cọc một tháng, Giảm giá cho người thuê từ 12 tháng trở lên. - Liên Hệ: 0977670657 Anh chị xem ảnh và xem thực tế",tromoi.com
https://tromoi.com/phong-tro/ky-tuc-xa-hang-hanvet-575-23-cach-mang-thang-8-phuong-15-quan-10-thanh-pho-ho-chi-minh,"Ký Túc Xá Hang Hanvet 575/23 Cách Mạng Tháng 8, Phường 15, Quận 10, Thành phố Hồ Chí Minh",1700000,80m²,"575/23 Cách Mạng Tháng 8, Phường 15, Quận 10, Thành phố Hồ Chí Minh","KTX MỚI TOANH NẰM NGAY CMT8, QUẬN 10 dành cho học sinh, sinh viên, người đã đi làm, địa chỉ: 575/23 CMT8, P.15, Q.10 Giá công khai : 1.700.000 - 1.900.000 (TRỌN GÓI TẤT CẢ CHI PHÍ) - Phòng tầng triệt nam 8 giường (không có ban công, cửa sổ) - Phòng 6 giường nữ VIP (có ban công, cửa sổ) - Phòng 8 giường nữ (có cửa sổ) TIỆN ÍCH CHUNG : - Giường mện cao cấp, dầy, êm - Tủ quần áo - Tủ lạnh, máy giặt - Kệ tủ bếp + chậu rửa - WC riêng biệt - Rèm giường - Phòng đẹp, mới, rộng rãi 4.5m x 5.5m, cửa sổ, ban công + Free điện nước + Free 3 máy giặt + bếp + Free wifi + Free vệ sinh chung hàng tuần + Free vệ sinh phòng hàng tháng + Free bảo trì phòng định kì + Giờ giấc tự do, an ninh, hẻm rộng, camera, khóa vân tay TIỆN ÍCH NGOẠI KHU : - Gần công viên Lê Thị Riêng - Gần chợ Hòa Hưng - Gần trường ĐH NGOẠI NGỮ HCM, Y KHOA PHẠM NGỌC THẠCH, CĐ KINH TẾ, ĐH VĂN HIẾN, ĐH BÁCH KHOA Liên hệ ngay : 0909492027 (gặp Chị Hằng)",tromoi.com
https://tromoi.com/phong-tro/nha-tro-tan-thoi-nhat-5-tan-thoi-nhat-quan-12-ho-chi-minh,"CHÍNH CHỦ CHO THUÊ NHÀ GẦN CV PHẨN MỄM QUANG TRUNG, BX AN SƯƠNG, CẦU THAM LƯƠNG",2800000,25m²,"Tân Thới Nhất 5, Tân Thới Nhất, Quận 12, Hồ Chí Minh","Chính chủ cần cho thuê phòng trọ có cửa sổ, gác đúc, cao 2m tại hẻm 6m đường TTN5, Q12. Nhà gần sân banh Lan Anh, chợ Lạc Quang, chợ Tân Phú Cường, siêu thị Coopmart, trường học các cấp; thuận tiện di chuyển Tân Bình, Tân Phú, Gò Vấp, Trường FPT, Phần mềm Quang Trung, Bến xe An Sương.... Tiện ích nhà bao gồm: - camera an ninh 24/24 - máy giặt chung, sân phơi 2 tầng - cửa vân tay an ninh - không chung chủ, giờ giấc tự do - wifi mạnh, nhà xe rộng rãi, cư dân văn minh, không ồn ào - phòng có sẵn kệ bếp, nhà vệ sinh riêng, máy lạnh, tủ lạnh inverter mới 100% Vui lòng liên hệ z*a*l hoặc dt 979468189 để biết thêm thông tin chi tiết. Cảm ơn mọi người đã dành thời gian xem tin.",tromoi.com
https://tromoi.com/phong-tro/nha-tro-80-17-duong-quang-ham-phuong-5-go-vap-thanh-pho-ho-chi-minh,80/17 Dương Quảng Hàm P6,4700000,20m²,"80/17 Dương Quảng Hàm, Phường 5, Gò Vấp, Thành phố Hồ Chí Minh","PHÒNG TRỌ ĐẸP – GẦN ĐH VĂN LANG & ĐH CÔNG NGHIỆP – TRỐNG 1 PHÒNG DUY NHẤT Địa chỉ: 80/17 Dương Quảng Hàm, P.6, Q. Gò Vấp Giá thuê: 4.7 triệu/tháng Liên hệ: 0367 891 324 (Hoài) Đặc điểm phòng: Nhà siêu đẹp, phòng rộng rãi, sạch sẽ, thoáng mát. Nội thất cơ bản, tiện nghi sinh hoạt đầy đủ. Nhà xe rộng rãi, an toàn, dễ dắt xe. Vị trí thuận lợi: Cách ĐH Văn Lang và ĐH Công Nghiệp TP.HCM chỉ vài phút. Gần chợ, siêu thị, quán ăn, cafe, khu mua sắm. Hẻm dễ tìm, an ninh, yên tĩnh. Phòng trống duy nhất , ai cần thì liên hệ liền để giữ chỗ nhé.",tromoi.com
https://tromoi.com/phong-tro/nha-tro-duong-dien-bien-phu-phuong-17-binh-thanh-thanh-pho-ho-chi-minh,Hot Phòng Trung Tâm Bình Thạnh,3200000,15m²,"Điện Biên Phủ, Phường 17, Bình Thạnh, Thành phố Hồ Chí Minh","Căn hộ nhỏ xinh 15m² giá 3.2 triệu/tháng tại Điện Biên Phủ Mình đang cho thuê căn hộ nhỏ xinh 15m² tại Điện Biên Phủ, rất lý tưởng cho sinh viên, công nhân hoặc các bạn trẻ độc thân. Căn hộ được trang bị đầy đủ tiện nghi, vị trí thuận lợi, đi lại dễ dàng. 🏠 Về căn hộ Căn hộ nhỏ nhắn nhưng đầy đủ tiện nghi như gác lửng, wifi, vệ sinh trong, phòng tắm, bình nóng lạnh, điều hòa. Có ban công/sân thượng nhỏ để phơi đồ, rất tiện lợi. Diện tích 15m² phù hợp cho những ai muốn có không gian riêng tư và tiết kiệm chi phí. 📍 Vị trí Nằm trên đường Điện Biên Phủ, gần chợ, siêu thị, bệnh viện, trường học, công viên và bến xe bus. Đi lại rất thuận tiện để đi học, đi làm. Xung quanh có đầy đủ các tiện ích cần thiết. 💰 Giá thuê Giá thuê 3.2 triệu/tháng. Cọc 1 tháng Giờ giấc tự do Yêu Cầu : Nữ / LGBT ( Nữ ) - Học Sinh - Sinh Viên - Người Đi Làm Liên hệ ngay để xem phòng!",tromoi.com
https://tromoi.com/phong-tro/nha-tro-296-no-trang-long-phuong-12-binh-thanh-thanh-pho-ho-chi-minh,CĂN HỘ DỊCH VỤ FULL NỘI THẤT BAN CÔNG TÁCH BẾP 1 PHÒNG NGỦ - 5Tr2 - 32m² 1pn,5200000,32m²,"296 Nơ Trang Long, Phường 12, Bình Thạnh, Thành phố Hồ Chí Minh","Nhà 296 Nơ Trang Long còn trống 1 Phòng Phường Bình Thạnh (Hồ bơi Lido) có thể đi Chu Văn An - Học Viện Cán Bộ vào được Gần Văn Lang CS 2-3 CĂN HỘ DỊCH VỤ FULL NỘI THẤT BAN CÔNG TÁCH BẾP 1 PHÒNG NGỦ - 5Tr2 - 32m² 1pn 🛏️ Nội thất: Nệm, Tủ quần áo, Giường, Máy lạnh, Tủ lạnh 💸 Dịch vụ: + Điện: 4K/kWh + Phí dịch vụ: 200K/phòng + Nước Máy: 100K/người 🧹 Tiện ích: Máy giặt chung, Camera 24/24, Cổng vân tay, Giờ giấc tự do, Không chung chủ",tromoi.com
https://tromoi.com/phong-tro/nha-tro-so-23-25-cho-lon-phuong-11-quan-6-thanh-pho-ho-chi-minh,"Nhà trọ số 23-25 Chợ Lớn, Phường 11, Quận 6, Thành phố Hồ Chí Minh",3900000,20m²,"23-25 Chợ Lớn, Phường 11, Quận 6, Thành phố Hồ Chí Minh","Trống nhiều phòng đồng giá 3tr9. Địa chỉ: 23-25 Chợ Lớn, Phường 11, Quận 6, Thành phố Hồ Chí Minh Liên hệ/ZL: 0375301067 Hoàng Dũng - Có 2 dạng phòng: + Phòng đầy đủ nội thất: máy lạnh, giường nệm, tủ quần áo, tivi, bàn trang điểm, bàn ghế, wc khép kín,... + Phòng chưa nội thất: phòng có máy lạnh, tách bếp, wc khép kín,... nội thất cơ bản sẽ set up thêm theo nhu cầu của khách Diện tích mỗi phòng: 20m2. Điện 3.800đ/ kwh, Nước 100.000đ/người, Dịch vụ 100k Ưu tiên Công nhân viên/ Sinh viên - Toà nhà có thang máy, thuận tiện di chuyển. Máy giặt chung trên sân thượng. Bên dưới có hầm xe, bảo vệ, camera an ninh... Nằm ngay mặt tiền đường Chợ Lớn - Gần Công viên Bình Phú, Cao đẳng Kinh Tế - Kỹ Thuật, Mega Bình Phú,... Thuận tiện di chuyển các Quận Bình Tân, Quận 11,...",tromoi.com
https://tromoi.com/phong-tro/cho-thue-ktx-cao-cap-giam-con-950k-6-thang-cuoi-gan-dh-cong-thuong,"Ký Túc Xá Số 85/8 Nguyễn Cửu Đàm, Tân Sơn Nhì, Tân Phú, Thành phố Hồ Chí Minh",1250000,30m²,"85/8 Nguyễn Cửu Đàm, Tân Sơn Nhì, Tân Phú, Thành phố Hồ Chí Minh","SỐC! PHÒNG DUPLEX SIÊU XỊN MỚI TẠI TÂN PHÚ – CHỈ TỪ 1TR950K TRỌN GÓI! ? Full tiện nghi – Không phát sinh – Vị trí vàng gần ĐH Công Thương HUIT! Bạn đang tìm một chỗ ở: ➡️ ĐẸP – RẺ – TIỆN NGHI – AN NINH TUYỆT ĐỐI? ➡️ Máy lạnh – nước nóng – wifi mạnh – giường riêng – bếp xịn? ĐÃ CÓ TẠI TIKI HOUSE – CHỈ TỪ 1TR950K/THÁNG! ĐIỂM CỘNG CỰC CHẤT: ✅ Thiết kế DUPLEX HIỆN ĐẠI: tầng dưới sinh hoạt – tầng trên ngủ riêng tư ✅ Cửa vân tay, camera an ninh, thang máy đầy đủ ✅ Wifi Mesh 5 tốc độ cao – không lo lag khi học/làm ✅ Có máy lạnh, nước nóng, giường mới keng xà beng ✅ Tủ đồ + bàn học riêng từng người – Không gian riêng tư tuyệt đối ✅ Khu vực an ninh – sạch sẽ – gần trường – đi bộ là tới ✅ Bếp chung, tủ lạnh, máy lọc nước nấu ăn đầy đủ ✅ FREE điện – nước – rác – wifi – máy lạnh (KHÔNG PHÁT SINH CHI PHÍ!) ƯU TIÊN: SINH VIÊN GỌN GÀNG – Ý THỨC TỐT Địa chỉ siêu gần trường: 85/8 Nguyễn Cửu Đàm, Tân Sơn Nhì, Tân Phú (cách ĐH Công Thương vài bước chân) CÒN NHIỀU LOẠI PHÒNG GIÁ RẺ KHÁC – CHỈ TỪ 1TR250K! Inbox NGAY hoặc gọi hotline: 0342975213 để đặt phòng kẻo FULL!",tromoi.com
https://tromoi.com/phong-tro/nha-tro-87-duong-d5-phuong-25-binh-thanh,"Phòng Trọ Nữ 87 Đường D5, Phường 25, Bình Thạnh",2800000,24m²,"87 Đường D5, Phường 25, Bình Thạnh","CHÍNH CHỦ CHO THUÊ PHÒNG TRỌ NỮ TẠI BÌNH THẠNH, HỒ CHÍ MINH -Gần trường ĐH Ngoại Thương, ĐH GTVT, ĐH Hutech -Giá: 2tr8/Tháng -Địa Chỉ: Số 87 Đường D5, Phường 25, Bình Thạnh -Diện tích: 16m2, Có Gác Cao, Vệ Sinh Riêng -Không Chung Chủ, Giờ Giấc Tự Do -Điện: 4k, Nước: 22k/m3, Rác: 20k/Phòng, Xe: 200k/Chiếc -Wifi riêng: 150k/Tháng/Phòng (Nếu Dùng) -Thuận tiện: đi học, đi làm, gần các trung tâm, khu vui chơi -Liên Hệ Xem Phòng SĐT/Zalo: 0903384545 Chú Thành",tromoi.com
https://tromoi.com/phong-tro/nha-tro-so-19-duong-so-2-phuong-6-quan-8-ho-chi-minh,"Nhà Trọ Số 19 Đường Số 2, Phường 6, Quận 8, Hồ Chí Minh",4500000,40m²,"19 Đường Số 2, Phường 6, Quận 8, Hồ Chí Minh","CHÍNH CHỦ CHO THUÊ PHÒNG TRỌ TẠI QUẬN 8 -Địa Chỉ: Số 19 Đường Số 2, Phường 6, Quận 8, Hồ Chí Minh -Giá: 4tr5 -Nội thất: Giường nệm, tủ đồ, bàn ghế, máy lạnh, kệ bếp, cửa sổ lớn, vệ sinh riêng -Giờ giấc tự do, không chung chủ, Khu vực an ninh, yên tĩnh -Phòng mới, sạch sẽ, thoáng mát -Giá Điện 4k, Nước 100k, Phí DV: 150k -Gần ĐH Y Dược Quận 8, ĐH Công Nghệ Sài Gòn, Khu vui chơi, mua sắm, cửa hàng tiện lợi... -Thuận tiện di chuyển qua Quận 4,5,6,7 Liên hệ xem phòng: 0932732131 Chị Nhung",tromoi.com
https://tromoi.com/phong-tro/nha-tro-193-le-duc-tho-phuong-17-go-vap-thanh-pho-ho-chi-minh,"TRỌ HẺM 193 LÊ ĐỨC THỌ, GÒ VẤP",3800000,25m²,"193 Lê Đức Thọ, Phường 17, Gò Vấp, Thành phố Hồ Chí Minh","🏠 CHO THUÊ PHÒNG TRỌ GÁC CAO – GÒ VẤP 📍 Vị trí: Lê Đức Thọ, Quận Gò Vấp – thuận tiện đi lại, gần chợ, cửa hàng tiện lợi. ✨ Phòng rộng rãi, thoáng mát Gác cao 1m7, thoải mái đứng. Có thang máy, máy giặt chung. Miễn phí chỗ để xe. 💰 Giá thuê: 3,8 triệu/tháng 📞 Liên hệ: 0367 891 324 (Hoài)",tromoi.com
https://tromoi.com/phong-tro/can-ho-tai-145-de-tham-phuong-co-giang-quan-1-ho-chi-minh,"Căn Hộ Tại 145 Đề Thám, Phường Cô Giang, Quận 1, Hồ Chí Minh",11000000,45m²,"145 Đề Thám, Cô Giang, Quận 1, Hồ Chí Minh","SIÊU PHẨM CĂN HỘ ĐỀ THÁM QUẬN 1 - ĐẲNG CẤP VƯỢT TRỘI! Địa chỉ: Đường Đề Thám, Quận 1 Đặc quyền sống sang trọng: Thiết kế đẳng cấp: Nội thất cao cấp, đầy đủ tiện nghi. Không gian rộng rãi: Diện tích 45m2, tràn ngập ánh sáng tự nhiên. View panorama tuyệt đẹp: Ban công nhìn toàn cảnh thành phố sôi động. Di chuyển bằng xe hơi thuận tiện: Đỗ xe ngay trước cửa. An ninh & PCCC: Đảm bảo tiêu chuẩn cao nhất. Ưu đãi đặc biệt MIỄN PHÍ: Giặt ủi: 2 lần/tuần (hoặc có thể lắp máy giặt riêng). Dọn dẹp phòng: 1 lần/tuần. Thay drap giường: 1 lần/tuần. Vị trí vàng trung tâm: Di chuyển dễ dàng đến mọi địa điểm trong thành phố. Ngay cạnh chợ, trung tâm thương mại, nhà sách,... Liên hệ ngay: 0325.265.051 (Đoàn Vũ) để được tư vấn và xem phòng bất cứ lúc nào! Chúng tôi luôn sẵn sàng hỗ trợ bạn tận tình.",tromoi.com
https://tromoi.com/phong-tro/458-15-quang-trung,"DUPLEX CỬA SỔ TRỜI, MÁY LẠNH, BAO THOÁNG, BAO RỘNG, SÂN THƯỢNG TRƯỚC SAU, PHƠI ĐỒ CHO CẢ LÀNG.",3800000,25m²,"Hẻm 458 Quang Trung, phường 10, Gò Vấp, Hồ Chí Minh, Việt Nam","PHÒNG TRỌ GÁC LỬNG – NHÀ MÁT LẠNH NHƯ ĐÀ LẠT – HẺM XE HƠI, THÔNG 2 ĐẦU QUANG TRUNG & PHAN VĂN TRỊ – GÒ VẤP Địa chỉ: 458/15 Quang Trung, Phường 10, Gò Vấp, TP. HCM Hẻm xe hơi, thông 2 đầu Quang Trung và Phan Văn Trị Giá thuê: 3.800.000 VNĐ/tháng Thiết kế: Gác lửng rộng – thoáng – tối ưu không gian Tiện ích đầy đủ – Dọn vào ở ngay: – Máy lạnh, cửa sổ trời, không gian mát mẻ như Đà Lạt – Vệ sinh khép kín, wifi mạnh, kệ bếp riêng – Máy giặt dùng chung, sân trước thoáng rộng, nhà xe riêng biệt – Ban công / sân thượng trước sau rộng rãi – phơi đồ thoải mái – Cửa ra vào rộng, có sân vườn xanh mát, yên tĩnh An ninh đảm bảo: – Camera an ninh, khu dân cư an toàn, hàng xóm thân thiện Gần các địa điểm lớn: – Cách Ngã Sáu Gò Vấp vài phút – Gần Vincom Gò Vấp, Chợ Gò Vấp, Emart, Co.opmart, trường học, bệnh viện – Thuận tiện di chuyển qua Phạm Văn Đồng, Nguyễn Oanh, Lê Văn Thọ, ra sân bay, Bình Thạnh, Quận 12,... Liên hệ xem phòng: 0827.314.399",tromoi.com
https://tromoi.com/phong-tro/nha-tro-tai-38-32-nguyen-van-vinh-phuong-phu-thanh-quan-tan-phu-ho-chi-minh,"Nhà Trọ Tại 38/32 Nguyễn Văn Vịnh, Phường Phú Thạnh, Quận Tân Phú, Hồ Chí Minh",2500000,20m²,"Nguyễn Văn Vịnh, Phú Thạnh, Tân Phú, Hồ Chí Minh","CHO THUÊ PHÒNG TRỌ – TÂN PHÚ – GẦN CÔNG VIÊN, TRƯỜNG HỌC, TRUNG TÂM THƯƠNG MẠI Địa chỉ: 38/32 Nguyễn Văn Vịnh, Phường Phú Thạnh, Quận Tân Phú, TP. HCM Hiện còn 2 phòng trống: Phòng 305 : 2.500.000đ/tháng (có gác lửng) Phòng 105 : 3.300.000đ/tháng (có máy lạnh) Phòng sạch sẽ, riêng tư, khu vực an ninh, giờ giấc tự do. Vị trí thuận tiện, gần nhiều địa điểm lớn: Cách ngã tư Hòa Bình , Công viên Lũy Bán Bích chỉ vài phút đi bộ Gần Trường Trí Đức , UBND Quận Tân Phú , Bệnh viện Quận Tân Phú Xung quanh có siêu thị WinMart , Bách Hóa Xanh , trung tâm Anh ngữ , Melisa Center Gần trạm xe buýt (các tuyến 32, 62, 69...) – dễ dàng di chuyển sang các quận khác Liên hệ xem phòng – gọi mở cửa: 0975 110 506 (Yến)",tromoi.com
https://tromoi.com/phong-tro/ky-tuc-xa-so-149-22-duong-le-thi-rieng-phuong-ben-thanh-quan1-ho-chi-minh,"Ký Túc Xá số 149/22 Đường Lê Thị Riêng, Phường Bến Thành, Quận1, Hồ Chí Minh",1600000,25m²,"số 149/22 Lê Thị Riêng, Bến Thành, Quận 1, Hồ Chí Minh","Ký túc xá ngay trung tâm P Bến Thành, Q1 với đầy đủ tiện nghi chỉ 1,6 triệu/1 người (giá thuê này bao gồm miễn phí tất cả: điện, nước, internet, vệ sinh dọn phòng hàng ngày và tất cả tiện nghi bao gồm: máy lạnh 24/24, tủ lạnh, máy lọc nước uống, máy giặt, máy sấy khô quần áo, phòng Bếp nấu ăn riêng dùng chung cho cả nhà…) NHÀ VỆ SINH RIÊNG TỪNG PHÒNG Giờ giấc tự do, không chung chủ - Phòng bếp chung với tủ lạnh và bếp từ - Phòng giặt sấy khô không cần phơi đồ Địa chỉ: 149/22 Lê Thị Riêng, P bến thành, Q1 (thông với hẽm 150 Nguyễn Trãi và 28 Tôn Thất Tùng) Tiện ích xung quanh: + Trường Cao Thắng, ĐH SKĐA, ĐH Sư Phạm, ĐH Ngân Hàng, ĐH Văn Lang, ĐH Hoa Sen..., Bến xe Bus TpHCM, nhà thờ, chợ Thái Bình, CoopMart Cống Quỳnh …) An ninh, an toàn: + Trang bị hệ thống báo động khi quên đóng cửa nhà + Cửa vào nhà kiểm soát bằng vân tay 8 camera an ninh 24/24 toàn bộ nhà + Wifi tốc độ cao modem 5G riêng mỗi phòng GIÁ THUÊ: TRỌN GÓI 1,6 TRIỆU/THÁNG Hợp đồng 06 tháng. Đặt cọc 2 triệu. Liên hệ: [HCM] Nguyễn Giang 0948733302",tromoi.com
https://tromoi.com/phong-tro/nha-tro-153-thich-quang-duc-phuong-4-quan-phu-nhuan-thanh-pho-ho-chi-minh,"Nhà trọ 153 Thích Quảng Đức, Phường 4, Quận Phú Nhuận, Thành phố Hồ Chí Minh",4000000,13m²,"153 Thích Quảng Đức, Phường 4, Quận Phú Nhuận, Thành phố Hồ Chí Minh","Đang trống sẵn 3 phòng máy lạnh giá 4 triệu Điện 3500, nước 100k/người, dịch vụ 200k/phòng. Có chỗ để xe miễn phí Giờ giấc tự do, an ninh. Ra vào dùng dấu vân tay. Không chung chủ. Có máy giặt và chỗ phơi. Sát bên siêu thị tiện lợi 24h Liên hệ Hoàng Anh 0911.036.036",tromoi.com
https://tromoi.com/phong-tro/can-tim-1-nu-cho-thue-phong-tro-cc-q11,"Nhà Trọ Đường Nguyễn Thị Nhỏ, Phường 15, Quận 11, Hồ Chí Minh",3000000,20m²,"Nguyễn Thị Nhỏ, 15, Quận 11, Hồ Chí Minh","Nhà Trọ Chung cư Phú Thọ, p15, q11 (Kế Q10, sát bên Sân vận động Phú Thọ) - Giá thuê: 3 triệu (tiền nhà) + 1 triệu (tất cả chi phí: Phí Quản Lí, điện, nước, 1 xe máy, internet, rác,...) - Có sẵn tủ lạnh, máy giặt. - Phòng trống, cửa sổ có rèm, toilet riêng - Ở chung với chủ là 1 nữ, nhà có bancol - Liên hệ: 0706137813.",tromoi.com
https://tromoi.com/phong-tro/phan-van-tri-p11-binh-thanh-full-noi-that,Nhà trọ tại Phan Văn Trị p11 BÌNH THẠNH - Full nội thất,3900000,19m²,"Phan Văn Trị, 11, Bình Thạnh, Hồ Chí Minh","Cho thuê phòng trọ full nội thất, tiện nghi tại đường Phan Văn Trị, Bình Thạnh! Địa chỉ: Đường Phan Văn Trị, Phường 11, Quận Bình Thạnh, TP.HCM. Thông tin phòng trọ: P 203-303 4tr6 full nội thất ( trống sẵn ) Điện 4k Nước 100k/ng Xe 100k/c Dịch vụ 200k/phòng Tiện ích tòa nhà: Thang máy hiện đại. Hầm để xe an toàn, ra vào bằng khóa vân tay. Máy giặt chung. Sân thượng phơi đồ rộng rãi. An ninh đảm bảo. Chi phí: Còn phòng Giá 3tr9 và 4tr6 Liên hệ Anh Khánh Hưng: 0888900873.",tromoi.com
https://tromoi.com/phong-tro/162-dang-thuy-tram,"Phòng Duplex Gần ĐH Văn Lang, Quận Bình Thạnh",4500000,25m²,"Bình Lợi, 13, Bình Thạnh, Hồ Chí Minh","CHO THUÊ PHÒNG TRỌ - 162 ĐẶNG THÙY TRÂM, PHƯỜNG 13, BÌNH THẠNH Gần trường ĐH Văn Lang, ĐH Ngoại Thương, ĐH GTVT, Hutech , Địa chỉ: 162 Đặng Thùy Trâm, P.13, Q. Bình Thạnh, TP.HCM Loại phòng: Phòng trọ riêng tư, sạch sẽ, an ninh Giá thuê: 4tr5/Tháng Tiện ích: Phòng rộng rãi, thoáng mát, có cửa sổ đón ánh sáng tự nhiên Có sẵn máy lạnh , wifi mạnh , toilet riêng trong phòng Có chỗ để xe miễn phí , khu vực nấu ăn riêng Khu trọ yên tĩnh, an ninh tốt, giờ giấc tự do , không chung chủ Gần chợ, siêu thị, cửa hàng tiện lợi Giao thông thuận tiện: 5 phút ra Phạm Văn Đồng 10 phút đến trung tâm Gò Vấp, Thủ Đức 15 phút đến Quận 1",tromoi.com
https://tromoi.com/phong-tro/150-chu-van-an,Phòng Trọ Mới Gần Trường Hutech Bình Thạnh,4000000,20m²,"Chu Văn An, 26, Bình Thạnh, Hồ Chí Minh","CHO THUÊ PHÒNG TRỌ TẠI BÌNH THẠNH Gần trường ĐH Văn Lang, ĐH Ngoại Thương, ĐH GTVT, Hutech , Loại phòng: Phòng trọ riêng tư, sạch sẽ, an ninh Tiện ích: Phòng rộng rãi, thoáng mát, có cửa sổ đón ánh sáng tự nhiên Có sẵn máy lạnh , wifi mạnh , toilet riêng trong phòng Có chỗ để xe miễn phí , khu vực nấu ăn riêng Khu trọ yên tĩnh, an ninh tốt, giờ giấc tự do , không chung chủ Gần chợ, siêu thị, cửa hàng tiện lợi Giao thông thuận tiện: 5 phút ra Phạm Văn Đồng 10 phút đến trung tâm Gò Vấp, Thủ Đức 15 phút đến Quận 1",tromoi.com
https://tromoi.com/phong-tro/194-bui-dinh-tuy,"Phòng Trọ Mới Tại Bùi Đình Túy, Bình Thạnh",4200000,22m²,"Bùi Đình Túy, 14, Bình Thạnh, Hồ Chí Minh","CHO THUÊ PHÒNG TRỌ BÙI ĐÌNH TÚY, BÌNH THẠNH Gần trường ĐH Văn Lang, ĐH Ngoại Thương, ĐH GTVT, Hutech , Loại phòng: Phòng trọ riêng tư, sạch sẽ, an ninh Tiện ích: Phòng rộng rãi, thoáng mát, có cửa sổ đón ánh sáng tự nhiên Có sẵn máy lạnh , wifi mạnh , toilet riêng trong phòng Có chỗ để xe miễn phí , khu vực nấu ăn riêng Khu trọ yên tĩnh, an ninh tốt, giờ giấc tự do , không chung chủ Gần chợ, siêu thị, cửa hàng tiện lợi Giao thông thuận tiện: 5 phút ra Phạm Văn Đồng 10 phút đến trung tâm Gò Vấp, Thủ Đức 15 phút đến Quận 1",tromoi.com
https://tromoi.com/phong-tro/325-bach-dang,"Phòng Trọ Mới Gần Ngã 4 Hàng Xanh, Bình Thạnh",3700000,20m²,"Bạch Đằng, 2, Bình Thạnh, Hồ Chí Minh","CHO THUÊ PHÒNG TRỌ TẠI BÌNH THẠNH NGÃ TƯ HÀNG XANH Gần trường ĐH Văn Lang, ĐH Ngoại Thương, ĐH GTVT, Hutech , Loại phòng: Phòng trọ riêng tư, sạch sẽ, an ninh Tiện ích: Phòng rộng rãi, thoáng mát, có cửa sổ đón ánh sáng tự nhiên Có sẵn máy lạnh , wifi mạnh , toilet riêng trong phòng Có chỗ để xe miễn phí , khu vực nấu ăn riêng Khu trọ yên tĩnh, an ninh tốt, giờ giấc tự do , không chung chủ Gần chợ, siêu thị, cửa hàng tiện lợi Giao thông thuận tiện: 5 phút ra Phạm Văn Đồng 10 phút đến trung tâm Gò Vấp, Thủ Đức 15 phút đến Quận 1",tromoi.com
https://tromoi.com/phong-tro/nha-tro-97-54-pham-phu-thu-phuong-11-quan-tan-binh-thanh-pho-ho-chi-minh,"Nhà trọ 97/54 Phạm Phú Thứ, Phường 11, Quận Tân Bình, Thành phố Hồ Chí Minh",4000000,25m²,"97/54 Phạm Phú Thứ, Phường 11, Quận Tân Bình, Thành phố Hồ Chí Minh","Cuối tháng 8 mình trống 1p có sân trước, rộng rãi thoáng mát, có cửa sổ trời. Phòng riêng biệt có khoá cổng riêng. Địa chỉ: 97/54 phạm phú thứ, phường 11, Tân bình. Ở được 3-4 người Bếp và nhà vệ sinh riêng Không chung chủ, giờ giấc tự do máy giặt chung. Máy lạnh Khu vực yên tĩnh , sạch sẽ. Chỗ để xe free. Giảm ngay 1tr cho tháng đầu. Ib hoặc gọi 0914743670",tromoi.com
https://tromoi.com/phong-tro/the-era-town-chung-cu-duc-khai,"Phòng trong CC cao cấp full nội thất, an ninh, giờ giấc tự do",3800000,22m²,"Nguyễn Lương Bằng, Phú Mỹ, Quận 7, Thành phố Hồ Chí Minh","🏠 Chính chủ cho thuê phòng trong căn hộ Chung cư Era Town Đức Khải. ➡️ Hiện tại mình còn phòng giao động từ 3tr8 (20m2), 4tr (22m2), và 4tr2 (26m2). Phòng master tất cả đều full nội thất: WC riêng, máy lạnh, tủ, nệm, cửa sổ lớn thoáng mát. Chỉ cần sách vali vào là ở. Giờ giấc tự do. ➡️ Tất cả các phòng đều được sử dụng tủ lạnh, máy giặt chung bên ngoài. Khu bếp và ban công giặt phơi rộng rãi. ➡️ Bên dưới chung cư có: hồ bơi, siêu thị mini 24/7, chợ, gym, an ninh tuyệt đối bảo vệ trực 24/7, có nhiều tuyến xe buýt tới các trường Đại Học. 📍 Phòng cách các trường ĐH TDT, NTT, RMIT, cao đẳng CMT, Lotte Mart từ 1-2km (5-15p) đi xe. 📲 Liên hệ: [SĐT/ZALO] để biết thêm chi tiết. Vui lòng đọc kỹ bài đăng của mình nhé ^^ 😊 Chủ nhà thân thiện, nhiệt tình, tâm lý",tromoi.com
https://tromoi.com/phong-tro/nha-tro-duong-thoai-ngoc-hau-phu-tho-hoa-tan-phu-thanh-pho-ho-chi-minh,"Phòng Cho Thuê Thoại Ngọc Hầu, Phú Thọ Hoà, Tân Phú",1350000,5m²,"Thoại Ngọc Hầu, Phú Thọ Hoà, Tân Phú, Thành phố Hồ Chí Minh","Phòng nhỏ xinh 5m² giá 1.35 triệu tại Phú Thọ Hoà, TP.HCM Mình đang cho thuê lại phòng nhỏ xinh, rất lý tưởng cho sinh viên hoặc người đi làm ở khu Phú Thọ Hoà, TP.HCM. Phòng sạch sẽ, tiện nghi, vị trí đắc địa, rất thích hợp cho bạn. 🏠 Phòng mini máy lạnh nhỏ 1 người ở gần ngã 4 Lũy Bán Bích - Thoại Ngọc Hầu - Gần ĐH Văn Hiến, Kế UBND Q.Tân Phú - Kế bên bàu cát Tân Bình - Cách Đầm Sen, Aeon Tân Phú 10p Phòng sạch sẽ, có sẵn nệm mền gối máy lạnh PHÒNG DT NHỎ TIẾT KIỆM,PHÙ HỢP SV, HS, MỚI ĐI LÀM 💰 Giá thuê Gọi A Lân xem phòng(gọi trước khi qua) - Phòng Máy lạnh lầu 4 : 1.350.000 + điện(4k) + nước 100k - Phòng Máy lạnh lầu 3 : 1.400.000 + điện(4k) + nước 100k - Phòng Máy lạnh lầu 2 : 1.450.000 + điện(4k) + nước 100k Liên hệ để xem phòng ngay!",tromoi.com
https://tromoi.com/phong-tro/nha-tro-duong-bau-cat-phuong-13-quan-tan-binh-thanh-pho-ho-chi-minh,"Nhà trọ đường Bàu Cát, Phường 13, Quận Tân Bình, Thành phố Hồ Chí Minh",3900000,25m²,"Bàu Cát, Phường 13, Quận Tân Bình, Thành phố Hồ Chí Minh","Tiện ích toà nhà: - Nội thất, ra vào cửa vân tay. - Thang máy, nhà xe, sân phơi. - Camera 24/24 - Giờ giấc tự do, k giới hạn số người. Liên hệ: 0766055786 call/zl/mess CHÍNH CHỦ hỗ trợ tư vấn nhiệt tình",tromoi.com
https://tromoi.com/phong-tro/nha-tro-so-131-7-ho-van-long-binh-hung-hoa-b-quan-binh-tan-thanh-pho-ho-chi-minh,"Nhà trọ số 131/7 Hồ Văn Long, Binh Hưng Hoà B, Quận Bình Tân, Thành phố Hồ Chí Minh",2700000,25m²,"131/7 Hồ Văn Long, Binh Hưng Hoà B, Quận Bình Tân, Thành phố Hồ Chí Minh","Vị trí: 131/7 Hồ Văn Long, BHHB, Bình Tân Ngã Tư Gò Mây - Lê Trọng Tấn - Aeon Mall Tân Phú - Giá 2TR5 - 4TR/phòng - Phòng siêu rộng thoải mái ở được 3-4 người - Nội Thất mới sẵn y hình - Khu vực an ninh camera 24/24 - Giờ giấc tự do, ra vào vân tay - Hỗ trợ xem phòng 24/24 - Có máy giặc máy lọc nước Liên hệ sdt 0358089039 Tỉnh",tromoi.com
https://tromoi.com/phong-tro/nha-tro-hem-so-3-thanh-thai-phuong-14-quan-10-thanh-pho-ho-chi-minh,"Nhà trọ Hẻm số 3 Thành Thái, Phường 14, Quận 10, Thành phố Hồ Chí Minh",3000000,12m²,"Hẻm số 3 Thành Thái, Phường 14, Quận 10, Thành phố Hồ Chí Minh","CHO THUÊ PHÒNG TRỌ HẺM SỐ 3 THÀNH THÁI, P.14, QUẬN 10, TP.HCM Địa chỉ: HẺM SỐ 3 THÀNH THÁI, P.14, QUẬN 10, TP.HCM Còn 2 phòng 1) Phòng tầng 2: Giá thuê: 3 triệu/tháng (chưa điện, nước...) Diện tích: 12 m² (có cửa sổ thoáng mát) 2) Phòng tầng trệt: Giá thuê: 3,2 triệu/tháng (chưa điện, nước...) Diện tích: 12 m² (có WC trong phòng) Tiện ích: Phòng rộng rãi, thoáng mát, có cửa sổ. Máy lạnh, nước nóng đầy đủ. Giờ giấc tự do, không chung chủ. Khu vực an ninh, gần siêu thị, chợ, trường học, bệnh viện. Có chỗ để xe, wifi mạnh, camera an ninh. Liên hệ ngay: Cô Lan Anh: 0938860479 (Call/Zalo) để xem phòng!",tromoi.com
https://tromoi.com/phong-tro/20-7-duong-so-3-cu-xa-do-thanh-q3,Cho Thuê Phòng Q3.40m2.fuff nội thất.6tr5,6500000,40m²,"20/7 Đường số 3, Phường 4, Quận 3, Thành phố Hồ Chí Minh","CHO THUÊ PHÒNG RỘNG – FULL NỘI THẤT – CƯ XÁ ĐÔ THÀNH, QUẬN 3 📍 Địa chỉ : 20/7 Đường số 3, Cư xá Đô Thành, Phường 4, Quận 3 Diện tích : 40m² – cực kỳ rộng rãi, thoáng mát Full nội thất : Giường, nệm, tủ, bàn ghế, máy lạnh, kệ bếp,... Máy giặt riêng , không dùng chung Giá thuê : 6.500.000đ/tháng 🏡 Không gian yên tĩnh, khu vực dân trí cao 🚶‍♂️ Gần chợ, trường học, siêu thị, thuận tiện di chuyển qua Quận 1, Quận 10, Phú Nhuận... Gần các trường ĐH KInh tế, Cao đẳng Kinh tế Đối ngoại, Học viện Hành chính Quốc gia, Trường Đại học Mở TP.HCM,... 📞 Liên hệ chính chủ : 0838 999 988",tromoi.com
https://tromoi.com/phong-tro/nha-tro-42-duong-so-8-truong-tho-thu-duc-thanh-pho-ho-chi-minh,"Nhà trọ 42 Đường Số 8, Trường Thọ, Thủ Đức, Thành phố Hồ Chí Minh",4400000,22m²,"42 Đường Số 8, Trường Thọ, Thủ Đức, Thành phố Hồ Chí Minh","CHO THUÊ PHÒNG RỘNG – Ở ĐƯỢC 3–4 NGƯỜI – THỦ ĐỨC – GIÁ CHỈ 4TR4 (CÓ THƯƠNG LƯỢNG) 📍 Địa chỉ : 42 Đường số 8, Phường Trường Thọ, TP. Thủ Đức Phòng rộng rãi , thoáng mát, ở được nhóm 3–4 người Giá thuê : 4.400.000đ/tháng – có thể thương lượng Miễn phí gửi xe Ra vào bằng khoá vân tay , an ninh đảm bảo ✔️ Giờ giấc tự do ✔️ Phù hợp nhóm bạn sinh viên, người đi làm ở chung tiết kiệm chi phí 📞 Liên hệ chính chủ : 0393 070 351",tromoi.com
https://tromoi.com/phong-tro/nha-tro-duong-nguyen-van-nghi-phuong-5-go-vap-thanh-pho-ho-chi-minh,KHAI TRƯƠNG CĂN PHÒNG GÁC CAO CÁCH 400m Tới IUH,4300000,25m²,"Nguyễn Văn Nghi, Phường 5, Gò Vấp, Thành phố Hồ Chí Minh","🔥KHAI TRƯƠNG CĂN PHÒNG GÁC CAO CÁCH 400m Tới IUH 🏡Địa chỉ: Nguyễn Văn Nghi, Phường 7, Gò Vấp Giá 3,5tr - 4,5tr 🛋️Nội thất: Kệ bếp, Tủ đồ tích hợp cầu thang, Máy lạnh + $ 📌Tiện ích: Free xe An ninh Giờ giấc tự do Ra vào vân tay Không chung chủ 👉Thuận tiện di chuyển Bình Thạnh, Phạm Văn Đồng, Phan Văn Trị, Nguyễn Kiệm, Nguyễn Thái Sơn, Sân bay.... Liên hệ: 0388.783.937 để được tư vấn",tromoi.com
https://tromoi.com/phong-tro/nha-tro-nguyen-huu-tien-tay-thanh-tan-phu-ho-chi-minh,Căn hộ sinh viên giá tốt đã có mặt!,2600000,25m²,"Nguyễn Hữu Tiến, Tây Thạnh, Tân Phú, Hồ Chí Minh","Căn hộ sinh viên giá tốt đã có mặt! Phòng rộng, ban công đẹp, vị trí thuận lợi: cạnh HUIT (đi bộ 2 phút), cách Aeon 10 phút. Giá chỉ 2tr6! Thành Đạt: 0705 9️⃣6️⃣8️⃣ 564 - Liên hệ Zalo",tromoi.com
https://tromoi.com/phong-tro/khai-truong-phong-moi-xay-chi-tu-2-trieu,KHAI TRƯỜNG PHÒNG MỚI XÂY CHỈ TỪ 2 TRIỆU,1950000,18m²,"Trần Văn Giàu, An Lạc A, Bình Tân, Hồ Chí Minh","6xx Trần Văn Giàu , P Tân Tạo A Nhận xe điện ( ở ngay không tính tiền tháng 7 ) ( Hỗ trợ lắp đặt gác bếp miễn phí cho những bạn dọn vào trong tháng ) Lâu 4 bán 1950 trọn gói Lầu 3 ban 2050 trọn gói Lâu 2 ban 2150 trọn gói Lầu 1 ban 2250 trọn gói Đã bao gồm nước , xe , vệ sinh , rác , nước uống miên phí , giơ tự do , bảo trì miễn phí . Tất cả điện 4k/",tromoi.com
https://tromoi.com/phong-tro/can-gac-lung-dep-gia-mem-o-duoc-nhieu-nguoi-dang-thuy-tram-binh-thanh,"Căn Gác Lửng Đẹp Giá Mềm, Ở Được Nhiều Người - Đặng Thùy Trâm, Bình Thạnh",6500000,25m²,"Lương Ngọc Quyến, 13, Bình Thạnh, Hồ Chí Minh","📍 Địa chỉ: Đặng Thùy Trâm, Phường 13, Bình Thạnh, TP.HCM (đây mới là địa chỉ đúng) 💢 Phòng trống đầu tháng 8 – Giá chỉ 6tr5/tháng 🛋 Phòng rộng, sạch sẽ – Full nội thất : giường, nệm, tủ quần áo, kệ bếp, bàn ghế… chỉ cần dọn vào ở ngay 🏢 Tòa nhà mặt tiền lớn, có thang máy, hệ thống PCCC đạt chuẩn 🧺 Máy giặt riêng từng phòng , tiện lợi – không chung đụng 🚗 Mặt tiền ô tô , dễ đón xe, tiện di chuyển các quận trung tâm 🚪 Không gian yên tĩnh, an ninh, dân trí cao 📌 Gần các tiện ích: chợ, siêu thị, trường học, khu ăn uống 👉 Liên hệ ngay để giữ phòng trước khi hết (Mình sẽ hỗ trợ xem phòng tận tình – inbox là có lịch ngay!)",tromoi.com
https://tromoi.com/phong-tro/phong-ban-cong-may-giat-rieng-quan-8-35m2-full-noi-that-giap-vo-van-kiet,"Phòng ban công, máy giặt riêng, Quận 8, 35m2, full nội thất, giáp Võ Văn Kiệt",4200000,35m²,"Khởi Nghĩa Bắc Sơn, 15, Quận 8, Hồ Chí Minh","Phòng ban công, máy giặt riêng, Quận 8, 35m2, full nội thất, giáp Võ Văn Kiệt",tromoi.com
https://tromoi.com/phong-tro/kdc-trung-son,"Phòng ban công, full nội thất, ban công, rộng 35m2, kế Lotte, Rmit, TDTU, Vivo",5000000,35m²,"Số 7, Bình Hưng, Bình Chánh, Hồ Chí Minh","💥STU BAN CÔNG - 35M2 - NHÀ MỚI 100% - GẦN UFM - SC VIVO - TDTU - LOTTE💥 ✅ Tiện ích: - Đầy đủ nội thất - Bảo vệ a.n n.inh 24/7 bảo đảm an toàn cho bạn - Quản lý chuyên nghiệp luôn sẵn sàng hỗ trợ bạn bất kỳ lúc nào - Camera xuyên suốt - Tự do, không chung chủ ________________________________ 📲Call me: 0398 864 265 để được tư vấn miễn phí ❤️ -----THANKS FOR READING------",tromoi.com
https://tromoi.com/phong-tro/duplex-ban-cong-cua-so-40m2-trung-tam-quan-7-ke-lotte-tdtu-rmit-ufm,"Duplex ban công, cửa sổ, trung tâm Quận 7, kế Lotte, UFM, TDTU, Rmit, Vivo",5500000,40m²,"Số 27, Tân Quy, Quận 7, Hồ Chí Minh","💥DUPLEX BAN CÔNG - 40M2 - NHÀ MỚI 100% - GẦN UFM - SC VIVO - TDTU - LOTTE💥 ✅ Tiện ích: - Đầy đủ nội thất - Bảo vệ a.n n.inh 24/7 bảo đảm an toàn cho bạn - Quản lý chuyên nghiệp luôn sẵn sàng hỗ trợ bạn bất kỳ lúc nào - Camera xuyên suốt - Tự do, không chung chủ ________________________________ 📲Call me: 0398 864 265 để được tư vấn miễn phí ❤️ -----THANKS FOR READING------",tromoi.com
https://tromoi.com/phong-tro/ban-cong-may-giat-rieng-phong-ngu-rieng,"Nhà Trọ Đường Trần Xuân Soạn, Tân Kiểng, Quận 7, Hồ Chí Minh",12800000,45m²,"Trần Xuân Soạn, Tân Kiểng, Quận 7, Hồ Chí Minh","Rộng 45m2, ban công, nội thâts đầy đủ, máy giặt riêng",tromoi.com
https://tromoi.com/phong-tro/1-pn,CHDV 1PN DECOR XINH XẮN,8300000,45m²,"5, Tân Phong, Quận 7, Hồ Chí Minh","CHDV 1 PHÒNG NGỦ BAN CÔNG MÁY GIẶT RIÊNG QUẬN 7 KDC KIM SƠN GẦN LOTTE MART, TDTU, RMIT... KHÔNG CHUNG CHỦ, CAMERA AN NINH",tromoi.com
https://tromoi.com/phong-tro/nha-cubid-so-81-tan-quy-quan-7-ho-chi-minh,"Duplex | Studio ban công, full nội thất cao cấp, gần Lotte, Tdtu, Rmit, UFM",7500000,40m²,"Số 81, Tân Quy, Quận 7, Hồ Chí Minh","💥DUPLEX | STU BAN CÔNG - 40M2 - NHÀ MỚI 100% - GẦN UFM - SC VIVO - TDTU - LOTTE💥 ✅ Tiện ích: - Đầy đủ nội thất - Bảo vệ a.n n.inh 24/7 bảo đảm an toàn cho bạn - Quản lý chuyên nghiệp luôn sẵn sàng hỗ trợ bạn bất kỳ lúc nào - Camera xuyên suốt - Tự do, không chung chủ ________________________________ 📲Call me: 0398 864 265 để được tư vấn miễn phí ❤️ -----THANKS FOR READING------",tromoi.com
https://tromoi.com/phong-tro/ksan-phap-cũ-20m2-tan-thoi-nhat-gan-cv-quang-trung,"Nhà trọ 10/4 Tân Thới Nhất 13D, Tân Thới Nhất, Quận 12, Hồ Chí Minh",2500000,20m²,"10/4 Tân Thới Nhất 13D, Tân Thới Nhất, Quận 12, Hồ Chí Minh","CHO THUÊ PHÒNG TRỌ TRONG KHÁCH SẠN PHÁP CŨ, VIBE CỔ ĐIỂN, SÀI GÒN XƯA Địa chỉ: 10/4 Tân Thới Nhất 13D, Tân Thới Nhất, Quận 12, Hồ Chí Minh Chi tiết phòng như sau: - Diện tích: 20m2 - Tiện nghi: wifi, ban công sân thượng, máy giặt, vệ sinh trong, giường nệm, bải để xe riêng, tủ áo quần. - Miễn phí gửi xe 1 tháng cho bạn nào cọc trong tháng này Chi phí sinh hoạt: - Điện: 3k5 - Nước:100k - Dịch vụ: 100k - Gía cho thuê: 2500000 vnđ/tháng Nơi nào phù hợp với lối sống và phong cách, nơi đó là Tổ Ấm Nhỏ - Liên hệ xem phòng qua 0876926896 (Quang Khải).",tromoi.com
https://tromoi.com/phong-tro/nha-tro-duong-so-3-phuong-8-quan-go-vap-thanh-pho-ho-chi-minh,"Nhà trọ Đường số 3, Phường 8, Quận Gò Vấp, Thành phố Hồ Chí Minh",3200000,30m²,"Đường số 3, Phường 8, Quận Gò Vấp, Thành phố Hồ Chí Minh","Phòng trọ mới xây Phường 8 Quận Gò Vấp - Gần Chợ Hạnh Thông Tây, chợ, siêu thị, bách hoá xanh - Giao thông tiện đường khắp nơi, an ninh cao - Full nội thất : máy lạnh, bàn ghế, kệ bếp - Giá rẻ nhất khu vực - Free xe (tối đa 2 xe) - Cho ở 3 người - Có Thang máy.",tromoi.com
https://tromoi.com/phong-tro/dinh-nam,PHÒNG GIƯỜNG TẦNG CHO THUÊ THỐNG NHẤT P17 FULL NỘI THẤT GẦN NGAY LOTTE NGUYỄN VĂN LƯỢNG,4000000,30m²,"Thống Nhất, 17, Gò Vấp, Hồ Chí Minh",PHÒNG TRỌ CHO THUÊ GIƯỜNG TẦNG FULL NỘI THẤT ĐƯỜNG THỐNG NHẤT P17 GẦN NGAY LOTTE NGUYỄN VĂN LƯỢNG,tromoi.com
https://tromoi.com/phong-tro/nha-tro-duong-binh-tri-dong-phuong-binh-tri-dong-quan-binh-tan-thanh-pho-ho-chi-minh-1741851712,"Nhà trọ đường Bình Trị Đông, Phường Bình Trị Đông, Quận Bình Tân, Thành phố Hồ Chí Minh",3000000,25m²,"Bình Trị Đông, Phường Bình Trị Đông, Quận Bình Tân, Thành phố Hồ Chí Minh","KHAI TRƯƠNG PHÒNG MỚI XÂY BAN CÔNG NGAY NGÃ TƯ BỐN XÃ - LÊ VĂN QUỚI - HƯƠNG LỘ 2 GIÁ CHỈ 3.000.000 Phòng mới nội thất y hình Giờ giấc tự do không chung chủ, cửa ra vào vân tay Ban công thoáng Free xe Liên hệ xem phòng miễn phí: 0964.941.138 (Hoàng Thảo - có Zalo)",tromoi.com
https://tromoi.com/phong-tro/phong-tro-hem-246-duong-thi-muoi-phuong-tan-thoi-hiep-quan-12,"Nhà trọ hẻm 246 Dương Thị Mười, Phường Tân Thới Hiệp, Quận 12",3500000,30m²,"Hẻm 246 Dương Thị Mười, Tân Thới Hiệp, Quận 12, Hồ Chí Minh","Phòng trọ tiện nghi - Gần chợ, siêu thị, trường học - Giá tốt! Cuộc sống tiện lợi ngay trước cửa nhà! Phòng trọ mới xây, thoáng mát, đầy đủ tiện nghi, gần chợ, siêu thị, trường học,... - Địa chỉ : Hẻm 246 Dương Thị Mười, Tân Thới Hiệp, Quận 12 Gần chợ, siêu thị, trường học Khu vực an ninh, khóa vân tay 2 cửa Mô tả : Phòng đẹp, sạch sẽ Chi phí : Điện: 3.500 VNĐ/kWh Nước: 20.000 VNĐ/m3 Wifi: 10.000 VNĐ/người Không phí quản lý Giá thuê : 3.500.000 VNĐ/tháng Liên hệ : 0902.934.707",tromoi.com
https://tromoi.com/phong-tro/phong-share-trong-can-ho-o-era-town-duc-khai-quan-7-block-a1-riverside-1754029450,CHO THUÊ PHÒNG SHARE MASTER TRONG CĂN HỘ ERA TOWN QUẬN 7 FULL NT Ở LIỀN ĐƯỢC,2500000,15m²,"15B, Phú Mỹ, Quận 7, Thành phố Hồ Chí Minh","SHARE PHÒNG MASTER – ERA TOWN ĐỨC KHẢI, QUẬN 7 – CHỈ 2TR5 BAO HẾT PHÍ 📍 Vị trí : Căn hộ ERA Town, Block A1 – Riverside, Phường Phú Mỹ, Quận 7 🛏 Phòng master rộng rãi , ở được 1–2 người 💰 Giá chỉ 2.500.000đ/tháng – bao hết phí (điện, nước, wifi...) 🛋 Tiện nghi đầy đủ : Máy lạnh, giường nệm, tủ đồ, máy giặt, tủ lạnh, bếp nấu ăn dùng chung sạch sẽ 🏞 View thoáng mát, căn hộ sạch sẽ, an ninh, thang máy thẻ từ ✅ Ưu tiên người ở gọn gàng, sạch sẽ ✅ Ở được ngay – chỉ cần xách vali vào là ở! 📞 Liên hệ Dương : 0833 393 394",tromoi.com
https://tromoi.com/phong-tro/nha-tro-tai-320-117-nguyen-gia-tri-phuong-25-quan-binh-thanh-ho-chi-minh,"Nhà Trọ Tại 320/117 Nguyễn Gia Trí, Phường 25, Quận Bình thạnh, Hồ Chí Minh",6000000,35m²,"Nguyễn Gia Trí, 25, Bình Thạnh, Hồ Chí Minh","BIỆT THỰ BỜ SÔNG - SÂN VƯỜN - KHÔNG GIAN THOÁNG - CHILL CHILL Địa chỉ mới: 320/117 Nguyễn Gia Trí, Phường 25, Bình Thạnh Địa chỉ cũ: 860/117 Xô Viết Nghệ Tĩnh, Phường 25, Bình Thạnh Giá thuê: 6.000.000 VNĐ/tháng Phù hợp ở: Tối đa 4 người, để được 4 xe máy Thông tin phòng: Phòng studio rộng 35m² Full nội thất: máy lạnh, tủ lạnh, tủ đồ, giường nệm, bàn ghế,... Có không gian riêng bên ngoài phòng Nhà có hệ thống PCCC, camera an ninh Sân vườn rộng, môi trường sống yên tĩnh, thoáng mát Phù hợp để ở lâu dài Phí dịch vụ: Điện: 4.000 VNĐ/kWh Nước: 100.000 VNĐ/người Dịch vụ phòng: 200.000 VNĐ/phòng Máy giặt dùng riêng Miễn phí 2 xe máy, tối đa để được 4 xe Vị trí thuận tiện, gần nhiều địa điểm lớn: Landmark 81 & Công viên Vinhomes Central Park (3–4 km) Bến xe Miền Đông cũ (2–3 km) Lăng Ông – Bà Chiểu, chợ Bà Chiểu (3 km) Trung tâm Quận 1: Chợ Bến Thành, Dinh Độc Lập, Nhà thờ Đức Bà (4–6 km) Liên hệ xem phòng: 0917 516 056",tromoi.com
https://tromoi.com/phong-tro/nha-tro-70-kenh-nuoc-den-binh-hung-hoa-a-quan-binh-tan-thanh-pho-ho-chi-minh,"Nhà Trọ 70 Kênh Nước Đen, Bình Hưng Hòa A, Quận Bình Tân, Thành Phố Hồ Chí Minh",4000000,35m²,"70 Kênh Nước Đen, Binh Hưng Hoà A, Bình Tân, Thành phố Hồ Chí Minh","CHÍNH CHỦ CHO THUÊ PHÒNG TẠI QUẬN BÌNH TÂN Địa chỉ: 70 Kênh Nước Đen, Bình Hưng Hòa A, Bình Tân -Liên Hệ Xem Phòng: Anh Bình: 0909275350 Chị Nhiệm: 0909472585 -Giá Phòng: Từ 4tr-4tr2 -Diện tích: Từ 25-35m2 -Điện: 3k8, Nước: 100k/Người, Xe: 100k/Chiếc, Dịch vụ: 120k -Nội thất: Kệ bếp, Máy lạnh, Tủ quần áo, Ghế sofa, Cửa sổ, Quạt máy, Máy lạnh, Tủ lạnh, Giường nệm, Nhà vệ sinh riêng, ban công, thang máy -Có bãi để xe rộng rãi, camera an ninh, khóa vân tay, PCCC, có sân thượng rộng rãi thoáng mát -Nằm ngoài đường lớn rộng rãi, đối diện công viên, Gần TTTM AEON Tân Phú, Trường ĐH Công Thương TPHCM, Trường ĐH Văn Hiến, Bệnh Viện Bình Tân -Thuận tiện di chuyển: Quân Tân Phú, Quận Bình Tân, Quận 10, Quận 5",tromoi.com
https://tromoi.com/phong-tro/nha-tro-256-phan-huy-ich-phuong-12-go-vap-ho-chi-minh,"Nhà Trọ 256 Phan Huy Ích, Phường 12, Gò Vấp, Hồ Chí Minh",3500000,25m²,"Phan Huy Ích, 12, Gò Vấp, Hồ Chí Minh","CHÍNH CHỦ CHO THUÊ PHÒNG TẠI GÒ VẤP Địa chỉ: 256 Phan Huy Ích, Phường 12, Gò Vấp -Liên Hệ Xem Phòng: Anh Bình: 0909275350 Chị Nhiệm: 0909472585 -Giá Phòng: 3tr5-4tr5/Tháng -Điện: 3k8, Nước 100k/người, Xe 100k/Chiếc, Dịch vụ 150k/phòng -Có sân thượng phơi đồ, có máy giặt chung, bãi xe riêng -Gần trường ĐH Công Nghiệp, ĐH văn lang, ĐH mở TPHCM, Bệnh viện gò vấp, quân y 175 và các cửa hàng tiện lợi, khu mua sắm -Thuận tiện di chuyển qua quận 12, tân bình, bình thạnh. -Có thể thương lượng giá tùy phòng",tromoi.com
https://tromoi.com/phong-tro/nha-tro-107-37-dong-hung-thuan-27-kp2-dong-hung-thuan-quan-12,"Nhà Trọ 107/37 Đông Hưng Thuận 27, KP2, Đông Hưng Thuận, Quận 12",2500000,24m²,"107/37 Đông Hưng Thuận 27, KP2, Đông Hưng Thuận, Quận 12","CHÍNH CHỦ CHO THUÊ PHÒNG TRỌ MỚI TẠI QUẬN 12 -Địa chỉ: 107/37 Đông Hưng Thuận 27, KP2, Đông Hưng Thuận, Quận 12 -Giá Phòng: Từ 2tr4-2tr8 -Liên Hệ Xem Phòng: Anh Bình: 0909275350 Chị Nhiệm: 0909472585 -Điện: 3,5k, Nước: 80k/Người, Xe: 100k/Chiếc, Phí dịch vụ: 120k/Phòng -Có bãi xe, khu giặt và phơi đồ, có vệ sinh trong, cửa sổ, kệ bếp, tủ đồ -Giờ giấc tự do, không chung chủ, Camera 24/7, cửa khóa vân tay -Khu vực an ninh, yên tĩnh, phòng mới, sạch sẽ, thoáng mát -Gần ĐH Nguyên Tất Thành Quận 12, Cao Đẳng Điện Lực, Vincom Plaza Quang Trung... -Thuận tiện di chuyển đi: Tân Bình, Gò Vấp, Tân Phú, Bình Chánh",tromoi.com
https://tromoi.com/phong-tro/nha-tro-605-pham-van-bach-phuong-15-tan-binh-ho-chi-minh,"Nhà Trọ 605 Phạm Văn Bạch, Phường 15, Tân Bình, Hồ Chí Minh",3000000,15m²,"605 Phạm Văn Bạch, Phường 15, Tân Bình, Hồ Chí Minh","CHÍNH CHỦ CHO THUÊ PHÒNG TẠI TÂN BÌNH Địa chỉ : 605 Phạm Văn Bạch, Phường 15, Tân Bình -Liên Hệ Xem Phòng: Anh Bình: 0909275350 Chị Nhiệm: 0909472585 -Phòng 3tr trống 3 phòng : Máy lạnh, tủ đồ, kệ rửa tay, quạt tường, cửa sổ, vệ sinh riêng -Phòng 3tr5 trống 3 phòng : Máy lạnh, tủ đồ, Giường nệm, kệ rửa tay, quạt tường, cửa sổ, vệ sinh riêng -Điện 3k8, Nước 100k/Người, Xe 100k/Chiếc, Dịch vụ 120k -Có thang máy, Sân thượng phơi đồ, máy giặt chung, bãi xe riêng -Gần ĐH Tài Nguyên Môi Trường, ĐH Tài Chính Marketing -Thuận tiện di chuyển qua gò vấp, quận 12, bình thạnh -Có thể thương lượng giá tùy phòng",tromoi.com
https://tromoi.com/phong-tro/nha-tro-duong-da-nam-phuong-3-quan-8-thanh-pho-ho-chi-minh,"PHÒNG TRỌ SINH VIÊN GIÁ RẺ, PHÒNG RỘNG RÃI, THOÁNG MÁT, ĐIỆN RIÊNG, WIFI MẠNH",3000000,24m²,"Dạ Nam, Phường 3, Quận 8, Thành phố Hồ Chí Minh","•NẰM GẦN TRUNG TÂM THÀNH PHỐ, THUẬN TIỆN ĐI LẠI CÁC QUẬN 5, QUẬN 1, QUẬN 10,.... •KHU AN NINH, CÓ CAMERA • ĐỒNG HỒ ĐIỆN RIÊNG, CHỦ ĐỘNG TRONG VIỆC SỬ DỤNG, WIFI MẠNH Ở CÁC PHÒNG • TỰ DO GIỜ GIẤC",tromoi.com
https://tromoi.com/phong-tro/nha-tro-duong-le-van-quoi-phuong-binh-hung-hoa-a-quan-binh-tan-thanh-pho-ho-chi-minh,"Nhà trọ đường Lê Văn Quới, Phường Binh Hưng Hoà A, Quận Bình Tân, Thành phố Hồ Chí Minh",2500000,27m²,"Lê Văn Quới, Phường Binh Hưng Hoà A, Quận Bình Tân, Thành phố Hồ Chí Minh","Giảm sốc 1.000.000 Giữ phòng Qua Tết Địa chỉ : Lê Văn Quới - Bình Tân Chỉ 2TRXXXXX NHỎO XÍUU Vị trí : VHU 5p đi xe ,Bình Trị Đông - Hương Lộ 2 - Hoà Bình - Thoại Ngọc Hầu - Mã Lò Điểm nổi bật : giờ giấc tự do, không chung chủ, ra vào vân tay. Thang Máy - Nhà Xe Rộng Liên hệ Công Duẩn Xem Phòng Free",tromoi.com
https://tromoi.com/phong-tro/nha-tro-dang-can-ho-dich-vu-cao-cap-147-an-duong-vuong-phuong-an-lac-quan-binh-tan-thanh-pho-ho-chi-minh,"Nhà trọ dạng Căn hộ dịch vụ cao cấp 147 An Dương Vương, Phường An Lạc, Quận Bình Tân, Thành phố Hồ Chí Minh",4500000,30m²,"147 An Dương Vương, Phường An Lạc, Quận Bình Tân, Thành phố Hồ Chí Minh","Địa chỉ: 147 An Dương Vương, Phường An Lạc, Quận Bình Tân Giá: 4tr5 Liên hệ: 0355640978 Hoàng - Phòng Bancol - Khu dân cư LUXURY - Nội Thất: nhà mới nội thất mới 100% - Free bảo vệ 24/24, free gửi xe. - Giá yêu thương: 4tr5 đang có Chương trình lì xì tặng Voucher 200k trong tháng đầu còn 4tr3 (áp dụng cho khách chốt trong tháng 2 này). Điện 3,8k/kwh, nước 100k/người. dịch vụ 150k - Giáp ranh Q6 và Q8 di chuyển về trung tâm bằng đường Võ Văn Kiệt không kẹt xe, khu an ninh dân trí. - Giờ giấc tự do, không chung chủ. - Diện tích phòng: 30m2 - Nội thất đầy đủ: máy lạnh, tủ lạnh, giường, nệm, kệ bếp, tủ quần áo, wc khép kín sạch sẽ... Phòng có ban công thoáng mát - Ngay khu nhà phố Luxury môi trường dân trí, yên tĩnh, mát mẻ, bảo vệ 24/24 an ninh, ít phòng cho thuê nên gọn gàng sạch sẽ.",tromoi.com
https://tromoi.com/phong-tro/nha-tro-so-354-to-ngoc-van-phuong-thanh-xuan-quan-12-thanh-pho-ho-chi-minh,"Nhà trọ số 354 Tô Ngọc Vân, Phường Thạnh Xuân, Quận 12, Thành phố Hồ Chí Minh",2290000,15m²,"354 Tô Ngọc Vân, Thạnh Xuân, Quận 12, Hồ Chí Minh","Nhà trọ số 354 Tô Ngọc Vân, Phường Thạnh Xuân, Quận 12, Thành phố Hồ Chí Minh Thông tin cho thuê như sau: - Phòng trọ có gác lửng cực kì thoáng mát - Nhà vệ sinh trong, có bếp riêng - Có phần cửa sổ lớn đón nắng và thoáng khí - Không chung chủ, giờ giấc tự do - Giá thuê: 2.290k/tháng, cọc 1 tháng Liên hệ 0773349287 để xem phòng và đặt cọc.",tromoi.com
https://tromoi.com/phong-tro/nha-tro-so-704-23-13-huong-lo-2-phuong-binh-tri-dong-a-quan-binh-tan-thanh-pho-ho-chi-minh,"Nhà trọ số 704/23/13 Hương Lộ 2, Bình Trị Đông A, Quận Bình Tân, Thành phố Hồ Chí Minh",3300000,17m²,"704/23/13 Hương Lộ 2, Bình Trị Đông A, Bình Tân, Hồ Chí Minh","Nhà trọ số 704/23/13 Hương Lộ 2, Phường Bình Trị Đông A, Quận Bình Tân, Thành phố Hồ Chí Minh Cuối tháng trống 2 phòng, thông tin cho thuê như sau : - Phòng full nội thất, có điều hoà - Có khu vực nấu ăn, tủ đựng đồ, máy giặt chung - Phòng rộng thoáng mát, khóa bằng cửa vân tay - Giờ giấc tự do không chung chủ bạn bè đến chơi thoải mái - Vị trí gần các siêu thị, phòng tập gym, các tuyến xe buýt thuận tiện đi lại các quận. - Giá thuê: 3.3tr/tháng Liên hệ 0984958442 để xem phòng và đặt cọc.",tromoi.com
https://tromoi.com/phong-tro/nha-tro-666-59-22-duong-3-2-phuong-14-quan-10-thanh-pho-ho-chi-minh,Phòng mới Trung tâm Quận 10,3500000,20m²,"666/59/22 đường 3/2, Phường 14, Quận 10, Thành phố Hồ Chí Minh","PHÒNG MỚI- MÁY LẠNH- SẠCH THOÁNG MÁT. Đc: hẻm 666/59 đường 3/2- (khúc 3/2 lý thường kiệt). 💰💰Giá 3,5 triệu/ tháng. Gần svđ Phú Thọ. Khu vực không bao giờ ngập nước mùa mưa Hẻm to, sạch sẽ, yên tĩnh, không buôn bán. ☘️Phòng mới, sạch sẽ, máy lạnh, toilet riêng. ❤️Wifi cực mạnh. Nước nóng năng lượng mặt trời(không tốn điện khi dùng) ☘️Cửa sổ to, giếng trời rất mát. 🏘️Nhà trong khu dân cư trí thức, rất yên tĩnh, có camera an ninh. ✅Trung tâm Quận 10, gần trường đại học, bệnh viện, trung tâm thương mại. ✅Phòng ở 2-3 người. ✅Đồng hồ điện riêng chuẩn nhà nước. ✅Địa chỉ : 666/59/...Đường 3/2 P.14, Quận 10 💰Giá 3,5 triệu/ phòng. (20m2) ☎️Liên hệ chủ nhà : Cô Ngân. 0933567710) ☎️Gọi cho nhanh nhé, vì cô ít check tin nhắn",tromoi.com
https://tromoi.com/phong-tro/nha-tro-so-36-7-duong-so-4-hiep-binh-phuoc-thu-duc-ho-chi-minh,"Nhà trọ số 36/7 Đường Số 4, Hiệp Bình Phước, Thủ Đức, Hồ Chí Minh",3900000,20m²,"36/7 Đường Số 4, Hiệp Bình Phước, Thủ Đức, Hồ Chí Minh","Cho nam nữ NVVP (ưu tiên nữ) thuê phòng Duplex mới khai trương ngay mặt tiền, đối diện Vạn phúc City - Tiện ích: + Nhà để xe rộng rãi + Khóa cổng vân tay + Camera an ninh + Wifi tốc độ cao, băng tần lớn + Khu giặt phơi riêng + Không chung chủ, giờ giấc tự do + Vệ sinh hàng tuần khu vực chung... + Hệ thống Phòng cháy chữa cháy đầy đủ + Ban công thoáng mát + Nội thất mới 100%: Máy lạnh, Tủ bếp trên và dưới, Bếp, Lavabo, Vòi tắm hoa sen, WC riêng, Kệ úp chén, Rèm... + Sử dụng nước nóng Năng lượng mặt trời - Miễn phí: Rác, wifi, chỗ để xe, vệ sinh khu vực chung - Diện tích 20 đến 25m2 - Giá phòng chỉ từ 3.9 triệu/tháng",tromoi.com
https://tromoi.com/phong-tro/nha-tro-so-61-hang-tre-phuong-long-thach-my-quan-9-thanh-pho-ho-chi-minh,"Nhà trọ số 61 Hàng Tre, phường Long Thạch Mỹ, Quận 9, Thành phố Hồ Chí Minh",2900000,15m²,"61 Hàng Tre, Long Thạnh Mỹ, Quận 9, Hồ Chí Minh","Nhà trọ số 61 Hàng Tre, phường Long Thạch Mỹ, Quận 9, Thành phố Hồ Chí Minh Thông tin cho thuê như sau: - Trọ có gác và nhà vệ sinh trong tiện nghi - Phòng rộng rãi thoáng mát, gác cao, sẵn máy lạnh. - Có hầm xe - Giờ giấc tự do - An ninh tốt, ra vào bằng khóa vân tay. - Có máy giặt chung, camera an ninh, hệ thống PCCC. - Vị trí trọ ở Lê Văn Việt - Ngã ba Mỹ Thành - khu CNC. - Giá thuê: 2.9tr/tháng Liên hệ 0908338909 để xem phòng và đặt cọc.",tromoi.com
https://tromoi.com/phong-tro/nha-tro-duong-ta-quang-buu-phuong-5-quan-8-thanh-pho-ho-chi-minh,"Nhà trọ đường Tạ Quang Bửu, Phường 5, Quận 8, Thành phố Hồ Chí Minh",5500000,25m²,"Tạ Quang Bửu, Phường 5, Quận 8, Hồ Chí Minh","Nhà trọ đường Tạ Quang Bửu, Phường 5, Quận 8, Thành phố Hồ Chí Minh Thông tin cho thuê như sau: - Phòng full nội thất: + Sẵn điều hòa, tủ lạnh + Kệ bếp có bồn rửa + Giường, nệm - Giờ giấc tự do , không chung chủ - Bãi xe rộng rãi, an ninh tốt - Vị trí gần ĐH Công Nghệ Sài Gòn , Aeon mall - Giá thuê: 5.5tr/tháng Liên hệ 0915849304 để xem phòng và đặt cọc.",tromoi.com
https://tromoi.com/phong-tro/nha-tro-681-26-28-quang-trung-phuong-11-go-vap-thanh-pho-ho-chi-minh,CẦN PASS PHÒNG TRỌ – 4.2 TRIỆU/THÁNG - Quang Trung - Gò Vấp,4200000,30m²,"681/26/28 Quang Trung, Phường 11, Gò Vấp, Thành phố Hồ Chí Minh",🏡 CẦN PASS PHÒNG TRỌ – 4.2 TRIỆU/THÁNG - Quang Trung - Gò Vấp Do muốn chuyển sang trọ mới gần công ty nên mình nhượng lại trọ ở hiện tại 📍 Phòng sạch đẹp – có máy lạnh & máy giặt 🔹 Giá phòng: 4.200.000đ/tháng - Phòng cực rộng ở được 4 người 🔹 Chi phí khác: – Nước: 100.000đ/người/tháng – Điện: 3.500đ/kWh – Xe máy: miễn phí 2 xe – Dịch vụ: 150.000đ/phòng/tháng Liên hệ em Hưng - 0918.988.159,tromoi.com
https://tromoi.com/phong-tro/366-27-go-dau,PHÒNG TRỌ – 3.5 TRIỆU/THÁNG- Gò Dầu,3500000,20m²,"Gò Dầu, Tân Quý, Tân Phú, Hồ Chí Minh",🏡 CẦN PASS PHÒNG TRỌ – 3.5 TRIỆU/THÁNG- Gò Dầu 📍 Phòng sạch đẹp – có máy lạnh & máy giặt 🔹 Giá phòng: 3.500.000đ/tháng 🔹 Chi phí khác: – Nước: 100.000đ/người/tháng – Điện: 3.800đ/kWh – Xe máy: 100.000đ/xe – Dịch vụ: 150.000đ/phòng/tháng,tromoi.com
https://tromoi.com/phong-tro/chinh-chu-studio-co-noi-that-gan-vlu2,CHÍNH CHỦ: STUDIO CÓ NỘI THẤT GẦN VLU2,4300000,22m²,"Nguyễn Văn Đậu, 11, Bình Thạnh, Hồ Chí Minh","Liên hệ chính chủ xem ngay - Không qua trung gian Studio có nội thất, không giới hạn người ở (lý tưởng: 1-2 người) Cửa sổ ngay bếp, được nấu ăn và nuôi PET ngoan Thang máy, cổng vân tay giờ giấc tự do, camera, bảo vệ, hầm xe Giặt phơi chung ở sân thượng và wifi miễn phí Gần VLU2, chợ Bà Chiểu, Hoàng Hoa Thám, Phan Văn Trị...",tromoi.com
https://tromoi.com/phong-tro/ky-tuc-xa-so-3-duong-so-1-phuoc-long-b-quan-9-thu-duc-thanh-pho-ho-chi-minh,"Ký túc xá Số 3 Đường Số 1, Phước Long B, Quận 9 (Thủ Đức), Thành phố Hồ Chí Minh",1300000,30m²,"Số 3 Đường Số 1, Phước Long B, Quận 9 (Thủ Đức), Thành phố Hồ Chí Minh","CHO THUÊ PHÒNG KÝ TÚC XÁ NỮ – GIÁ CHỈ 1,3 TRIỆU/THÁNG – GẦN NHIỀU TRƯỜNG ĐẠI HỌC Địa chỉ: Số 3, Đường Số 1, Phường Phước Long B, Quận 9 (TP. Thủ Đức), TP.HCM Giá chỉ 1.300.000 đồng/tháng – chi phí trọn gói, không phát sinh Tiện ích đầy đủ: Có wifi tốc độ cao Máy giặt, tủ lạnh dùng chung Không gian sạch sẽ, an ninh tốt, thoáng mát Khu vực nữ riêng biệt, yên tĩnh Vị trí đắc địa – Gần các trường: Trường Đại học FPT Cao đẳng Kinh tế Đối ngoại Cao đẳng Công Thương TP.HCM Đại học Giao thông Vận tải TP.HCM – Cơ sở 3 Đại học Sư phạm Kỹ thuật TP.HCM Phù hợp với sinh viên nữ cần chỗ ở an toàn, tiết kiệm, tiện đi học Liên hệ ngay: 0913 964 959 (Anh Đức Toàn)",tromoi.com
https://tromoi.com/phong-tro/nha-tro-201-nguyen-thai-son-phuong-7-go-vap-thanh-pho-ho-chi-minh,201 NGUYỄN THÁI SƠN P7 GÒ VẤP,6500000,25m²,"201 Nguyễn Thái Sơn, Phường 7, Gò Vấp, Thành phố Hồ Chí Minh","STUDIO VIEW LANDMARK 81 – CỬA SỔ TRỜI THOÁNG ĐẸP – FULL NỘI THẤT Bạn đang tìm một nơi ở vừa tiện nghi vừa chill giữa lòng Gò Vấp? Căn STUDIO tại 201 Nguyễn Thái Sơn, Phường 7, Gò Vấp là lựa chọn lý tưởng dành cho bạn: Giá thuê: Chỉ 6.5 triệu/tháng Thiết kế studio thoáng đãng , có cửa sổ trời đón nắng tự nhiên, view Landmark 81 cực đỉnh . Full nội thất: Giường, nệm, tủ, bàn ghế, máy lạnh, kệ bếp… vào là ở ngay! Tiện ích chung: Thang máy hiện đại Sân phơi thoáng mát Máy giặt dùng chung tiện lợi Giữ xe miễn phí Vị trí trung tâm Gò Vấp, thuận tiện di chuyển ra sân bay, Phú Nhuận, Bình Thạnh chỉ trong vài phút. Liên hệ chính chủ: 0367 891 324 (Hoài)",tromoi.com
https://tromoi.com/phong-tro/nha-tro-168-duong-so-28-phuong-6-go-vap-thanh-pho-ho-chi-minh,168 ĐƯỜNG SỐ 28 P6 GÒ VẤP,5000000,25m²,"168 Đường Số 28, Phường 6, Gò Vấp, Thành phố Hồ Chí Minh","PHÒNG TRỌ TIỆN NGHI – Ở ĐƯỢC 4 NGƯỜI – GẦN ĐẠI HỌC IUH, NTT, BÌNH THẠNH Địa chỉ: 168 Đường số 28, Phường 6, Gò Vấp Phòng rộng rãi, sạch sẽ, ở được 4 người - 4 xe thoải mái , cực kỳ phù hợp cho nhóm bạn sinh viên hoặc người đi làm ở khu vực lân cận. Nội thất đầy đủ: Máy lạnh Tủ lạnh Tủ đồ Máy nước nóng năng lượng mặt trời Rèm cửa Tiện ích: Thang máy Sân phơi riêng Giữ xe miễn phí Khu dân cư an ninh, yên tĩnh Di chuyển: Chỉ 10 phút đến ĐH Công nghiệp (IUH) Gần ĐH Nguyễn Tất Thành , thuận tiện qua Bình Thạnh , Phú Nhuận Liên hệ/Zalo: 0367 891 324 (Thu Hoài)",tromoi.com
https://tromoi.com/phong-tro/stu-ban-cong-35m2-nha-moi-100-gan-ufm-sc-vivo-tdtu-lotte,?STU BAN CÔNG - 35M2 - GẦN UFM - SC VIVO - TDTU - LOTTE?,6700000,35m²,"Số 77, Tân Quy, Quận 7, Hồ Chí Minh","💥STU BAN CÔNG - 35M2 - NHÀ MỚI 100% - GẦN UFM - SC VIVO - TDTU - LOTTE💥 ✅ Trục đường Nguyễn Thị Thập, Nguyễn Hữu Thọ, đường số gần Lotte, chung cư Sunrise, bệnh viện Tâm Anh, Phương Nam, Tâm Đức ✅ Tiện ích: - Đầy đủ nội thất - Bảo vệ a.n n.inh 24/7 bảo đảm an toàn cho bạn - Quản lý chuyên nghiệp luôn sẵn sàng hỗ trợ bạn bất kỳ lúc nào - Camera xuyên suốt - Tự do, không chung chủ ________________________________ 📲Call me: 0398 864 265 để được tư vấn miễn phí ❤️ -----THANKS FOR READING------",tromoi.com
https://tromoi.com/phong-tro/nha-tro-hem-23-nguyen-huu-tien,"Nhà trọ hẻm 23 nguyễn hữu tiến gần ĐH Công Thương, Aeon mail 500m",3500000,22m²,"23/43/22 Nguyễn Hữu Tiến, Tây Thạnh, Tân Phú, Hồ Chí Minh","Phòng trọ ở hẻm 23/43/22 nguyễn hữu tiến quận TÂN PHÚ 🏡 Cách Aeon Tân Phú 1km, ĐH Công Thương 500m . 💲Giá thuê:20m2 máy lạnh: 3tr500/tháng. ib or liên hệ 0903936444 👉 Có tủ lạnh, kệ bếp, nhà vệ sinh riêng. 👉 Dịch vụ đầy đủ: Wifi, đổ rác, vệ sinh hành lang,... 👉Giờ giấc thoải mái, cho ở phép ở ghép. 😘 Cách chợ 100m, có tạp hóa, quán cơm, quán coffee, gymn nhà thi đấu Tân Phú.",tromoi.com
https://tromoi.com/phong-tro/phong-tro-chinh-chu,Cho thuê phòng trọ có gác quận Bình Thạnh,3500000,20m²,"429/12 Điện Biên Phủ, 25, Bình Thạnh, Hồ Chí Minh","Phòng trọ cho thuê – Giờ giấc tự do Vị trí: Gần các trường ĐH Hutech, Ngoại Thương, Giao Thông Vận Tải. Di chuyển thuận tiện: Gần trạm xe buýt, gần trung tâm Q1, sát Metro Văn Thánh. Tiện nghi đầy đủ, an ninh, môi trường sinh viên năng động. Giờ giấc tự do, không chung chủ. Liên hệ xem phòng ngay để chọn vị trí đẹp! (Call/Zalo: 0908498854)",tromoi.com
https://tromoi.com/phong-tro/nha-tro-duong-hoa-hung-phuong-13-quan-10-thanh-pho-ho-chi-minh,Căn Studio,5900000,30m²,"Hòa Hưng, Phường 13, Quận 10, Thành phố Hồ Chí Minh","Cho Thuê căn studio full nội thất - Thuận tiện di chuyển qua các quận 1,3,5,.... - Ban công siêu thoáng, đón ánh sáng mặt trời - Khu dân cư an ninh Liên hệ: 0344677108 (Ngọc Hân Megas)",tromoi.com
https://tromoi.com/phong-tro/tro-lam-van-ben-tan-kieng-quan-7-free-2-xe-may,DUPLEX/STUDIO BAN CÔNG - QUẬN 7 - KHU VỰC SẦM UẤT - GẦN TDTU - UFM - LOTTE MART,4000000,45m²,"Lâm Văn Bền, Tân Kiểng, Quận 7, Hồ Chí Minh","💥STU/DUPLEX BAN CÔNG - 35M2 - GẦN UFM - SC VIVO - TDTU - LOTTE💥 ✅ Tiện ích: - Đầy đủ nội thất - Bảo vệ a.n n.inh 24/7 bảo đảm an toàn cho bạn - Quản lý chuyên nghiệp luôn sẵn sàng hỗ trợ bạn bất kỳ lúc nào - Camera xuyên suốt - Tự do, không chung chủ ________________________________ 📲Call me: 0398 864 265 để được tư vấn miễn phí ❤️ -----THANKS FOR READING------",tromoi.com
https://tromoi.com/phong-tro/nha-tro-duong-so-85-tan-quy-quan-7-thanh-pho-ho-chi-minh,Phòng trọ Tân Quy,4600000,27m²,"Số 85, Tân Quy, Quận 7, Thành phố Hồ Chí Minh","Căn hộ nhỏ xinh 27m² giá 4.6 triệu/tháng tại Quận 7 - Đầy đủ tiện nghi Mình đang cho thuê căn hộ nhỏ xinh 27m² ở Quận 7, rất lý tưởng cho sinh viên, công nhân, cặp đôi hoặc gia đình trẻ. Căn hộ sạch sẽ, đầy đủ tiện nghi, vị trí lại cực kỳ thuận tiện cho việc đi học, đi làm. 🏠 Về căn hộ: Căn hộ có diện tích 27m², thiết kế nhỏ nhắn nhưng vẫn rất tiện nghi. Có gác lửng, wifi, vệ sinh trong, kệ bếp, giường nệm đầy đủ. Bãi để xe riêng và camera an ninh giúp bạn yên tâm hơn khi ở đây. Mọi thứ đều mới tinh, bạn chỉ việc dọn đồ vào ở thôi. 📍 Vị trí: Nằm tại số 85, Tân Quy, Quận 7, Hồ Chí Minh, vị trí này gần chợ, siêu thị, bệnh viện, trường học, công viên, bến xe bus và trung tâm thể dục thể thao. Rất thuận tiện cho việc đi lại và sinh hoạt hàng ngày. 💰 Giá thuê: Giá thuê là 4.6 triệu/tháng, bao gồm các tiện nghi đã đề cập. Mình không tính thêm chi phí gì khác nữa. Liên hệ mình để xem phòng và thỏa thuận thêm nhé! Liên hệ Nguyễn Duy Thanh - 0383241728 (số điện thoại)",tromoi.com
https://tromoi.com/phong-tro/nha-tro-duong-phan-anh-hiep-tan-tan-phu-thanh-pho-ho-chi-minh,"Nhà trọ đường Phan Anh, Hiệp Tân, Tân Phú, Thành phố Hồ Chí Minh",4200000,20m²,"Phan Anh, Hiệp Tân, Tân Phú, Thành phố Hồ Chí Minh","CHO THUÊ PHÒNG TẠI PHAN ANH, HIỆP TÂN, TÂN PHÚ – GIÁ 4TR2 Phòng rộng rãi, sạch sẽ, thích hợp cho 3-4 bạn sinh viên hoặc nhóm bạn ở ghép , chỉ cần xách vali vô là ở ngay. Địa chỉ: Phan Anh, phường Hiệp Tân, quận Tân Phú Giá thuê: 4,2 triệu/tháng Tiện ích: Có gác lửng, kệ bếp nấu ăn thoải mái, tủ để đồ gọn gàng, phòng thoáng mát, an ninh. Vị trí: Gần trường ĐH Văn Hiến , thuận tiện đi lại học hành, gần chợ, siêu thị, quán ăn, không lo thiếu thứ gì. Liên hệ: 0379 519 017",tromoi.com
https://tromoi.com/phong-tro/nha-tro-tai-91-20-tran-quoc-hoan-phuong-4-quan-tan-binh-ho-chi-minh,"Phòng trọ 40m2 đường Trần Quốc Hoàn, Tân Bình",7600000,40m²,"91/20 Trần Quốc Hoàn, P4, Tân Bình, Hồ Chí Minh","Phòng trọ 40m² đường Trần Quốc Hoàn - 7.6 triệu - Đầy đủ tiện nghi Mình đang cho thuê phòng trọ 40m² ở đường Trần Quốc Hoàn, Tân Bình, cực kỳ phù hợp cho sinh viên, công nhân, nhân viên văn phòng hoặc cả gia đình trẻ. Phòng sạch sẽ, đầy đủ tiện nghi, vị trí đắc địa, đi học, đi làm đều rất thuận tiện. ? Về phòng trọ Phòng rộng rãi 40m², có đầy đủ tiện nghi như wifi, vệ sinh trong nhà, phòng tắm, bình nóng lạnh, kệ bếp, máy giặt, tivi, điều hòa, tủ lạnh, giường nệm, tủ áo quần. Sẽ rất thoải mái cho bạn sống và làm việc. ? Vị trí Nằm ngay trên đường Trần Quốc Hoàn, khu vực rất sầm uất, gần chợ, siêu thị, bệnh viện, trường học, công viên, bến xe bus, và trung tâm thể dục thể thao. Đi lại rất thuận tiện, gần các tuyến đường lớn, dễ dàng di chuyển đến các khu vực khác. ? Giá thuê Giá thuê là 7.6 triệu/tháng. Phòng đang trống sẵn sàng cho bạn ở ngay. Anh chị liên hệ để xem phòng và thỏa thuận nhé! Liên hệ để xem phòng ngay!",tromoi.com
https://tromoi.com/phong-tro/nha-tro-duong-tran-thi-bay-tan-chanh-hiep-quan-12-thanh-pho-ho-chi-minh,Phòng trọ giá rẻ,2000000,20m²,"Trần Thị Bảy, Tân Chánh Hiệp, Quận 12, Thành phố Hồ Chí Minh","Cho thuê phòng trọ khu vực Tân Chánh Hiệp, Quận 12 - Diện tích: 18-20m2 - Điện: 2k9/kwh - Nước: 100k/ phòng Đầu tháng 8 nhận phòng.",tromoi.com
https://tromoi.com/phong-tro/nha-379-20-huynh-van-banh-phuong-11-phu-nhuan-thanh-pho-ho-chi-minh,"Cho thuê phòng trọ Huỳnh Văn Bánh, Phú Nhuận",2500000,20m²,"379/20 Huỳnh Văn Bánh, Phường 11, Phú Nhuận, Thành phố Hồ Chí Minh","Nhà nhỏ xinh 20m² tại Phú Nhuận - Chỉ 2.5 triệu/tháng - Tiện nghi đầy đủ Mình đang cho thuê căn nhà nhỏ xinh nằm ngay tại Phú Nhuận, rất phù hợp cho sinh viên, công nhân hoặc những bạn trẻ muốn có không gian riêng tư. Nhà sạch sẽ, đầy đủ tiện nghi, giá cả phải chăng. Về căn nhà: Căn nhà diện tích 20m² nhưng được thiết kế rất hợp lý, có nhà vệ sinh riêng trong phòng, rất tiện lợi. Có đầy đủ đường truyền internet, đảm bảo bạn có thể làm việc và học tập thoải mái. Chi phí tiền nước và rác chỉ 50k/người/tháng, tiết kiệm chi phí sinh hoạt. Vị trí: Nằm trên đường Huỳnh Văn Bánh, Quận Phú Nhuận, Hồ Chí Minh, vị trí rất thuận tiện đi lại, xung quanh có nhiều quán ăn, cửa hàng tiện lợi, dễ dàng tìm kiếm các dịch vụ cần thiết. Cách các tuyến đường lớn không xa, giao thông dễ dàng. Giá thuê: Giá thuê chỉ 2.5 triệu/tháng, rất hợp lý với diện tích và tiện nghi của căn nhà. Cọc 1 tháng. Chi phí nước và rác chỉ 50k/người/tháng, rất tiết kiệm. Liên hệ ngay để xem nhà và thỏa thuận chi tiết!",tromoi.com
https://tromoi.com/phong-tro/duong-so-13-quan-7,CHO THUÊ 1 PHÒNG NGỦ RỘNG QUẬN 7 GẦN UFM,7200000,45m²,"13, Bình Thuận, Quận 7, Hồ Chí Minh","??? CHDV 1 PN RỘNG GẦN UFM QUẬN 7 ??? ? Đường số 13 ✅ Siêu gần Lotte Mart, đại học Tài chính Marketing ,Tôn Đức Thắng, Rmit, Vivo City, Phú Mỹ Hưng,... ✅ Đầy đủ nội thất, ban công ,thoáng mát, tách bếp, giờ giấc tự do Liên hệ: 0398 864 265 để được hỗ trợ từ A-Z",tromoi.com
https://tromoi.com/phong-tro/nha-tro-so-77-pham-ngũ-lao-phuong-3-quan-go-vap-thanh-pho-ho-chi-minh,"Nhà trọ số 77 Phạm Ngũ Lão, Phường 3, Quận Gò Vấp, Thành phố Hồ Chí Minh",3200000,24m²,"77 Phạm Ngũ Lão, Phường 3, Quận Gò Vấp, Thành phố Hồ Chí Minh","PHÒNG TRỌ SINH VIÊN GÒ VẤP Giá: 3.2 triệu - Điện: 3.5k/kwh. - Nước: 100k/người - Wifi rác: 100k/phòng. Tiện nghi: - Phòng mới xây sạch sẽ, thoáng mát - Có gác rộng 8m, Kệ bếp nấu ăn. - Máy giặc chung. - View bancol cực thoáng mát và đẹp. - Xe free - Giờ giấc tự do, cổng vân tay, Camera 24/24. Vị trí: - Ngay cạnh cửa siêu thị Big C ngã 6 Gò Vấp. - Cách ĐH Gia Định (2 phút), ĐH Công nghiệp (1km), Văn Lang,….",tromoi.com
https://tromoi.com/phong-tro/cho-thue-phong-may-lanh-full-nt-nha-chinh-chu-ko-moi-gioi,CHO THUÊ PHÒNG - MÁY LẠNH - FULL NT - NHÀ CHÍNH CHỦ - KO MÔI GIỚI,3800000,13m²,"Nguyễn Kiệm, 9, Phú Nhuận, Hồ Chí Minh","? Địa chỉ: Đường Nguyễn Kiệm P9 - ngay Ngã Tư Phú Nhuận. ?? GIÁ: 3Tr/ Người. PHÒNG DÀNH CHO 2 NGƯỜI. CÓ THỂ Ở GHÉP ?? ? Diện tích phòng: 13m2, CÓ BANCOL ? GIÁ TRÊN ĐÃ BAO GỒM PHÍ ĐỖ XE 1NG/XE + ĐIỆN, NƯỚC, WIFI INTERNET ✅ PHÒNG TRONG NHÀ CÓ SẴN NỘI THẤT: ? Trang bị đầy đủ nội thất hiện đại: Máy lạnh, tủ lạnh, nước nóng lạnh, giường nệm, tủ quần áo, bàn ghế, tủ bếp... ? Có khóa cửa vân tay. ? Hệ thống camera an ninh 24/7. ? Đảm bảo chất lượng PCCC đầy đủ. ? Hẻm rộng, ra vào xe hơi thoải mái. ? Giờ giấc tự do, không chung chủ. ? Khu vực dân sinh văn minh, lịch sự. ✅ TIỆN ÍCH: - Gần trường ĐH Việt Đức, trường ĐH Tài nguyên và Môi trường, Đại học Mỹ thuật TP.HCM - Xung quanh có đầy đủ tiện ích: Chợ, công viên, siêu thị, CHTL, BHX, quán ăn, cafe, cây xăng... - Gần các trục đường lớn: Phan Đăng Lưu, Phan Đình Phùng, Nguyễn Văn Trỗi... ————————— ☎️ ???????: Minh Trí 0908.930.336 (????/????) để được tư vấn và xem phòng trực tiếp miễn phí.",tromoi.com
https://tromoi.com/phong-tro/nha-tro-tai-91-20-tran-quoc-hoan-phuong-4-quan-tan-binh-ho-chi-minh-1753071970,"Nhà Trọ Tại 91/20 Trần Quốc Hoàn, Phường 4, Quận Tân Bình, Hồ Chí Minh",4600000,16m²,"91/20 Trần Quốc Hoàn, P4, Tân Bình, Hồ Chí Minh","Cho Thuê Phòng Trọ Tại 91/20 Trần Quốc Hoàn, P.4, Q. Tân Bình, TP. HCM Thông tin phòng trọ: Phòng 102, 202 (Studio 14m²): Phòng nhỏ xinh, đầy đủ tiện nghi: wifi, vệ sinh trong phòng, phòng tắm, bình nóng lạnh, kệ bếp, máy giặt, điều hòa, tủ lạnh, giường nệm, tủ áo quần. Có chỗ để xe riêng rất tiện lợi. Giá thuê phòng 102: 4.600.000đ/tháng Giá thuê phòng 202: 4.500.000đ/tháng Phòng 301 (Studio 1 Phòng ngủ rộng 40m2): Phòng rộng, gồm 1 phòng ngủ riêng biệt, khu bếp riêng, ban công siêu rộng, bàn ghế ăn, bàn làm việc trong phòng ngủ. Tiện nghi đầy đủ: wifi, vệ sinh trong, phòng tắm, bình nóng lạnh, kệ bếp, tủ bếp, máy giặt, tivi, điều hòa, tủ lạnh, giường nệm, tủ áo quần. Phù hợp để sống và làm việc thoải mái. Giá thuê 7.600.000đ/tháng nếu có máy giặt riêng 7.500.000đ/tháng nếu dùng máy giặt chung Chi phí khác: Điện: 4.000đ/kWh Nước: 100.000đ/người Phí dịch vụ: 150.000đ/phòng Miễn phí chỗ để xe cho 2 chiếc xe máy An ninh: Đã trang bị hệ thống camera an ninh để đảm bảo an toàn cho người thuê. Vị trí thuận tiện, gần các điểm sau: Sân bay Tân Sơn Nhất (5 phút đi xe máy) Trung tâm thương mại Parkson CT Plaza (5-10 phút) Chợ Tân Bình (5-10 phút) Bệnh viện Tân Bình (10 phút) Đại học Tài chính – Marketing (5-10 phút) Công viên Hoàng Văn Thụ (5 phút) Liên hệ: 0989 977 091",tromoi.com
https://tromoi.com/phong-tro/nha-tro-duong-tran-thi-trong-tan-binh-thanh-pho-ho-chi-minh,"PHÒNG TRỌ GIÁ RẺ – GẦN CHỢ PHẠM VĂN BẠCH, KCN TÂN BÌNH Trần Thị Trọng, P15, Tân Bình",3000000,20m²,"Trần Thị Trọng, Tân Bình, Thành phố Hồ Chí Minh","PHÒNG TRỌ GIÁ RẺ – GẦN CHỢ PHẠM VĂN BẠCH, KCN TÂN BÌNH Trần Thị Trọng, P15, Tân Bình Giá chỉ từ 2tr8/tháng – không gian riêng tư, sạch đẹp Tiện nghi đầy đủ: Thang máy, máy giặt chung, sân phơi thoáng mát Hầm xe rộng rãi, có bảo vệ 24/24 Giờ giấc tự do, bạn bè ghé chơi thoải mái Thân thiện thú cưng – nuôi pet OK luôn! Liên hệ Thanh Thanh: 0944 268 765",tromoi.com
https://tromoi.com/phong-tro/can-ho-dich-vu-1pn-tach-bep-ban-cong-trung-tam-quan-binh-thanh,"Studio tách bếp ban công, máy giặt riêng Bình Thạnh giá tốt",5600000,25m²,"685/52/46 Xô Viết Nghệ Tĩnh, 26, Bình Thạnh, Hồ Chí Minh","CHDV 1PN diện tích 25m2 Bạn muốn 1 căn phòng rộng rãi, thoáng mát, có ban công, nhiều ánh sáng và đặc biệt không dùng chung máy giặt ? Thấy được nỗi đau môi trường sống không tốt cho sức khoẻ chúng tôi dành tặng bạn căn studio này. - Khu vực trung tâm Quận Bình Thạnh , sát bên Đại Học Hutech, Giao Thông Vận Tải, Văn Lang, ... - Khu vực an ninh, dân trí cao. - Nội thất: Tủ lạnh, Máy lạnh, Máy giặt, Bếp, Tivi, Giường - Nệm, Sofa,..... chỉ cần xách vali vào ở - Ban công riêng, nhà thông thoáng gió lùa, nhiều cửa sổ, kết cấu đẹp. - Nhà để xe rộng rãi.",tromoi.com
https://tromoi.com/phong-tro/nha-tro-416-duong-quang-ham-phuong-6-go-vap-thanh-pho-ho-chi-minh,DƯƠNG QUẢNG HÀM P6 GÒ VẤP,7000000,50m²,"416 Dương Quảng Hàm, Phường 6, Gò Vấp, Thành phố Hồ Chí Minh","416 DƯƠNG QUẢNG HÀM P6 GÒ VẤP 1 LẦU 1 TRỆT Nội thất: máy lạnh, máy quạt, tủ lạnh, tủ quần áo, rèm, tủ bếp siêu dài Gần sát ngay đh văn lang, đh iuh, thuận tiện di chuyển qua các trung tâm Liên hệ/zalo ; 0367891324_Thu Hoài để đc ưu đãi tốt nhất",tromoi.com
https://tromoi.com/phong-tro/nha-tro-duong-so-45-hiep-binh-chanh-thu-duc-thanh-pho-ho-chi-minh,Cho thuê phòng trọ gần Đại học Luật và Giga mall,2100000,12m²,"Đường số 45, Hiệp Bình Chánh, Thủ Đức, Thành phố Hồ Chí Minh","CHÍNH CHỦ CHO THUÊ PHÒNG TRỌ – NHÀ NGUYÊN CĂN Đường 45, Hiệp Bình Chánh, TP. Thủ Đức – Gần chợ Bình Triệu, Gigamall & ĐH Luật Bạn đang tìm nơi ở yên tĩnh, riêng tư nhưng vẫn thuận tiện đi lại? Đừng bỏ qua căn này! Thông tin chi tiết: Cho thuê nhà nguyên căn hoặc 2 phòng thông nhau, mỗi phòng 12m² Có bếp, máy lạnh, máy giặt chỗ phơi đồ riêng. Điện nước tính theo giá nhà nước. Sử dụng chung phòng khách. Giờ giấc tự do. Phù hợp: Nhóm bạn 4–5 người ở chung, sinh viên, người đi làm cần không gian riêng nhưng vẫn có chỗ sinh hoạt chung thoải mái Vị trí siêu tiện lợi: Cách chợ Bình Triệu và Gigamall chỉ 500m Gần Đại học Luật TP.HCM, trạm xe buýt, siêu thị, quán ăn, phòng gym,… Giá thuê: Chỉ 2.100.000 VNĐ/phòng – Giá quá hợp lý cho khu vực trung tâm Thủ Đức Liên hệ chính chủ: Chị Thủy – 0986.580.590 (Gọi ngay để xem phòng!) Từ khóa gợi ý: Phòng trọ Thủ Đức gần ĐH Luật Nhà nguyên căn cho thuê Hiệp Bình Chánh Phòng trọ gần Gigamall giá rẻ Hashtag: #phongtroThuDuc #nhaNguyenCanGiaRe #phongtroGanDaiHoc",tromoi.com
https://tromoi.com/phong-tro/cho-thue-phong-tro-tang-2-gan-cau-vuot-hang-xanh-chinh-chu,CHO THUÊ PHÒNG TRỌ TẦNG 2 – GẦN CẦU VƯỢT HÀNG XANH – CHÍNH CHỦ,1300000,102m²,"Xô Viết Nghệ Tĩnh, 21, Bình Thạnh, Hồ Chí Minh","Vị trí thuận tiện: Gần các trường đại học lớn: Ngoại Thương, Giao Thông Vận Tải, HUTECH, KHXH&NV, UEF, Gia Định... Chỉ vài phút đến chợ, siêu thị, quán ăn – khu vực an ninh, dân trí cao. Thông tin phòng: - Diện tích: 10m² - Có ban công, cửa sổ lớn – thoáng mát, sáng sủa - Phòng vệ sinh riêng, sạch sẽ - Nhà yên tĩnh, riêng tư – phù hợp sinh viên & người đi làm độc thân - Hẻm lớn, ô tô ra vào dễ dàng – không ngập nước Chi phí hợp lý: - Giá từ 1.300.000 đ/tháng - Điện: 5.000đ/kWh - Nước: 80.000đ/người/tháng Liên hệ chính chủ – không qua trung gian: 0948991957",tromoi.com
https://tromoi.com/phong-tro/nha-tro-94-9-16-vo-oanh-phuong-25-binh-thanh-thanh-pho-ho-chi-minh,Phòng trọ sinh viên 3tr5 ở được 2-3 người,3500000,35m²,"94/9/16 Võ Oanh, Phường 25, Bình Thạnh, Thành phố Hồ Chí Minh","Nội thất: 2 bàn học lớn màu hồng Bàn bếp dài, bồn rửa chén Máy giặt riêng Wifi, để xe miễn phí từ 2 xe 250m đến Bách Hoá Xanh, 2p đi xe tới chợ, cho nuôi chó mèo Đi bộ đến: ĐH GTVT CS1 (300m), Ngoại Thương CS2 (400m), Hutech (600m) 5 phút đi xe đến: ĐH Mở CS2, Hồng Bàng, 9p tới UEF Giá: 3.500.000đ/tháng Điện 3.5k/kWh – Nước 20k/khối Rác + ánh sáng: 35k Liên hệ: 0377295721 Đ/c: 94/9/16 võ oanh, phường 25, q Bình Thạnh",tromoi.com
https://tromoi.com/phong-tro/can-ho-full-noi-that-con-moi-chua-qua-su-dung-q7,"Căn hộ Full nội thất, còn mới chưa qua sử dụng, Q7",5900000,40m²,"Huỳnh Tấn Phát, Bình Thuận, Quận 7, Hồ Chí Minh","Giờ giấc tự do, ra vào thoải mái. • Phòng sạch sẽ, nội thất cơ bản, không chung chủ • Không gian riêng tư, yên tĩnh, phù hợp người đi làm • Có chỗ để xe rộng rãi, free chiếc đầu tiên • Ánh sáng tự nhiên, thông thoáng, dễ decor • PCCC đạt tiêu chuẩn nhà nước ?Vị trí: 1365/28 Huỳnh Tấn Phát, Phường Phú Thuận, Quận 7 • Gần cầu Phú Mỹ, Nguyễn Thị Thập, Nguyễn Văn Linh • Thuận tiện di chuyển qua các khu Him Lam, Tân Kiểng, Tân Quy, Eco Green • Gần trường ĐH TDTU, RMIT, UFM, Crescent Mall, Lotte Mart, chợ Tân Mỹ • Giáp Q1, Q4, Q8, Nhà Bè – dễ di chuyển trung tâm",tromoi.com
https://tromoi.com/phong-tro/tro-quan-10,Chính chủ cho thuê phòng thông tầng thoáng mát giá tốt,4800000,36m²,"Hòa Hưng, 13, Quận 10, Hồ Chí Minh","Cho phòng duplex thông tầng Quận 10 , giá rẻ . Khu vực sinh hoạt nấu ăn và ngủ riêng biệt . Cửa sổ nhiều phòng rất thoáng . Ở được nhiều người , miễn phí xe. Nội thất : máy lạnh, tủ áo, bàn ăn, bếp từ, tủ lạnh.... Giờ giấc tự do không chung chủ Phòng nằm ở lầu 1, chỗ để xe rộng rãi và miễn phí. Điện 4k, nước 100k người , rác wifi máy giặt 150k/ phòng . gia 4trieu8",tromoi.com
https://tromoi.com/phong-tro/cho-thue-phong-40m2-tach-bep-duong-lon-quan-10,Chính chủ cho thuê phòng lớn tách bếp ban công siêu rộng trung tâm quận 10 đường lớn,2000000,40m²,"Đường 3/2, 14, Quận 10, Hồ Chí Minh","CHÍNH CHỦ CHO THUÊ PHÒNG QUẬN 10,MIỄN PHÍ 3 XE, FULL NỘI THẤT. Chính chủ cho thuê phòng ( hình thật ) Máy nóng lạnh, tủ lạnh , bếp, máy lạnh .... ( Nếu không cần những thứ này có thể thương lượng giảm ) . Nhà 606/126 đường 3/2. Phòng ngủ tách bếp , tổng diện tích 40m2 . Ở được 4 người thoải mái , miễn phí 3 xe . Điện 4k, nước 100k/ người , rác wifi máy giặt chung 150k/ phòng. Giờ giấc tự do không chung chủ . 0982802922",tromoi.com
https://tromoi.com/phong-tro/nha-tro-duong-nguyen-huu-canh-phuong-1-binh-thanh-thanh-pho-ho-chi-minh,1 Căn Studio mới toanh,8500000,40m²,"Nguyễn Hữu Cảnh, Phường 1, Bình Thạnh, Thành phố Hồ Chí Minh","CĂN HỘ STUDIO FULL NỘI THẤT – NGUYỄN HỮU CẢNH, BÌNH THẠNH Căn hộ studio đầy đủ nội thất, dọn vào ở ngay. Vị trí đẹp, ngay Nguyễn Hữu Cảnh – Phường 1, Bình Thạnh, thuận tiện di chuyển trung tâm Quận 1, Quận 2. Giá thuê: 8.500.000/tháng Liên hệ: Phương Quyên – 0921 199 705",tromoi.com
https://tromoi.com/phong-tro/nha-tro-102-le-van-tho-phuong-11-go-vap-thanh-pho-ho-chi-minh,LÊ VĂN THỌ P11,4000000,30m²,"102 Lê Văn Thọ, Phường 11, Gò Vấp, Thành phố Hồ Chí Minh","CỬA SỔ TRỜI FULL NỘI THẤT ĐC: Lê Văn Thọ, Gò Vấp - Full Nội Thất - Cửa Sổ Trời Ánh Sáng - Thang Máy - Phòng Gác Siêu Cao, Siêu Rộng Liên hệ: 0367891324 (Thu Hoài )",tromoi.com
https://tromoi.com/phong-tro/can-ho-dich-vu-223-nguyen-xi,Căn Hộ Dịch Vụ Dành Cho Sinh Viên - 5tr7,5700000,25m²,"Nguyễn Xí, 13, Bình Thạnh, Hồ Chí Minh","Căn hộ dịch vụ 25m² tại Nguyễn Xí - 5.7 triệu/tháng - Chuẩn sống hiện đại Mình đang cho thuê căn hộ dịch vụ rộng rãi 25m² trên đường Nguyễn Xí, rất thích hợp cho các bạn sinh viên, công nhân, nhân viên văn phòng hoặc gia đình trẻ. Căn hộ được trang bị đầy đủ tiện nghi, đảm bảo cho bạn một không gian sống thoải mái và tiện lợi. ? Về căn hộ Căn hộ rộng 25m² với đầy đủ tiện nghi như wifi, vệ sinh trong nhà, phòng tắm riêng biệt, kệ bếp, máy giặt, tivi, điều hòa, tủ lạnh, giường nệm, tủ áo quần. Đặc biệt có cả ban công/sân thượng để thư giãn và thang máy, bãi để xe riêng cho bạn thoải mái di chuyển. Hệ thống camera an ninh cũng được lắp đặt để đảm bảo an toàn cho bạn. ? Vị trí Căn hộ nằm trên đường Nguyễn Xí, vị trí đắc địa, gần các trường học, bệnh viện, siêu thị, chợ, bến xe bus và trung tâm thể dục thể thao. Đi lại rất thuận tiện cho việc học tập, làm việc và giải trí. ? Giá thuê Giá thuê căn hộ là 5.7 triệu đồng/tháng. Mình sẽ hỗ trợ chi phí dịch vụ khác nếu bạn có nhu cầu. Liên hệ mình để xem căn hộ và thỏa thuận thêm nhé! Liên hệ để xem căn hộ ngay!",tromoi.com
https://tromoi.com/phong-tro/nha-tro-nho,"CHO THUÊ NHÀ TRỌ - KHÔNG GIAN YÊN TĨNH, TIỆN NGHI",5000000,50m²,"Vườn Lài, An Phú Đông, Quận 12, Hồ Chí Minh","Cho căn nhà nhỏ liên kề 1 trệt 1 lầu đúc kiên cố, với tổng diện tích gần 50m², lý tưởng cho 3-4 người ở! Đặc điểm nổi bật: - Thiết kế thông minh: 1 trệt, 1 lầu đúc kiên cố, tối ưu không gian sử dụng. - Diện tích rộng rãi: Gần 50m², đảm bảo sự thoải mái cho các thành viên. - Khu dân cư yên tĩnh: Đảm bảo sự riêng tư và an ninh. - Vị trí thuận tiện: Chỉ cách Cầu Sắt An Phú Đông khoảng 700m, dễ dàng di chuyển đến các khu vực lân cận. Là lựa chọn cho những ai yêu thích sự riêng tư và muốn tận hưởng cuộc sống tại một khu dân cư văn minh, yên tĩnh",tromoi.com
https://tromoi.com/phong-tro/nha-tro-duong-dien-bien-phu-phuong-3-quan-3-thanh-pho-ho-chi-minh,"Cho thuê phòng trọ cao cấp, SANG SẠCH SÁNG MÁT THƠM, AN TOÀN",3200000,10m²,"Điện Biên Phủ, Phường 3, Quận 3, Thành phố Hồ Chí Minh","Nhà sạch sẽ, thoáng mát, an toàn và văn minh. Cổng ra vào sử dụng khóa vân tay cùng camera quan sát 24/24 đảm bảo an ninh trật tự cho khu trọ. Sân thượng phơi đồ rộng rãi, thoáng mát. Phòng máy lạnh, nước nóng, cửa sổ nhỏ thông gió và wc riêng. Không chung chủ, giờ giấc tự do thoải mái. Có rất nhiều tiện ích xung quanh như nhà thờ, trường học, bệnh viện, nhà xe, chợ và siêu thị. Đặc biệt bạn sẽ được miễn phí Wifi phủ sóng toàn khu trọ và khu vực công cộng sẽ được vệ sinh sạch sẽ MỖI NGÀY. Thích hợp ở một người. Hợp đồng lâu dài. Giá thật hấp dẫn từ 3,2Tr / 1 tháng - Nước 70.000/người - Điện 4.000/kwh Vui lòng liên hệ Zalo C.Hoa - 0983422460",tromoi.com
https://tromoi.com/phong-tro/nha-tro-duong-cach-mang-phu-tho-hoa-tan-phu-thanh-pho-ho-chi-minh,Cho thuê phòng trọ quận Tân Phú,1200000,12m²,"Cách Mạng, Phú Thọ Hoà, Tân Phú, Thành phố Hồ Chí Minh","Cho thuê phòng trọ trên lầu 1,2 triệu/phòng/người, người thứ 2 thêm 100 là 1,3 triệu/phòng Hẻm an ninh, không trộm cắp, ma túy Nước 50/người, điện 4000/kg Về trước 24h, xe để dưới nhà xe chủ coi miễn phí",tromoi.com
https://tromoi.com/phong-tro/nha-tro-so-28-20-duong-so-16-phuong-linh-chieu-thanh-pho-thu-duc-thanh-pho-ho-chi-minh,"Nhà trọ số 28/20 Đường số 16, Phường Linh Chiểu, Thành phố Thủ Đức, Thành phố Hồ Chí Minh",4000000,24m²,"28/20 Đường số 16, Phường Linh Chiểu, Thành phố Thủ Đức, Thành phố Hồ Chí Minh","* Mô tả: Chỉ cho sinh viên thuê - Trống phòng 4 triệu - Chi phí khác: Điện 4k/kwh, nước 14k/m3, Còn lại miễn phí các dịch vụ (bao gồm thang máy, máy giặt, rác, chỗ để xe, wifi,...) - Vị trí: rất gần trường Đại học Sư phạm Kĩ Thuật, trường Đại Học Ngân hàng (300m), Đại học cảnh sát nhân dân cơ sở 2, Học viện tư pháp, Cao đẳng nghề, Làng Đại học,... - Trong phòng kép kín có nhà vệ sinh riêng, có bếp nấu ăn, bồn rữa chén riêng, gác cao - Phòng có diện tích sử dụng khoảng 24m2, có gác lững sạch sẽ cao 1,8 mét, thuận tiện sinh hoạt trong phòng - Có điện, nước máy nhà nước riêng, không dùng nước giếng khoan, rất sạch sẽ và vệ sinh - Có internet cáp quang băng thông rộng, đường truyền lớn miễn phí, đi thang máy miễn phí - Có máy giặt phục vụ miễn phí trong nhà trọ ĐẢM BẢO TIÊU CHUẨN CHO THUÊ TRỌ THEO QUY ĐỊNH - Phòng thoáng mát sạch đẹp, có người lau dọn mỗi ngày. - Có chỗ để xe máy miễn phí - An ninh tốt, có người trực 24/24, có camera quan sát 24/24 Liên hệ: cô Trinh 0905.777.578 Chú Lực 0902.956.022 => Ưu tiên gọi vì cô chú bận ít xem tin nhắn. Hoặc nhắn zalo 0938512420 Chị Thảo",tromoi.com
https://tromoi.com/phong-tro/phong-tro-hem-508-16-10-truong-chinh,Phòng Trọ Hẻm 508 Trường Chinh,2800000,12m²,"Trường Chinh, 13, Tân Bình, Hồ Chí Minh","Cho thuê phòng trọ Hẻm sau lưng etow Cộng Hoà -Gần đường Tân Hải, đối diện chợ Võ Thành Trang -Hẻm lớn, xe ô tô đến tận cửa, giao thộng thuận lợi -Đầy đủ các tiện ích: chợ, siệu thị, của hàng tiện lợi, trạm xe bus.... -Diện tích phòng: 12m2 - 28 m2 -Trang bị cơ bản +kệ bếp, toilet, các loại thiết bị khác: máy lạnh, tủ, giường sẽ theo thỏa thuận kèm theo. -Tiện ích trong tòa nhà: +Khóa cửa ra vô bằng vân tay +Ban ngày có bảo vệ túc trực, thang máy +Dịch vụ giặt sấy, cân phơi, có hầm để xe rộng rãi -Hoan nghênh các bạn môi giới dẫn khách thuê: phí 1 tháng cho hợp đồng 1 năm",tromoi.com
https://tromoi.com/phong-tro/phong-tro-nga-tu-ga,NHÀ TRỌ FULL NỘI THẤT NGAY NGÃ TƯ GA QUẬN 12,2000000,20m²,"7B3-8B3 khu phố 3A Hà Huy Giáp, Thạnh Lộc, Quận 12, Hồ Chí Minh","CHO THUÊ PHÒNG TRỌ KHÉP KÍN MỚI XÂY - FULL NỘI THẤT - NGAY CẦU VƯỢT NGÃ TƯ GA Địa chỉ: 7B3-8B3, Khu phố 3A, Phường Thạnh Lộc, Quận 12, TP. Hồ Chí Minh (Đường trước nhà 10m, gần cầu vượt Ngã Tư Ga – thuận tiện đi lại, gần trạm xe buýt) Phòng mới xây, sạch sẽ – FULL NỘI THẤT gồm: – Giường, tủ, bàn ghế – Máy lạnh – Máy giặt – Vệ sinh riêng từng phòng – Ra vào bằng vân tay, có camera an ninh & hệ thống PCCC đạt chuẩn Giá thuê chỉ từ: 2,800,000đ/tháng Chi phí khác: – Điện: 4.000đ/kWh – Nước: 70.000đ/người/tháng – Dịch vụ: 100.000đ/phòng/tháng Giờ giấc tự do – Không chung chủ – An ninh tuyệt đối",tromoi.com
https://tromoi.com/phong-tro/nha-tro-cao-cap,PHÒNG CÓ BAN CÔNG + 2 CỬA SỔ SIÊU THOÁNG MÁT,3300000,5000m²,"Bùi Quang Là, 12, Gò Vấp, Hồ Chí Minh","? Phòng rộng rãi, sạch sẽ ở được 3-4 người. ? Đặc biệt, Có Ban công rất rộng + cửa sổ lớn cực kỳ thoáng mát, đón ánh sáng tự nhiên. ?️ Được trang bị sẵn Máy lạnh. ? Bạn nào quan tâm, vui lòng nhắn tin qua Zalo: 0904 864 135 (nhắn tin trực tiếp, không cần phải kết bạn) ?Cảm ơn đã đọc tin.",tromoi.com
https://tromoi.com/phong-tro/nha-tro-429-53-nguyen-kiem-phuong-9-phu-nhuan-thanh-pho-ho-chi-minh,Cho thuê căn 2 phòng ngủ,8000000,30m²,"429/53 Nguyễn Kiệm, Phường 9, Phú Nhuận, Thành phố Hồ Chí Minh","CHO THUÊ CĂN HỘ 2 PHÒNG NGỦ – NGUYỄN KIỆM – GIÁ TỐT Địa chỉ: 429/53 Nguyễn Kiệm, Phường 9, Phú Nhuận, TP.HCM Giá thuê: 8 triệu/tháng (có thể giảm thêm 500k cho sinh viên thiện chí) Căn hộ rộng rãi, thoáng mát, thiết kế 2 phòng ngủ, phù hợp cho gia đình nhỏ hoặc nhóm bạn sinh viên ở cùng nhau. Có ban công riêng, đón gió thoáng mát. Máy giặt riêng, tiện lợi, không chung chủ. Khu vực an ninh, dân trí cao, gần trường học, siêu thị, chợ, di chuyển dễ dàng qua các quận trung tâm. Chủ nhà thân thiện, hỗ trợ hết mình cho người thuê lâu dài. Liên hệ: Nguyễn Hoàng Anh – 0978 906 649",tromoi.com
https://tromoi.com/phong-tro/nha-tro-12-trinh-dinh-thao-hoa-thanh-tan-phu-thanh-pho-ho-chi-minh,Cho một nữ thuê một phòng,1300000,15m²,"12 Trịnh Đình Thảo, Hoà Thạnh, Tân Phú, Thành phố Hồ Chí Minh","Cho một nữ thuê một phòng. Vị trí gần tường Cao Đẳng tin học ITC số 12 Trịnh Đình Thảo. Có 3 phòng cho 3 nữ thuê, 1người/phòng. Ba nữ sử dụng chung một phòng vệ sinh. Lối đi riêng. Điện 3k/kw, nước 60k/tháng. Wifi - free. An ninh, yên tĩnh, sạch sẽ, thoáng mát. Vệ sinh mỗi tuần. Giá 1,3 triệu/phòng. Phòng rộng gấp đôi và vệ sinh riêng giá ba triệu/phòng/2người). Không thu thêm gì. Có zalo: 0903978948 Chú Thế",tromoi.com
https://tromoi.com/phong-tro/nha-tro-tai-138-trinh-dinh-trong-phuong-phu-trung-quan-tan-phu-ho-chi-minh,"Nhà Trọ Tại 138 Trịnh Đình Trọng, Phường Phú Trung, Quận Tân Phú, Hồ Chí Minh",3200000,100m²,"Trịnh Đình Trọng, Phú Trung, Tân Phú, Hồ Chí Minh","CÒN TRỐNG 1 PHÒNG 30m² CÓ GÁC – GIÁP 3 QUẬN: TÂN PHÚ – TÂN BÌNH – QUẬN 11 Vị trí: 138A Trịnh Đình Trọng, Phường Phú Trung, Quận Tân Phú, TP.HCM (ngay ngã 4 Âu Cơ – Lạc Long Quân, kế bên chợ Phú Trung). Diện tích: 30m², có gác Xung quanh tiện ích: gần trường Hồ Văn Cường, Trương Vĩnh Ký, Nguyễn Huệ; 7-Eleven, Bách Hóa Xanh, Co.opmart… Giao thông thuận tiện: 5 phút ra Công viên Văn hóa Đầm Sen, ĐH Văn Hiến (CS1); 15 phút ra sân bay Tân Sơn Nhất; 6km đến trung tâm Quận 1 Chi phí: Điện 4k/kWh, Nước 20k/m³ Giá thuê: Không máy lạnh 3tr2/tháng, Có máy lạnh 3tr5/tháng Ưu đãi: giảm 200k/tháng trong 3 tháng đầu hoặc 500k/lần hỗ trợ dọn trọ Tiện ích miễn phí: nước uống, gửi xe, dịch vụ Ưu tiên: HSSV, nhân viên văn phòng (nữ) Khu vực an ninh, yên tĩnh, không ngập nước Liên hệ: 0977 339 117",tromoi.com
https://tromoi.com/phong-tro/nha-tro-kim-hue-994,"CHO THUÊ PHÒNG TRỌ GIÁ RẺ – QUẬN 7 – PHÙ HỢP NGƯỜI ĐI LÀM THU NHẬP THẤP, NGƯỜI LAO ĐỘNG, SINH VIÊN",3800000,18m²,"Hẻm 994A/39, Huỳnh Tấn Phát, Phường Tân Phú, Quận 7, Hồ Chí Minh","CHO THUÊ PHÒNG TRỌ GIÁ RẺ – QUẬN 7 – PHÙ HỢP NGƯỜI ĐI LÀM THU NHẬP THẤP ? Địa chỉ : Hẻm 994A/39 Huỳnh Tấn Phát, P. Tân Phú, Quận 7 ? Diện tích : 18m² ? Giá thuê : Chỉ 1.500.000đ/tháng ⚡️ Điện nước tính riêng theo giá dân ? Loại phòng : Phòng trọ mái tôn, phù hợp cho người lao động, công nhân, hoặc người đi làm cần chỗ ở ổn định, tiết kiệm chi phí. ? Thông tin phòng: Phòng trọ mái tôn, sạch sẽ, thoáng mát Phù hợp cho người lao động, thu nhập thấp, sinh viên đi làm thêm Giờ giấc tự do, không chung chủ Gần khu chế xuất Tân Thuận, tiện cho người đi làm trong khu vực ? Liên hệ chính chủ : Kim Huệ - 0905275709 ? Ưu tiên người thuê ở lâu dài, thiện chí",tromoi.com
https://tromoi.com/phong-tro/nha-tro-tinh-lo-43-binh-chieu-thu-duc-thanh-pho-ho-chi-minh,Phòng trọ có gác giá rẻ Bình Chiểu,1500000,25m²,"Tỉnh lộ 43, Bình Chiểu, Thủ Đức, Thành phố Hồ Chí Minh","Phòng trọ 25m² tại Bình Chiểu chỉ 1.5 triệu - Đầy đủ tiện ích Mình đang cho thuê phòng trọ 25m² tại Bình Chiểu, rất phù hợp cho sinh viên, công nhân, hay nhân viên văn phòng. Phòng sạch sẽ, tiện nghi đầy đủ, vị trí lại gần các điểm học hành, làm việc. Về phòng trọ: Phòng 25m² có gác lửng, vệ sinh trong. Có camera an ninh đảm bảo an toàn, và đầy đủ tiện nghi cho sinh hoạt hàng ngày. Vị trí: Nằm ngay trên Tỉnh lộ 43, Bình Chiểu, Thủ Đức, Hồ Chí Minh. Cách trường học, chỗ làm không xa, đi lại rất thuận tiện. Xung quanh có nhiều chợ, siêu thị, quán ăn, rất tiện lợi. Giá thuê: Giá thuê chỉ 1.500.000đ/tháng. Liên hệ mình để xem phòng và thỏa thuận thêm nhé! Liên hệ để xem phòng ngay!",tromoi.com
https://tromoi.com/phong-tro/nha-tro-331-1-le-hong-phong-phuong-2-quan-10-thanh-pho-ho-chi-minh,"Cho thuê phòng trọ cao cấp, SANG SẠCH SÁNG MÁT THƠM, AN TOÀN",3500000,15m²,"331/1 Lê Hồng Phong, Phường 2, Quận 10, Thành phố Hồ Chí Minh","Nhà sạch sẽ, thoáng mát, an toàn và văn minh. Nằm ngay khu vực trung tâm, gần ngã tư Lê Hồng Phong và Hùng Vương Nhà để xe an toàn, thoáng mát, sạch sẽ, theo từng vị trí riêng không cần lo lắng phải dời xe và sắp xếp xe. Cổng và cửa ra vào đều sử dụng khóa vân tay cùng camera quan sát 24/24 đảm bảo an ninh trật tự cho khu trọ. Sân thượng phơi đồ rộng rãi, thoáng mát cùng một bàn trà nhâm nhi khi bạn có nhã hứng. Phòng có gác lửng, máy lạnh, nước nóng, cửa sổ và wc riêng. Không chung chủ, giờ giấc tự do thoải mái. Ngay trung tâm quận 10 nên có rất nhiều tiện ích xung quanh như nhà thờ, trường học, bệnh viện, nhà xe, chợ và siêu thị, đặc biệt là khu ẩm thực Hồ Thị Kỷ. Đặc biệt bạn sẽ được miễn phí Wifi phủ sóng toàn khu trọ và khu vực công cộng sẽ được vệ sinh sạch sẽ MỖI NGÀY. Phòng có cửa sổ, wc riêng. Giá thật hấp dẫn 3.5 triệu / 1 tháng Liên hệ: Chị Hoa: 0983422460 Địa chỉ: 331/1 Lê Hồng Phong, Phường 2, Quận 10",tromoi.com
https://tromoi.com/phong-tro/chinh-chu-cho-thue-phong-phuoc-long-a-phong-rong-gio-giac-tu-do,"CHÍNH CHỦ CHO THUÊ PHÒNG PHƯỚC LONG A, PHÒNG RỘNG, GIỜ GIẤC TỰ DO",3700000,30m²,"21, Phước Long A, Quận 9, Hồ Chí Minh","Tiện ích: + Khu trọ an ninh, PCCC, lối thoát hiểm, camera 24/24, cổng vân tay, wifi... + Có chỗ để xe riêng, lối đi riêng, giờ giấc tự do, không chung chủ + Phòng rộng, có gác, có ban công, cửa sổ, ở được gia đình... + Khách thuê trọ văn minh, lịch sự, ở lâu dài + Khuôn viên thoáng mát, rộng rãi + Gần đường Đỗ Xuân Hợp, Chợ Phước Bình, Khu dân cư, Bệnh viện, Trường học, Cao Đẳng KT, Cao Đẳng Công Thương...",tromoi.com
https://tromoi.com/phong-tro/nha-tro-duong-la-xuan-oai-phuong-long-truong-quan-9-thanh-pho-ho-chi-minh-1736303511,"Nhà trọ Đức Toàn số 22 Đường 53B, Phường Long Trường, Quận 9, Thành phố Hồ Chí Minh",1600000,25m²,"22 Đường 53B, Phường Long Trường, Quận 9, Thành phố Hồ Chí Minh","Cho Thuê Phòng Trọ Mới Xây Gần ĐH FPT, Samsung, ĐH Tài Chính Marketing - Phường Long Trường, Quận 9, TP.HCM Địa chỉ: 22 Đường 53B, Phường Long Trường, Quận 9, TP.HCM Giá thuê: 1,6 triệu/tháng (16m2), 1,9 triệu/tháng và 2,6 triệu/tháng (tuỳ diện tích). Ưu tiên sinh viên Liên hệ: 0913964959 Đức Toàn Phòng trọ mới xây, không gian rộng rãi, thoáng mát, đầy đủ tiện nghi, nằm ngay khu vực gần ĐH FPT, công ty Samsung, ĐH Tài Chính Marketing (Lã Xuân Oai). Tiện nghi phòng: Phòng có gác lửng , diện tích sử dụng rộng rãi. Kệ bếp giúp bạn dễ dàng nấu nướng. WC riêng biệt , sạch sẽ và tiện nghi. Phòng mới xây, thiết kế hiện đại, không gian thoáng đãng. An ninh tốt, khu vực yên tĩnh, phù hợp để sinh sống và làm việc. Vị trí thuận tiện: Gần ĐH FPT, công ty Samsung, ĐH Tài Chính Marketing. Dễ dàng di chuyển đến các khu vực trung tâm và các tiện ích xung quanh như chợ, siêu thị, quán ăn, bệnh viện, trường học.",tromoi.com
https://tromoi.com/phong-tro/ky-tuc-xa-so-234-nguyen-tri-phuong-phuong-4-quan-10-thanh-pho-ho-chi-minh,"Ký túc xá số 234 Nguyễn Tri Phương, Phường 4, Quận 10, Thành phố Hồ Chí Minh",1200000,20m²,"234 Nguyễn Tri Phương, Phường 4, Quận 10, Thành phố Hồ Chí Minh","KÝ TÚC XÁ ĐỐI DIỆN ĐẠI HỌC KINH TẾ - GIÁ SIÊU HẠT DẺ KTX Giá chỉ từ 1,2 triệu/giường. Điện 4k/kwh, nước 100k/người Phòng studio giá 4 triệu/tháng - Tiện ích: + Mỗi phòng có giường tầng, phòng đều có máy lạnh, nhà vệ sinh sạch sẽ, tủ để đồ, bàn học liền đầu giường,... + Không gian bếp chung với đầy đủ dụng cụ nấu ăn và gia vị cơ bản, tủ lạnh để dự trữ thực phẩm, có máy giặt chung,... - Vị trí nằm ở mặt tiền đường lớn, đối diện Đại học Kinh Tế. Bên dưới có bán hủ tiếu và xung quanh là vô vàn hàng quán ăn uống... Gần Sân vận động Thống Nhất, chợ An Đông và các bệnh viện lớn Trung tâm Thành phố,.. Thuận tiện di chuyển qua Quận 1, Quận 3, Quận 5, Quận 11, Quận 6,... Liên hệ: 0937319808 Anh Biêu Địa chỉ: 234 Nguyễn Tri Phương, Phường 4, Quận 10",tromoi.com
https://tromoi.com/phong-tro/nha-nguyen-can-hem-chua-dinh-thanh,Cho thuê nhà nguyên căn hoạc sinh viên ở ghép,8000000,32m²,"Cách Mạng Tháng 8, 5, Quận 10, Hồ Chí Minh","Nhà nguyên căn 32m² hẻm chùa Đình Thành - 8 triệu/tháng - Tiện nghi đầy đủ Mình đang cho thuê nhà nguyên căn nhỏ xinh ở hẻm chùa Đình Thành, rất phù hợp cho gia đình nhỏ hoặc sinh viên/nhân viên văn phòng. Nhà sạch sẽ, thoáng mát, đầy đủ tiện nghi, gần chợ, trường học, rất tiện lợi cho cuộc sống hàng ngày. ? Về ngôi nhà Nhà nhỏ xinh 32m², có 1lầu. nhưng rất đầy đủ tiện nghi. Sạch sẽ, thoáng mát, có phòng tắm và vệ sinh trong nhà. Chắc chắn bạn sẽ cảm thấy thoải mái khi ở đây. ? Vị trí Nằm ngay trong hẻm chùa Đình Thành, cách đường Cách Mạng Tháng 8 chỉ 5 phút đi bộ. Xung quanh có rất nhiều chợ, siêu thị, trường học và công viên, rất tiện cho việc đi lại, mua sắm và giải trí. Khu vực yên tĩnh, an ninh tốt, thích hợp cho gia đình sinh sống. ? Giá thuê Giá thuê là 8 triệu/tháng. Cọc 1 tháng, phí dịch vụ 1 tháng. Liên hệ ngay để xem nhà!",tromoi.com
https://tromoi.com/phong-tro/cho-thue-phong-tro-gia-re-co-gac-sach-se-thoang-mat-18m2,"Cho thuê phòng trọ giá rẻ có gác sạch sẽ, thoáng mát 18m2",5700000,18m²,"2117/45 Phạm Thế Hiển, 6, Quận 8, Hồ Chí Minh","Cho thuê phòng trọ, tổng diện tích 1 trệt + 1 lầu = ~18m2 , toilet riêng và chỗ để xe riêng, sạch sẽ thoáng mát phù hợp cho các gia đình nhỏ: Vị trí: - Gần các trường ĐH Văn Hiến và Đại Học Kinh Tế (cơ sở Nguyễn Văn Linh). - Gần chợ, siêu thị coopmart và các cửa hàng tiện lợi, gần công viên của chung cư green river Địa chỉ: 2117/45 Phạm Thế Hiển, Phường 6, Quận 8 Liên hệ: chị Yến",tromoi.com
https://tromoi.com/phong-tro/nha-tro-344b-trinh-dinh-trong-hoa-thanh-tan-phu-thanh-pho-ho-chi-minh,[TÌM ROOMATE Ở GHÉP],3200000,15m²,"344B Trịnh Đình Trọng, Hoà Thạnh, Tân Phú, Thành phố Hồ Chí Minh","[TÌM ROOMATE Ở GHÉP] - Phòng có riêng toilet - Có cửa sổ đón nắng sớm - Thang máy, hầm để xe an ninh - Sử dụng bếp và khách chung đã có sẵn đầy đủ tiện nghi: tivi, tủ lạnh, máy giặt, bếp... - Giá đã bao gồm điện, nước, wifi p/s: không được đưa bạn bè về phòng vì mình không thích ồn ào",tromoi.com
https://tromoi.com/phong-tro/2-phong-ngu,2PN 1PK FULL NỘI THẤT GẦN VĂN LANG,8000000,50m²,"Dương Quảng Hàm, 7, Gò Vấp, Hồ Chí Minh",- Giờ giấc tự do - Ra vào vân tay - Không chung chủ,tromoi.com
https://tromoi.com/phong-tro/studio-moi-gan-emart-phan-van-tri,STUDIO FULL NỘI THẤT GẦN EMART PHAN HUY ÍCH,5000000,30m²,"Phan Văn Trị, 10, Gò Vấp, Hồ Chí Minh","PHÒNG MỚI KENGGG NGAY GẦN NGÃ 5 CHUỒNG ? ?Phan Văn Trị, Phường 10, Gò Vấp Nội thất : máy lạnh, kệ bếp , tủ lạnh, tủ đồ , nệm , giường , tủ quần áo , máy nước nóng, bàn ghế,… - Giờ giấc tự do - Ra vào vân tay - Không chung chủ ☎️liên hệ: 0896.670.663 để được hỗ trợ",tromoi.com
https://tromoi.com/phong-tro/phong-tro-thanh-my-loi-quan-2-khu-hanh-chinh-ubnd-tp-thu-duc,Phòng trọ Thạnh Mỹ Lợi Quận 2 - Khu Hành Chính UBND Tp.Thủ Đức,5000000,3m²,"Đường 61 - TML, Gần Trương Văn Bang, Thạnh Mỹ Lợi, Quận 2, Hồ Chí Minh","Phòng trọ 30m2, cửa sổ thoáng mát Phường Thạnh Mỹ Lợi Quận 2 - Tp Thủ Đức - Khu Hành Chính UBND Thành phố Thủ Đức Full Nội Thất: Kệ bếp, Tủ lạnh, Điều hoà, Máy giặt, Máy nước nóng, Giường gỗ, Tủ gỗ, Thang máy lên lầu, để xe tầng hầm Điện 4.000/ký, nước 20.000/khối Wifi & rác: 100.000đ/phòng Cọc 1 tháng, hỗ trợ chia nhỏ cọc. Phòng trống sẵn, vào ở ngay Thang máy, cổng có khoá riêng, chủ ở tầng 1 nhưng không ảnh hưởng, không giới hạn giờ giấc. Chủ nhà vui vẻ hỗ trợ",tromoi.com
https://tromoi.com/phong-tro/nha-tro-duong-le-van-sy-phuong-13-phu-nhuan-thanh-pho-ho-chi-minh,Phòng Phú Nhuận Lê Văn Sỹ,5000000,20m²,"Hẻm 115 Lê Văn Sỹ, Phường 13, Phú Nhuận, Thành phố Hồ Chí Minh","CHO THUÊ CHDV LÊ VĂN SỸ PHÚ NHUẬN Vị trí ngay Lê Văn sỹ- Phú Nhuận. Thông với Hoàng Sa- Trường Sa Phòng full nội thất ( tủ, máy lạnh, máy nước nóng, ..). Wc riêng. Giờ giấc tự do, ra vào khoá vân tay, khu vực an ninh. Thuận tiện đi lại các quận trung tâm. Điện 3,5k/ kw, nước 100k/ tháng. Wifi + dịch vụ 150k/ tháng Miễn Phí + giặt. Để xe trong nhà. Giá phòng :5 trđ. Phòng tầng 2 ban công Địa chỉ 115/ Lê Văn Sỹ P13 Phú Nhuận Liên hệ: 0902726494",tromoi.com
https://tromoi.com/phong-tro/nha-tro-duong-pham-van-chieu-phuong-14-go-vap-thanh-pho-ho-chi-minh,Nhà Trọ Có Gác Lửng Tại Gò Vấp,3400000,20m²,"Phạm Văn chiêu, Phường 14, Gò Vấp, Thành phố Hồ Chí Minh","Chính chủ cần cho thuê phòng dạng Duplex 14 căn hoàn toàn mới Tiện ích xung quanh : Gần Quang Trung, Emart Phan Huy Ích - Cách chợ Thạch Đà 1,5km - Cách chợ Hạnh Thông Tây 2km Giá : 3.400.000 Liên hệ: Ib trực tiếp messenger https://www.facebook.com/share/16xjTRsPuV/ hoặc zalo: 0902759237",tromoi.com
https://tromoi.com/phong-tro/nha-tro-tai-duong-pham-hung-phuong-binh-hung-quan-binh-chanh-ho-chi-minh,"Nhà Trọ Tại Đường Phạm Hùng, Phường Bình Hưng, Quận Bình Chánh, Hồ Chí Minh",3190000,28m²,"Phạm Hùng, Bình Hưng, Bình Chánh, Hồ Chí Minh","PHÒNG TRỌ CHO THUÊ – PHẠM HÙNG, PHƯỜNG BÌNH HƯNG, QUẬN BÌNH CHÁNH Giờ giấc tự do Khu vực an ninh, phòng sạch sẽ Giá thuê: 3.190.000 đồng/tháng Liên hệ: 0795 230 553 để biết thêm thông tin và xem phòng trực tiếp",tromoi.com
https://tromoi.com/phong-tro/nha-tro-t1-26-55a-tran-quy-cap-tran-quy-cap-phuong-11-binh-thanh-thanh-pho-ho-chi-minh,"Cho thuê phòng trọ cao cấp Bình Thạnh, tiện nghi hiện đại, giá 4 triệu/tháng quay đầu , gần các trường đại học",3800000,20m²,"T1 - 26/55A Trần Quý Cáp, Trần Quý Cáp, Phường 11, Bình Thạnh, Thành phố Hồ Chí Minh","CHDV tại Trần Quý Cáp, Phường 11, Quận Bình Thạnh, Thành phố Hồ Chí Minh Giá: 3.800.000₫ Thông tin nhà: Giờ giấc (tự do), Khóa cổng (vân tay), Sân phơi (Chung), Để xe (chung), Thang máy, Máy giặt chung Thông tin phòng: Loại phòng (duplex), Lầu (trệt), Diện tích (20), Cửa sổ, Gác, Giếng trời Nội thất: Toilet (riêng), Máy lạnh, Kệ bếp, Bồn rửa chén Phí: Điện: 3.800₫ /Kwh, Nước: 100.000₫ /người, Phí QL: 200.000₫ /phòng",tromoi.com
https://tromoi.com/phong-tro/gia-gia,"1 Phòng ngủ 35m2 Full nội thật có ban công Đào Duy Anh Phú Nhuận gần Sân bay, công viên, vòng xoay Gia Định",6000000,35m²,"Đào Duy Anh, 9, Phú Nhuận, Hồ Chí Minh","1 Phòng ngủ 35m2 Full nội thật có ban công Đào Duy Anh Phú Nhuận gần Sân bay, công viên, vòng xoay Gia Định Địa chỉ: Đào Duy Anh, Phường 9, Phú Nhuận Thông tin chi tiết - Diện tích: 35m2, ban công thoáng mát, không gian sống thoải mái - Nội thất mới, cao cấp (Tủ lạnh, máy lạnh, giường, nệm, bàn, ghế,..) - Camera hành lang, PCCC kiểm duyệt - Khu dân trí cao yên tĩnh - Vị trí đẹp, Trung tâm Phú Nhuận - Gần sân bay Tân Sơn Nhất, công viên, vòng xoay Gia ĐỊnh - Tiện di chuyển sang Tân Bình, Gò Vấp, Quận 1, Quận 3 - Gần ngã tư Phú Nhuận, khúc giao đường Phan Đăng Lưu, Hoàng Văn Thụ, Gần đường Phan Xích Long, Hồ Văn Huê ---------------------------------------------------- Liên hệ hỏi liên tục (Thông tin phòng, tham khảo thêm phòng) Em Khanh cute - 0394***238",tromoi.com
https://tromoi.com/phong-tro/ky-tuc-xa-duong-cach-mang-thang-tam-phuong-13-quan-10-thanh-pho-ho-chi-minh,Ký túc xá giá rẻ,800000,25m²,"Cách Mạng Tháng Tám, Phường 13, Quận 10, Thành phố Hồ Chí Minh","Bên mình còn vài giường ktx cho các bạn sinh viên và người đi làm Vị trí tại trung tâm quận 10 Ngay ngã ba Tô Hiến Thành giao với Cách Mạng Tháng 8, gần các trường Ngoại Ngữ Tin Học, Bách Khoa, Đại học Kinh Tế, Cao đẳng Kinh Tế, Giao Thông Vận Tải, Đại học Cao Đẳng Sài Gòn.... Rất phù hợp với các bạn sinh viên Giá 800k đến 1,5 triệu/tháng/giường Miễn phí điện nước Miễn phí wifi Có tủ cá nhân và ổ điện từng giường, rèm che đảm bảo riêng tư Có bếp nấu ăn, tủ lạnh, máy giặt, nước uống miễn phí Giờ giấc tự do Có quản lý và camera an ninh 24/24 Bạn nào có nhu cầu thuê liên hệ trực tiếp Cảm ơn các bạn đã đọc tin",tromoi.com
https://tromoi.com/phong-tro/phong-tro-35m2,Phòng Trọ Giá Rẻ Bình Thạnh,4500000,35m²,"Xô Viết Nghệ Tĩnh, 25, Bình Thạnh, Hồ Chí Minh","Cho thuê phòng trọ lầu 2 , dọn vào ở luôn , tự do nội thất , khu vực an ninh , hẻm xe tải rộng rãi , cách Hutech 3km , cách chợ 500m , các chuỗi cửa hàng thương mại xung quanh . KHÔNG XE ( nếu có xe tự gửi gần xung quanh ) thích hợp 3 bạn sinh viên nữ ở ghép , hoặc gia đình 3 người .",tromoi.com
https://tromoi.com/phong-tro/thanh-dat,Cho thuê phòng trọ ban công lớn,2700000,35m²,"Lê Tấn Quốc, Phường 12, Tân Bình, Hồ Chí Minh","? cho thuê căn hộ có gác nằm ngay tại đầu đường Lê Tấn Quốc #TÂNBÌNH? ?gần nhà ga T3 , trường đại học công thương TPHCM , siêu thị GO! Trường chinh , tiện di chuyển các khu vực gò vấp , Tân Phú , bình Tân ? có thang máy ? full nội thất ?khóa cửa Vân tay ?giờ giấc tự do ?camera 24/7 khu vực an ninh ? vệ sinh hành lang ?? 0917802303 ( em đạt )",tromoi.com
https://tromoi.com/phong-tro/ktx-dang-deplex-cao-cap,KTX CHẤT LƯỢNG CAO,2000000,35m²,"396 Dương Quảng Hàm, 6, Gò Vấp, Hồ Chí Minh","Bao tất tần tật chi phí - Với DT 35m2 - GÁC CAO 2M (Không đụng đầu) - Thuận tiện qua Vincom phan văn trị, Công Viên Gia Định, Sân bay Tân Sơn Nhất...Các Q.Bình Thạnh, Đường Phạm Văn Đồng - Gần trường ĐH Văn Lang CS3, ĐH Công Nghiệp (12 Nguyễn Thái Bảo), ĐH GIA ĐỊNH - Công Viên Văn Hóa (Gò Vấp) + Bảo trì phòng, vệ sinh định kỳ theo tuần + Bộ phận Quản lý (Giải quyết vấn đề phát sinh khi mình ở) + Môi trường sinh viên & người đi làm (Văn minh & lịch sử) + Vệ sinh chung (2-4 phòng) ------------------------------------------------------------ #TIỆN NGHI: + Giờ giấc: tự do (không chung chủ). + Có chỗ: để xe (Tầng trệt) + Ra ngoài vân tay &&&SĐT : 0359-510-640 (TONYDZUNG) &&& HỖ TRỢ TÌM PHÒNG THEO YÊU CẦU",tromoi.com
https://tromoi.com/phong-tro/phung-tien-khoa,"PHÒNG TRỌ FULL NỘI THẤT – NHÀ MỚI, SIÊU GẦN CÁC TRƯỜNG ĐẠI HỌC",3800000,25m²,"Bùi Đình Túy, 14, Bình Thạnh, Hồ Chí Minh","PHÒNG TRỌ FULL NỘI THẤT – NHÀ MỚI, GẦN CÁC TRƯỜNG ĐẠI HỌC Vị trí trung tâm Bình Thạnh , gần: Đại học Ngoại thương (FTU) HUTECH Giao thông Vận tải (GTVT) Văn Lang Gần chợ, phố ẩm thực, di chuyển nhanh đến Quận 1 và Phú Nhuận (chỉ 5–10 phút) Nhà mới xây – sạch đẹp – không chung chủ – không giới nghiêm Trang bị khóa vân tay, wifi mạnh, camera an ninh 24/7 Hệ thống phòng cháy chữa cháy đầy đủ, an toàn Giá thuê: từ 3.800.000đ đến 6.300.000đ/tháng Diện tích phòng: 10–25m² Nội thất cao cấp gồm: Giường + nệm cao su non Máy lạnh inverter Tủ lạnh lớn Bàn học, tủ đồ Tùy phòng: có ban công, giếng trời hoặc cửa sổ thoáng Tiện ích chung: Khu bếp chung sạch sẽ, đầy đủ đồ dùng Có máy giặt, máy sấy Dịch vụ vệ sinh hàng tuần Chi phí: Phí quản lý: 200.000đ (bao gồm vệ sinh, rác, wifi, máy giặt, máy sấy, nước nóng) Điện: 4.000đ/kWh Nước: 100.000đ/người Gửi xe máy: miễn phí Liên hệ Zalo: 0909 293 937",tromoi.com
https://tromoi.com/phong-tro/cho-thue-phong-tro-gia-re-khu-vuc-tphcm,Cho thuê phòng trọ giá rẻ ngay đường Lê Văn Sỹ,2700000,45m²,"Lê Văn Sỹ, 1, Tân Bình, Hồ Chí Minh","?Cho Thuê Căn Hộ Cho Thuê Khu Vực Các Quận Trung Tâm TP.Hồ Chí Minh Studio - Duplex - 1PN - 2PN - 3PN - Phongtro ———————————————————————— - Duplex: 4tr_5tr_6tr_7tr_8tr_9tr_10tr……….. - Studio: 4tr_5tr_6tr_7tr_8tr_9tr_10tr………… - 1 Phòng Ngủ: 8tr_9tr_10tr_11tr_12tr…….20tr. - 2 Phòng Ngủ : 8tr_9tr_10tr_11tr_12tr……20 tr. - 3 Phòng Ngủ: 15tr_16tr_17tr……..20tr……30tr. - Quận 1 - Quận 3 - Quận 10 - Tân Bình - Phú Nhuận - Bình Thạnh - Gò Vấp - Các Quận Lân Cận Xung Quanh ———————————————————————— ❗Thiết kế Hiện Đại , Đẳng Cấp, Sang Trọng Đem lại nhiều Ánh sáng tự nhiên Không gian phòng Thoáng mát, sạch sẽ. Đảm bảo đầy đủ các tiêu chuẩn về PCCC Áp dụng nhiều thiết bị hiện đại, phục vụ tốt hơn cho khách thuê Đầy đủ tiện nghi, thoải mái như một gia đình Dịch vụ toà nhà tốt, Anh ninh tuyệt đối. ?Trên 10.000 Căn Hộ - Phòng Trọ đang được cho thuê trên khắp khu vực TP.hcm ☎️Liên Hệ: 0964388851 (Call/Zalo - Văn Phước) Tư Vấn - Hỗ Trợ Xem Phòng Miễn Phí.",tromoi.com
https://tromoi.com/phong-tro/nha-tro-duong-nguyen-van-cong-phuong-3-go-vap-thanh-pho-ho-chi-minh,NGUYỄN VĂN CÔNG P3 GÒ VẤP,4500000,28m²,"Nguyễn Văn Công, Phường 3, Gò Vấp, Thành phố Hồ Chí Minh","PHÒNG TRỌ CAO CẤP – NGUYỄN VĂN CÔNG, GÒ VẤP Địa chỉ: Nguyễn Văn Công, P3, Gò Vấp – Gần ĐH Gia Định, thuận tiện di chuyển. Tiện ích: Có thang máy Máy giặt chung Giờ giấc tự do , không chung chủ Khu vực an ninh, sạch sẽ, dân cư văn minh Giá thuê: 4.5 triệu/tháng Phòng rộng rãi, phù hợp sinh viên, nhân viên văn phòng cần chỗ ở tiện nghi, tự do thoải mái! Liên hệ: 0367 891 324 để xem phòng ngay!",tromoi.com
https://tromoi.com/phong-tro/nha-tro-29-nguyen-van-khoi-phuong-11-go-vap-thanh-pho-ho-chi-minh,29 NGUYỄN VĂN KHỐI P11,4000000,25m²,"29 Nguyễn Văn Khối, Phường 11, Gò Vấp, Thành phố Hồ Chí Minh","CHO THUÊ PHÒNG TRỌ ĐẦY ĐỦ TIỆN NGHI – GÒ VẤP Địa chỉ: 29 Nguyễn Văn Khối, Phường 11, Quận Gò Vấp, TP.HCM Giá thuê: 4 triệu – 4.2 triệu/tháng Phòng sạch sẽ, thoáng mát, đầy đủ tiện nghi: Giường, nệm, tủ đồ Máy lạnh Kệ bếp, vệ sinh riêng Giờ giấc tự do, không chung chủ, khu vực an ninh, yên tĩnh Vị trí cực thuận tiện: Gần ĐH Văn Lang , ĐH Công Nghiệp , di chuyển dễ dàng các quận lân cận. Liên hệ: 0367 891 324 để xem phòng trực tiếp!",tromoi.com
https://tromoi.com/phong-tro/phong-tro-trong-san-so-61-70-12-duong-59-phuong-14-go-vap,"Phòng Trọ Trống Sẵn Số 61/70/12 Đường 59, Phường 14, Gò Vấp",3600000,25m²,"59, 14, Gò Vấp, Hồ Chí Minh","Cho thuê phòng trống sẵn -25m2 Giá : 3tr-3tr6 Vị trí : 61/70/12 Đường 59 - phường 14 - Gò vấp • Ra vào khoá vân tay | Camera giám sát • Khu vực dân trí cao | PCCC Đạt tiêu chuẩn • Giờ giấc tự do • Thang máy - hầm xe - an ninh Dịch vụ: Điện: 3.7k Nước 100k/người Xe 100k/chiếc Pdv: 150k/phòng (rác, wifi, máy giặt chung) LH Zalo : 0901040234 (Như)",tromoi.com
https://tromoi.com/phong-tro/chinh-chu-cho-thue-phong,Chính chủ cho thuê phòng mới quận Bình Thạnh - đường Ngô Tất Tố,8000000,30m²,"98/22 Ngô Tất Tố, 22, Bình Thạnh, Hồ Chí Minh","Cửa sổ, bancol siêu thoáng – ánh sáng tự nhiên Full Nội thất Giờ giấc tự do, có chỗ để xe, camera an ninh",tromoi.com
https://tromoi.com/phong-tro/cho-thue-phong-can-ho-mini-trung-tam-quan-10,"Nhà trọ số 392/8/16 Cao Thắng, Phường12, Quận 10, Thành phố Hồ Chí Minh",4500000,25m²,"392/8/16 Cao Thắng, Phường12, Quận 10, Thành phố Hồ Chí Minh","- Trống 2 phòng P3-16 gia 5,5tr có TL. - Trống 3 phòng P2-6-8 gia 4,5tr - Chi phí khác: điện 3.5k/kw, nước 100k/người, xe 100k/xe, dịch vụ (rác, wifi, vs chung hành lang, máy giặt chung )200k/phòng, giờ tự do, khóa vân tay, có hỗ trợ bào vệ, camera 24/24 - Nội thất đầy đủ: tủ quần áo, kệ bếp, kệ đồ, gác, điều hòa, tủ lạnh, nvs riêng, sofa, kệ để tivi, máy giặt chung, cửa sổ rộng. Đặc biệt P16 có cửa sổ ban công rộng view thoáng mát, sáng sủa - Bên dưới có bãi để xe, bảo vệ, khóa vân tay, camera an ninh,... - Hẻm rộng thoáng - Gần Đại học ngoại ngữ tin học, Trường Quốc tế Á Châu, Học viện hành chính Quốc gia, Nhà hát Hòa Bình, Khu Kỳ hòa, Trung tâm thương mại Vạn Hạnh mall và các bệnh viện lớn,... Thuận tiện di chuyển qua các Quận 1, Quận 3,....",tromoi.com
https://tromoi.com/phong-tro/nha-tro-so-259-6-nguyen-tri-phuong-phuong-5-quan-10-thanh-pho-ho-chi-minh,"Nhà trọ số 259/6 Nguyễn Tri Phương, Phường 5, Quận 10, Thành phố Hồ Chí Minh",4500000,20m²,"259/6 Nguyễn Tri Phương, Phường 5, Quận 10, Thành phố Hồ Chí Minh","- Trống 2 phòng: P3-5 - Giá: 4,5tr - Chi phí khác: điện 3.5k/kw, nước 25K/m3, xe free tự bảo quản, dịch vụ ( rác, wifi, vs chung hành lang,)150k/phòng, giờ tự do, khóa vân tay, camera 24/24) - Nội thất cơ bản: tủ lạnh, tủ quần áo, điều hòa, kệ bếp, máy giặt riêng, cửa sổ thông gió, nvs riêng,.... - Bên dưới có bãi để xe, khóa vân tay, camera an ninh - Hẻm rộng thoáng, nhà trọ nằm ở chính diện hẻm - Sát bên Đại học Kinh tế (có thể đi bộ), gần Siêu thị, Cao đẳng sư phạm Trung ương, Trường phổ thông năng khiếu, Trường dự bị đại học và các bệnh viện lớn,.... Thuận tiện di chuyển qua các Quận 5, Quận 10, Quận 11,...",tromoi.com
https://tromoi.com/phong-tro/nha-tro-4-9-pham-huy-thong-phuong-1-go-vap-thanh-pho-ho-chi-minh,"PASS PHÒNG TRỌ,4/9 PHẠM HUY THÔNG - GÒ VẤP",3100000,25m²,"4/9 Phạm Huy Thông, Phường 1, Gò Vấp, Thành phố Hồ Chí Minh","Chuẩn bị mình về quê nên cần pass lại phòng trọ. - Giá 3tr1 ở 4/9 phạm huy thông, gò vấp, ngay khu bộ đội rất an ninh, trọ ngay mặt tiền luôn - Điện 3,5k/1 ký, nước 100k 1 người, khoá vân tay, có camera an ninh, máy giặt, máy lạnh, cửa sổ thông thoáng, có gác cao nha, giờ giấc tự do k chung chủ. - Nếu bạn có vào trọ thì hiện mình có sẵn rất nhiều đồ vật dụng như kệ giày, dép nồi niêu xong chảo… bạn cần mình để lại free cho b luôn nha",tromoi.com
https://tromoi.com/phong-tro/nha-tro-so-281-45-11-le-van-sy-phuong-1-tan-binh-thanh-pho-ho-chi-minh,Chính Chủ Cho Thuê Trọ,4400000,20m²,"281/45/11 Lê Văn Sỹ, Phường 1, Tân Bình, Thành phố Hồ Chí Minh","PHÒNG SIÊU XỊN GIÁ CHỈ 4TR4 – GẦN SÂN BAY TSN N&M house cho thuê phòng đẹp như hình 100% tại: 281/45/11 Lê Văn Sỹ, P11, Tân Bình • Ban công & cửa sổ thoáng mát • Full nội thất như hình: giường, tủ lạnh, tủ đồ, bàn, đèn ngủ, máy lạnh,… • Khu giặt sấy & để xe FREE • Không chung chủ – Giờ giấc tự do Giá: 4.400.000 IB hoặc liên hệ zalo: 0329.41.2040",tromoi.com
https://tromoi.com/phong-tro/nha-tro-226-9-16-nguyen-van-luong-phuong-17-go-vap-thanh-pho-ho-chi-minh,"CHO THUÊ PHÒNG ĐƯỜNG NGUYỄN VĂN LƯỢNG, GÒ VẤP",2500000,22m²,"226/9/16 Nguyễn Văn Lượng, Phường 17, Gò Vấp, Thành phố Hồ Chí Minh","ĐC: Hẻm 236, 226/9/16 Nguyễn Văn Lượng, P.17, Q. GV (Gần siêu thị Lotte Mart Gò Vấp, ) Giá thuê: 2.5 tr/ tháng Chính chủ cho thuê phòng trống không nội thất, tổng diện tích 22m2 luôn gác. Phòng sạch, thoáng mát, phòng có cửa sổ Giờ giấc tự do, có lối đi riêng không chung chủ Toilet riêng, WIFI miễn phí. Được nấu ăn, gần chợ. Liên hệ: 0386849564",tromoi.com
https://tromoi.com/phong-tro/nha-tro-561-cach-mang-thang-tam-phuong-15-quan-10-thanh-pho-ho-chi-minh,STUDIO SÂN VƯỜN – FULL NỘI THẤT,7000000,30m²,"561 Cách Mạng Tháng Tám, Phường 15, Quận 10, Thành phố Hồ Chí Minh","561 Cách Mạng Tháng 8, P15, Quận 10 Diện tích 30m², ban công sân vườn riêng – mảng xanh thư giãn cực chill Full nội thất, bếp riêng, WC riêng Trống: 14/7 Giá chỉ 7 triệu/tháng Vị trí đắc địa, di chuyển thuận tiện: • Gần vòng xoay Dân Chủ, công viên Lê Thị Riêng • 5 phút đến Quận 3 – Quận 1 • Xung quanh nhiều tiện ích: siêu thị, cà phê, trung tâm mua sắm Liên hệ: 0862.153.119 - Văn Thiện Megas",tromoi.com
https://tromoi.com/phong-tro/nha-tro-duong-30-thang-4-binh-thang-di-an-binh-duong,"Nhà Trọ Đường 30 Tháng 4, Bình Thắng, Dĩ An, Bình Dương",2000000,16m²,"Đường 30 Tháng 4, Bình Thắng, Dĩ An, Bình Dương","CHO THUÊ NHÀ TRỌ - GIÁ RẺ - TIỆN NGHI - GẦN KHU CÔNG NGHIỆP Địa chỉ : Đường 30 Tháng 4, phường Bình Thắng, TP. Dĩ An, Bình Dương Phù hợp cho sinh viên, công nhân, vợ chồng trẻ hoặc người đi làm cần chỗ ở lâu dài Thông tin phòng: Diện tích: [bạn điền diện tích, ví dụ: 16m² - 25m²] Phòng sạch sẽ, thoáng mát, có gác lửng (nếu có) Nhà vệ sinh riêng từng phòng Có cửa sổ thoáng gió, ánh sáng tự nhiên Khu vực an ninh, yên tĩnh, dân cư văn minh Tiện ích: Wifi mạnh, miễn phí hoặc giá rẻ Có chỗ để xe rộng rãi, an toàn Camera an ninh 24/24 Giờ giấc tự do Gần chợ, trường học, khu công nghiệp, ga Dĩ An, Quốc lộ 1K... Giá thuê: 2.000.000Đ/Tháng Điện, nước tính theo giá dân hoặc đồng hồ riêng, rõ ràng – minh bạch Liên hệ xem phòng: 0984774319 Chị Hoa Có thể đến xem phòng trực tiếp trong giờ hành chính hoặc theo hẹn",tromoi.com
https://tromoi.com/phong-tro/nha-tro-286-kp-tan-long-phuong-di-an-thanh-pho-di-an-binh-duong,"Nhà Trọ 286 KP Tân Long, Phường Dĩ An, Thành phố Dĩ An, Bình Dương",1500000,15m²,"286 KP Tân Long, Phường Dĩ An, Thành phố Dĩ An, Bình Dương","CHO THUÊ NHÀ TRỌ - GIÁ RẺ - AN NINH - TIỆN NGHI Địa chỉ : 286 Khu phố Tân Long, Phường Dĩ An, TP. Dĩ An, Bình Dương Thông tin chi tiết: Diện tích phòng: 15m2 Phòng mới sạch sẽ, thoáng mát, có cửa sổ, ánh sáng tự nhiên Có nhà vệ sinh riêng từng phòng Có chỗ để xe an toàn, cổng rào an ninh, giờ giấc tự do Khu vực yên tĩnh, dân cư thân thiện Gần chợ, trường học, khu công nghiệp, thuận tiện đi lại Tiện ích đi kèm: Wifi tốc độ cao Điện nước giá hợp lý (theo đồng hồ riêng) Có chỗ để xe rộng rãi Khu trọ có lắp đặt camera an ninh 24/7 Giá thuê :1.500.000Đ/Tháng Liên hệ xem phòng: 0376743314 Chị Thơ",tromoi.com
https://tromoi.com/phong-tro/nha-tro-duong-ly-thuong-kiet-phuong-14-quan-10-thanh-pho-ho-chi-minh,Cho thuê phòng quận 10,3200000,16m²,"Lý Thường Kiệt, Phường 14, Quận 10, Thành phố Hồ Chí Minh","CHÍNH CHỦ CHO THUÊ PHÒNG TRỌ – GẦN ĐH BÁCH KHOA, ĐỐI DIỆN NHÀ THI ĐẤU PHÚ THỌ Vị trí đẹp: Phòng trọ ngay khu trung tâm Quận 10, rất gần các trường đại học lớn: Bách Khoa, Kinh Tế, Y Dược,… Đối diện Nhà thi đấu Phú Thọ , thuận tiện đi học, đi làm, di chuyển các quận lân cận dễ dàng. Tiện nghi: Nhà yên tĩnh, an ninh, hàng xóm văn minh. Không gian riêng tư, phù hợp sinh viên, người đi làm cần chỗ ở ổn định. Giá thuê: 3.200.000đ/tháng. Liên hệ: 0908 389 390",tromoi.com
https://tromoi.com/phong-tro/cho-thue-phong-ngu-lon-chung-cu-tin-phong-gan-cong-vien-thuan-kieu,"Nhà Trọ Số 36 Tân Thới Nhất 8, Phường Tân Thới Nhất, Quận 12",3000000,70m²,"Tân Thới Nhất 8, Tân Thới Nhất, Quận 12, Hồ Chí Minh","CHO THUÊ PHÒNG NGỦ LỚN – CHUNG CƯ TÍN PHONG – GẦN CÔNG VIÊN THUẬN KIỀU] Địa chỉ: Chung cư Tín Phong (5 tầng) Diện tích căn hộ: 70m² Hiện đang cần cho thuê phòng ngủ lớn trong căn hộ gồm: • 2 phòng ngủ (1 lớn – cho thuê, 1 nhỏ đã có người ở) • 1 phòng khách, 1 phòng bếp • Có sẵn một số nội thất: máy giặt, tivi, máy lạnh (nếu dùng), máy nước nóng lạnh Tiện ích & khu vực xung quanh: • Cách công viên Thuận Kiều chỉ 50m, rất tiện để chạy bộ, đánh cầu, thả diều (Chiều nào chạy bộ chung với mình cũng được nè ) • Gần trường học, nhiều chợ (3–4 chợ), Coopmart, Winmart • Khu dân cư an ninh, yên tĩnh, tiện đi lại, siêu mát mẻ đón hoàng hôn mỗi chiều Chi phí sinh hoạt: • Điện, nước, rác: tính theo giá nhà nước • Gửi xe: 90.000đ/tháng Ưu tiên người sống gọn gàng, sạch sẽ, vui vẻ, hòa đồng (Phù hợp với sinh viên hoặc người đi làm, dưới 30 tuổi) Mọi thắc mắc xin liên hệ: 0898 353 181 (Thanh Hậu)",tromoi.com
https://tromoi.com/phong-tro/cho-thue-phong-tro-gan-truong-dai-hoc-cn4-va-gan-175,Cho thuê phòng trọ gần trường đại học CN4 và gần 175,2800000,18m²,"Nguyễn Tuân, 3, Gò Vấp, Hồ Chí Minh","Cho thuê phòng trọ gần trường đại học công nghiệp 4, gần chợ gò vấp Phòng có gác xếp. Máy lạnh , tủ lạnh, Máy nước nóng Giờ giấc tự do, lối đi riêng, bãi xe riêng Ưu tiên ở lâu dài, chỉ cần dọn vào ở Khu vực an ninh, yên tĩnh, chủ nhà thân thiện Thuận tiện đi học, đi làm, gần các khu vui chơi, mua sắm...",tromoi.com
https://tromoi.com/phong-tro/nha-tro-so-886-43-xo-viet-nghe-tinh-phuong-25-binh-thanh-thanh-pho-ho-chi-minh,"Nhà trọ số 886/43 Xô Viết Nghệ Tĩnh, Phường 25, Bình Thạnh, Thành phố Hồ Chí Minh",4000000,22m²,"886/43 Xô Viết Nghệ Tĩnh, Phường 25, Bình Thạnh, Thành phố Hồ Chí Minh","CHÍNH CHỦ CHO THUÊ PHÒNG TRỌ MẶT TIỀN HẺM – XÔ VIẾT NGHỆ TĨNH, BÌNH THẠNH Địa chỉ: 886/43 Xô Viết Nghệ Tĩnh, Phường 25, Quận Bình Thạnh Phòng trệt, rộng rãi, dễ dọn vào ở ngay Giờ giấc tự do, không chung chủ Mặt tiền hẻm, thuận tiện đi lại, gần chợ, siêu thị, trường học, bến xe miền Đông Giá thuê: 4 triệu/tháng , phù hợp người đi làm, sinh viên muốn ở riêng tư, an ninh tốt. Liên hệ 0913807711 (chính chủ) để xem phòng trực tiếp.",tromoi.com
https://tromoi.com/phong-tro/chua-den-5-cu-co-ngay-can-ngay-bac-hai,Chưa Đến 5 Củ Có Ngay Căn Ngay Bắc Hải,4000000,30m²,"Thiên Phước, 9, Tân Bình, Hồ Chí Minh","Chưa Đến 5 Củ Có Ngay Căn Ngay Bắc Hải, quận Tân Bình Full Nội Thất Free xe 2 chiếc Xung quanh nhiều tiện ích , an ninh cao Liên Hệ:0987.610.215 để được tư vấn và coi phòng trực tiếp",tromoi.com
https://tromoi.com/phong-tro/nha-tro-hem-175-nguyen-van-cong-phuong-3-go-vap-thanh-pho-ho-chi-minh,Nhà trọ giá rẻ,2200000,20m²,"Hẻm 175 Nguyễn Văn Công, Phường 3, Gò Vấp, Thành phố Hồ Chí Minh","PHÒNG TRỌ GIÁ RẺ – CÓ GÁC – GÒ VẤP Địa chỉ: Hẻm 175 Nguyễn Văn Công, Quận Gò Vấp Có gác – lối đi riêng – giờ giấc tự do Gần chợ Tân Sơn Nhất, bệnh viện 175, trường ĐH Gia Định Khu an ninh, thuận tiện đi lại Giá thuê: 2.200.000đ/tháng Liên hệ chính chủ: Chú Trường – 0903 679 501",tromoi.com
https://tromoi.com/phong-tro/cho-thue-van-phong-cong-ty,Cho thuê mặt bằng,5500000,20m²,"Thạch Thị Thanh, Tân Định, Quận 1, Hồ Chí Minh","?CHO THUÊ VĂN PHÒNG CÔNG TY GIÁ RẺ NẰM MẶT TIỀN ĐƯỜNG THẠCH THỊ THANH TÂN ĐỊNH, QUẬN 1 ☘ Còn 2 phòng diện tích 20m ( phù hợp công ty, dạy học) ☘ Văn phòng sạch sẽ, thoáng mát, an ninh, phòng có bàn ghế làm việc, máy lạnh. Có lễ tân chuyên nghiệp tiếp nhận thư từ, fax, bưu phẩm, điện thoại, có phòng họp riêng tiện nghi, sảnh tiếp khách chung, internet miễn phí. ☘ Vị trí văn phòng đẹp nằm mặt tiền đường lớn gần Ủy Ban Phường và trung tâm thương mại, trường học , đường rộng thông thoáng, thuận lợi di chuyển nhanh ra các quận trọng điểm trong TPHCM…. ? Cam kết báo giá 1 lần, không tăng phí, ổn định cho khách thuê lâu dài.",tromoi.com
https://tromoi.com/phong-tro/nha-tro-duong-so-10-binh-hung-hoa-binh-tan-thanh-pho-ho-chi-minh,"Nhà trọ Đường Số 10, Bình Hưng Hòa, Bình Tân, Thành phố Hồ Chí Minh",2000000,16m²,"Đường Số 10, Bình Hưng Hòa, Bình Tân, Thành phố Hồ Chí Minh","PHÒNG TRỌ GIÁ RẺ – AN NINH – SẠCH SẼ – BÌNH TÂN Địa chỉ: Đường Số 10, Phường Bình Hưng Hòa, Quận Bình Tân, TP.HCM Liên hệ chính chủ: 0906 330 012 Giá thuê: Chỉ 2.000.000đ/tháng Tiện ích: Phòng sạch sẽ , vệ sinh riêng Khu an ninh, yên tĩnh , dân cư ổn định Thích hợp cho người đi làm, sinh viên cần chỗ ở tiết kiệm Gọi ngay 0906 330 012 để xem phòng và dọn vào ở liền nhé!",tromoi.com
https://tromoi.com/phong-tro/nha-tro-688-57-71-le-duc-tho-phuong-15-quan-go-vap-thanh-pho-ho-chi-minh,"Nhà trọ 688/57/71 Lê Đức Thọ, Phường 15, Quận Gò Vấp, Thành phố Hồ Chí Minh",3800000,25m²,"688/57/71 Lê Đức Thọ, Phường 15, Quận Gò Vấp, Thành phố Hồ Chí Minh","CĂN HỘ DỊCH VỤ Đc: 688/57/71, Lê đức thọ,p15, Gò vấp. Mã phòng : 001 Giá 3,8tr Nội thất: Kệ bếp, máy lạnh, tủ lạnh, máy giặt Có nhà xe, thang bộ, cổng khoá vân tay và máy giặt chung Điện 4k/kwh, nước 100k/người, pdv 150k/phòng, xe Free, tối đa 3 người, 2 xe cọc 1 tháng",tromoi.com
https://tromoi.com/phong-tro/nha-tro-75-12-nguyen-van-cu-phuong-1-quan-5-ho-chi-minh,"Nhà Trọ 75/12 Nguyễn Văn Cừ, Phường 1, Quận 5, Hồ Chí Minh",3500000,14m²,"75/12 Nguyễn Văn Cừ, P1, Quận 5, Hồ Chí Minh","Phòng 3,5 triệu, diện tích: 14m2. Thích hợp cho 1 người ờ Phòng chỉ dành cho 1 người ở. Có máy lạnh mới, giường, kệ 5 tầng, nệm, tủ sắt 2 cánh đựng quần áo, bàn học, kệ bếp, tủ lạnh.. Nội thất cơ bản, không cần mua, chí mang vali quần áo, dụng cụ cá nhân đến ở. Nhà vệ sinh riêng trong phòng Phòng thoáng mát , có cửa sổ Nhà nằm tại vị trí thuận lợi gần trường đại học Khoa Học Tự Nhiên, Sư Phạm, Sài Gòn, nhà sách Nguyễn Văn Cừ, siêu thị, chợ,... xe miển phí . Tiện ích: Máy giặt, wifi, chỗ để xe, lối đi riêng, giờ giấc thoải mái. Chi phí sinh hoạt:: Nước 100 k Điện 4000 k wifi 120k Giặt đồ 20k, rác 20k Xe 1 miển phí Cách mặt tiền 100 mét Vị Trí : Gần Ngã Tư Nguyễn Văn Cừ - Trần Hưng Đạo. Số nhà : 75/12 Tiện ích : Gần các trường đại học ( đại học Sài Gòn, Sư Phạm, Khoa Học Tự Nhiên, Kinh Tế Đối Ngoại, Đại Học Y Dược..) *Gần Chợ Hòa Bình , chợ Bầu Sen, Chợ Xã Tây. Gần các siêu thị tiện ích, rất tiện mua sắm. Coop Cống Quỳnh, Bách hóa xanh, Thế giới di dộng, Điện máy xanh….. Cửa hàng ăn nhanh Lotteria, Jollibe, cơm tấm Nguyễn Văn Cừ, Bánh canh cua, Cách các trạm xe buýt 100 mét Tiện Nghi : Phòng có cửa sổ thông thoáng, máy lạnh quạt, bồn rửa, chỗ để xe. Hệ thống camera an ninh.",tromoi.com
https://tromoi.com/phong-tro/nha-tro-hem-520-59-6-quoc-lo-13-hiep-binh-phuoc-thu-duc-thanh-pho-ho-chi-minh,"Nhà trọ Hẻm 520/59/6 Quốc Lộ 13, Hiệp Bình Phước, Thủ Đức, Thành phố Hồ Chí Minh",3800000,20m²,"Hẻm 520/59/6 Quốc Lộ 13, Hiệp Bình Phước, Thủ Đức, Thành phố Hồ Chí Minh","Chào các bạn! Cho thuê trọ nguyên căn. 520/59/6 Ql13, Hiệp bình phước, TD. Gần vạn phúc, gigamal, ĐH luật, DH Van Lang, DH Công Nghiệp, Bình Thạnh, gò vấp, Q1. tự do giờ giấc và chìa khoá riêng. - Phòng rộng có 1 lầu- ban công. Thoải mái. 3,8tr - Phù hợp GĐ 2 con hoặc 4 sv chung phòng. - Cọc 3tr, nước 20/m3, điện 3,5/kw. - Không chung chủ, lối đi 1,5m Xin cám ơn.",tromoi.com
https://tromoi.com/phong-tro/room-duplex-cua-so-lon-tang-tret-cach-dh-cn4-1km-moi-xay-new,"Nhà Trọ Số 136 Đường Nguyễn Thượng Hiền, Phường 1, Quận Gò Vấp, Hồ Chí Minh",4500000,26m²,"136 Nguyễn Thượng Hiền, 1, Gò Vấp, Hồ Chí Minh","CHO THUÊ PHÒNG – KHÔNG NỘI THẤT – QUẬN 3 ? Gần cây xăng Lê Văn Sỹ – Trần Quang Diệu ? Nhà chuyên cho thuê dạng không nội thất , phù hợp cho các bạn đã có sẵn đồ dùng sinh hoạt ? Giá phòng từ 3.5 triệu – 5 triệu/tháng ? Có nhiều loại phòng: – Phòng ban công – Phòng mini (phù hợp 1–2 người) – Phòng tiêu chuẩn (ở 2–4 người) ⚡ Điện nước tính theo giá khu vực ? Có nhà xe lớn , miễn phí gửi xe cho người ở ? Đáp ứng đầy đủ tiêu chí PCCC ? An ninh tốt , nằm trong hẻm văn hóa , yên tĩnh, lịch sự ? Liên hệ: Mr. Qui – 093 777 3138",tromoi.com
https://tromoi.com/phong-tro/nha-tro-tai-duong-huynh-van-nghe-phuong-12-quan-go-vap-ho-chi-minh,"Nhà Trọ Tại Đường Huỳnh Văn Nghệ, Phường 12, Quận Gò Vấp, Hồ Chí Minh",2300000,25m²,"Huỳnh Văn Nghệ, 12, Gò Vấp, Hồ Chí Minh","Phòng trọ thoáng mát, có gác, ban công rộng, lối đi riêng, giờ tự do, PCCC đầy đủ.",tromoi.com
https://tromoi.com/phong-tro/nha-tro-576-67-doan-van-bo-phuong-14-quan-4-thanh-pho-ho-chi-minh,"Nhà trọ 576/67 Đoàn Văn Bơ, Phường 14, Quận 4, Thành phố Hồ Chí Minh",6600000,30m²,"576/67 Đoàn Văn Bơ, Phường 14, Quận 4, Thành phố Hồ Chí Minh","CHO THUÊ PHÒNG ĐẸP - ĐẦY ĐỦ TIỆN NGHI - GIỜ GIẤC TỰ DO ? Vị trí: Hẻm 576 Đoàn Văn Bơ, KP6, Quận 4 – Gần trung tâm, dễ di chuyển sang Quận 1, 7 Giá: 6.600.000 VNĐ Tiện ích nổi bật: ✅ Phòng rộng rãi, sạch sẽ, có cửa sổ thoáng mát ✅ Trang bị sẵn: Máy lạnh, máy nước nóng, bếp điện, tủ đồ ✅ Wi-Fi mạnh, camera an ninh 24/7 ✅ Có chỗ để xe riêng, cầu thang thoát hiểm, hệ thống PCCC an toàn ✅ Tự do giờ giấc – không chung chủ ✅ Khu dân cư yên tĩnh, an ninh cao Phù hợp với: Người đi làm, sinh viên, cặp đôi hoặc gia đình nhỏ Liên hệ ngay: 0398903874 (Sang) Ưu tiên người thiện chí – đến xem là ưng liền!",tromoi.com
https://tromoi.com/phong-tro/nha-moi-kdc-kim-son-ke-tdtu-lotte-mart-quan-7,"Nhà Trọ Số 5, Tân Phong, Quận 7, Hồ Chí Minh",7300000,35m²,"Số 5, Tân Phong, Quận 7, Hồ Chí Minh","?STU GIƯỜNG TẦNG - 30M2 - MÁY GIẶT RIÊNG - GẦN UFM - SC VIVO - TDTU - LOTTE? ✅ Tiện ích: - Máy giặt - Đầy đủ nội thất - Bảo vệ a.n n.inh 24/7 bảo đảm an toàn cho bạn - Quản lý chuyên nghiệp luôn sẵn sàng hỗ trợ bạn bất kỳ lúc nào - Camera xuyên suốt - Tự do, không chung chủ - Toà thang máy, hầm xe, có chỗ đậu ô tô ________________________________ ?Call me: 0398.864.265 để được tư vấn miễn phí ❤️ -----THANKS FOR READING------ #PhòngTrọQuận7 #CănHộQuận7 #ThuêPhòngQuận7 #PhòngTrọQuận8 #CănHộQuận8 #PhòngTrọTrungSơn #CănHộTrungSơn #PhòngTrọNhàBè #CănHộNhàBè #PhòngTrọQuận4 #CănHộQuận4 #ThuêPhòngQuận4 #ChoThuêGầnRMT #GầnLotteQuận7 #PhòngTrọGiáRẻ #CănHộMini #CănHộDịchVụ #CănHộFullNộiThất #PhòngTrọMáyLạnh #PhòngTrọBanCông #CănHộBanCông #CănHộCóMáyGiặt #CănHộStudio #CănHộ1PN #CănHộ2PN #CănHộDuplex #PhòngĐẹpGiáTốt #ChỉCầnXáchValiVàoỞ",tromoi.com
https://tromoi.com/phong-tro/nha-tro-duong-luong-the-vinh-tan-thoi-hoa-tan-phu-thanh-pho-ho-chi-minh,"Nhà trọ đường Lương Thế Vinh, Tân Thới Hòa, Tân Phú, Thành phố Hồ Chí Minh",2800000,122m²,"Lương Thế Vinh, Tân Thới Hòa, Tân Phú, Thành phố Hồ Chí Minh","Cách đầm sen chỉ 500m, ra vào vân tay Phòng nhỏ xinh, có sẵn đệm ngủ, kệ bếp, bệ rửa chén trong phòng CÓ SẴN MÁY LẠNH (+200K/tháng) Nhà vệ sinh bên ngoài phòng, sạch sẽ, dùng chung với 1 phòng đối diện (đối diện là 1 bạn nam ở một mình) CÓ MÁY GIẶT DÙNG CHUNG Có sân thượng rộng rãi để phơi quần áo và hóng mát Điện 3k7/số Nước 100k/người Phòng này mình đang ở, phòng như hình 100%, mình về quê nên cần pass, có thể dọn vào ngay. Liên hệ Zalo: Nhã - 0387105651",tromoi.com
https://tromoi.com/phong-tro/nha-tro-nu-62-8-nguyen-tu-gian-phuong-12-quan-go-vap-thanh-pho-ho-chi-minh,"Nhà trọ nữ 62/8 Nguyễn Tư Giản, Phường 12, Quận Gò Vấp, Thành phố Hồ Chí Minh",2200000,24m²,"62/8 Nguyễn Tư Giản, Phường 12, Quận Gò Vấp, Thành phố Hồ Chí Minh","Cho Nữ thuê phòng đường phan huy ích P12 GÒ VẤP ( gần nhà sách PHI), nằm ở giữa đường phan huy ích, có thể ra Trường Chinh hay Quang Trung đều tiện. Thích hợp nhân viên văn phòng hay sinh viên thuê - Phòng rất mới, rộng sạch đẹp như hình, có toilet trong phòng, có chổ để xe riêng, - Diện tích từ: 24m2 - 25m2. + Giá: 2,2 tr/phòng/tháng. Điện 3k/kw Nước 100k - Giờ giấc tự do, không tính phí xe, cho nấu ăn, miễn phí wifi mạnh, sân thượng phơi đồ rộng, chỗ đậu xe an toàn có gắn camera chống trộm, khu vực an ninh yên tĩnh, sạch sẽ, gần chợ, trung tâm.... gọi ngay 0909599490 găp Khuyên chủ nhà nhé",tromoi.com
https://tromoi.com/phong-tro/nha-tro-ngay-cho-pham-van-hai-phuong-1-tan-binh-thanh-pho-ho-chi-minh,"Nhà trọ ngay chợ Phạm Văn Hai, Phường 1, Tân Bình, Thành phố Hồ Chí Minh",1800000,15m²,"Phạm Văn Hai, Phường 1, Tân Bình, Thành phố Hồ Chí Minh","PHÒNG TRỌ GIÁ TỐT – NGAY CHỢ PHẠM VĂN HAI – TÂN BÌNH Giá thuê: Chỉ từ 1tr8 – 3tr/tháng Vị trí: Gần chợ Phạm Văn Hai , Tân Bình – khu trung tâm, đi đâu cũng tiện! Tiện ích miễn phí: Xe miễn phí Rác miễn phí Wifi miễn phí Phòng sạch sẽ, thoáng mát, an ninh đảm bảo Phù hợp sinh viên, người đi làm Liên hệ chính chủ: Mai Sang – 0937 727 923",tromoi.com
https://tromoi.com/phong-tro/nha-tro-tai-phan-tay-ho-phuong-7-quan-phu-nhuan-ho-chi-minh,"Nhà Trọ Tại Phan Tây Hồ, Phường 7, Quận Phú Nhuận, Hồ Chí Minh",5700000,25m²,"Phan Tây Hồ, 7, Phú Nhuận, Hồ Chí Minh","Phòng Trọ HXH Phan Tây Hồ – Phú Nhuận (Trống Sẵn) Vị trí cực kỳ thuận tiện: Ngay trung tâm Phan Xích Long, Quận Phú Nhuận Hẻm xe hơi, khu vực an ninh, dân trí cao Tiện nghi đầy đủ – Chỉ việc xách vali vào ở Phòng đã dọn sạch sẽ, rộng rãi, thoáng mát Có thang máy Trang bị sẵn: Bếp Tủ lạnh Tivi Máy lạnh Cửa vân tay hiện đại, giờ giấc tự do, không chung chủ Giá thuê : 5.700.000 VNĐ/tháng Liên hệ: Lâm Vân – 0767 898 341",tromoi.com
https://tromoi.com/phong-tro/nha-tro-duong-pham-van-chieu-phuong-14-go-vap-ho-chi-minh,"Nhà Trọ Đường Phạm Văn Chiêu, Phường 14, Gò Vấp, Hồ Chí Minh",3800000,30m²,"Phạm Văn chiêu, 14, Gò Vấp, Hồ Chí Minh","CHO THUÊ PHÒNG TRỌ – GIÁ RẺ – TIỆN NGHI – ĐƯỜNG PHẠM VĂN CHIÊU, P.14, GÒ VẤP Địa chỉ : Đường Phạm Văn Chiêu, Phường 14, Gò Vấp, TP. HCM Loại phòng : Phòng trọ khép kín, sạch đẹp, thoáng mát Giá thuê : 3.800.000/Tháng Tiện nghi nổi bật : Nhà trọ mới/sạch sẽ, có toilet riêng , gác lửng , bếp nấu ăn Wifi miễn phí hoặc tốc độ cao , camera an ninh 24/7 Chỗ để xe rộng rãi – an toàn – miễn phí hoặc phí thấp Giờ giấc tự do , không chung chủ Điện nước riêng , công tơ riêng minh bạch Khu vực an ninh , dân cư thân thiện Vị trí thuận tiện : Gần chợ Thạch Đà, siêu thị, Bách Hóa Xanh, Coopmart Gần các tuyến đường lớn: Quang Trung, Lê Văn Thọ, Nguyễn Văn Khối Thuận tiện di chuyển sang Quận 12, Tân Bình, Phú Nhuận Phù hợp cho: Sinh viên, nhân viên văn phòng, vợ chồng trẻ Người đi làm cần ở lâu dài – ổn định Liên hệ chính chủ : 0896670663 Triệu Vỹ Call/Zalo để xem phòng trực tiếp – Không qua môi giới",tromoi.com
https://tromoi.com/phong-tro/nha-tro-497-6c-su-van-hanh-quan-10-ho-chi-minh,"Nhà Trọ 497/6C Sư Vạn Hạnh, Quận 10, Hồ Chí Minh",4000000,25m²,"497/6C Sư Vạn Hạnh, Quận 10, Hồ Chí Minh","CHÍNH CHỦ CHO THUÊ NHÀ TRỌ TẠI SƯ VẠN HẠNH, QUẬN 10 -Địa chỉ : 497/6C Sư Vạn Hạnh, Quận 10, Hồ Chí Minh -Nằm sau lưng trường Đại Học Y Dược Phạm Ngọc Thạch -Khách đi bộ đi học cũng được, Hẻm xe hơi chở tận nhà, 3 bước ra sư vạn hạnh +Phòng 102 giá 5tr : Full nội thất, 25m2 +Phòng 301 giá 5tr : Full nội thất, có gác cửa sổ lớn +Phòng 302 giá 4tr : Full nội thất, có gác -Ra vào bằng khoá cổng Vân tay, không chung chủ, giờ giấc tự do 24/7 -Full nội thất , Khu vực để xe, Khu Giặt Sấy Áo Quần +Điện : 3,7k/kw +Nước : 100k/1Người +Phí Dịch Vụ : 150k( Wifi,Rác, Dịch vụ dọn dẹp khu vực chung, máy giặt sấy) +Xe : 100k/xe Liên hệ xem phòng : 0942883133 - 0349644833 (Anh Hùng)",tromoi.com
https://tromoi.com/phong-tro/nha-tro-so-9a-binh-hung-binh-chanh-ho-chi-minh,"Nhà Trọ Số 9A, Bình Hưng, Bình Chánh, Hồ Chí Minh",3800000,30m²,"9A, Bình Hưng, Bình Chánh, Hồ Chí Minh","CHO THUÊ NHÀ TRỌ – GIÁ RẺ, AN NINH, GẦN TRUNG TÂM – SỐ 9A, BÌNH HƯNG, BÌNH CHÁNH Địa chỉ : Số 9A, Ấp 2, Xã Bình Hưng, Huyện Bình Chánh, TP. Hồ Chí Minh Loại phòng : Nhà trọ riêng biệt, sạch sẽ, thoáng mát Giá thuê : Từ 3 .800.000 – 4.800.000 VNĐ/tháng (tùy diện tích và vị trí phòng) Tiện ích: Nhà trọ mới xây/sạch sẽ, có gác lửng, toilet riêng trong phòng Có chỗ để xe rộng rãi, an toàn Khu vực yên tĩnh, an ninh tốt (gần công an xã) Giờ giấc tự do, không chung chủ Gần chợ, siêu thị, trạm xe buýt, thuận tiện đi Quận 5, Quận 8, Quận 1 Điện nước riêng, tính theo giá nhà nước hoặc theo đồng hồ riêng Phù hợp cho: Sinh viên, nhân viên văn phòng, vợ chồng trẻ Người đi làm cần chỗ ở ổn định, lâu dài Liên hệ xem phòng : 0844645724 Chị Thúy Gọi/Zalo để hẹn trước – miễn trung gian, môi giới",tromoi.com
https://tromoi.com/phong-tro/ky-tuc-xa-so-82-duong-17-an-phu-quan-2-thanh-pho-ho-chi-minh,"Ký túc xá số 82 đường 17, An Phú, Quận 2, Thành phố Hồ Chí Minh",1500000,20m²,"82 đường 17, An Phú, Quận 2, Thành phố Hồ Chí Minh","CHO THUÊ PHÒNG TRỌ - AN PHÚ, QUẬN 2 – GẦN NGAY NGÃ TƯ AN PHÚ Địa chỉ: CS5 – 82 Đường 17, Phường An Phú, Quận 2 (TP. Thủ Đức) Phòng đẹp – Sạch sẽ – Khu dân cư an ninh – Gần trung tâm Tiện ích nổi bật: Phòng mới, sạch sẽ, thoáng mát – có cửa sổ lớn đón ánh sáng tự nhiên Có máy lạnh, quạt trần, WC riêng từng phòng Chỗ để xe rộng rãi, ra vào có camera an ninh 24/7 Wifi mạnh, giờ giấc tự do Có sân phơi đồ, khu nấu ăn riêng ‍️ Vị trí thuận tiện: Cách Nguyễn Hoàng 1 phút, ra Xa lộ Hà Nội chỉ 3 phút Gần siêu thị Mega Market, Vincom Thảo Điền, chợ An Phú Khu dân cư an ninh, yên tĩnh, gần các trường học & văn phòng công ty Ưu tiên người thuê lâu dài, sinh viên – người đi làm lịch sự. Inbox hoặc gọi ngay để giữ phòng đẹp – Số lượng có hạn!",tromoi.com
https://tromoi.com/phong-tro/phong-rong-ke-lotte-quan-7-gia-tot-nha-dep,"Nhà Trọ Số 9, Bình Hưng, Bình Chánh, Hồ Chí Minh",6900000,35m²,"9, Bình Hưng, Bình Chánh, Hồ Chí Minh","Phòng ngay Khu dân cư Trung Sơn, đi Quận 7, Quận 8 chỉ trong 1 nốt nhạc Liên hệ: 0398 864 265 để được hỗ trợ từ A-Z",tromoi.com
https://tromoi.com/phong-tro/phong-full-noi-that-may-giat-rieng-toa-thang-may-xin-xo,"Nhà Trọ Đường Nguyễn Thị Thập, Bình Thuận, Quận 7, Hồ Chí Minh",5600000,40m²,"Nguyễn Thị Thập, Bình Thuận, Quận 7, Hồ Chí Minh","PHÒNG FULL NỘI THẤT, MÁY GIẶT RIÊNG, TOÀ THANG MÁY XỊN XÒ Nguyễn Thị Thập, P.Bình Thuận , Quận 7 Duplex trong toà nhà bảo vệ 24/7, n.uôi p.et được, nước tính theo khối, sạch sẽ, đường lớn ô tô ra vô đậu được Liên hệ: 0398 864 265 để được hỗ trợ từ A-Z",tromoi.com
https://tromoi.com/phong-tro/nha-tro-145-8-tran-ba-giao-phuong-5-go-vap-ho-chi-minh,"Nhà Trọ 145/8 Trần Bá Giao, Phường 5, Gò Vấp, Hồ Chí Minh",3500000,25m²,"145/8 Trần Bá Giao, Phường 5, Gò Vấp, Hồ Chí Minh","CHÍNH CHỦ CHO THUÊ PHÒNG TRỌ TẠI GÒ VẤP Địa chỉ : 145/8 Trần Bá Giao, Phường 5, Gò Vấp, Hồ Chí Minh Hiện Trống 3 phòng -Phòng 3tr5 trống 2 phòng: Máy lạnh, quạt tường, kệ rửa tay, vệ sinh riêng -Phòng 3tr6 trống 1 phòng: Máy lạnh, quạt tường, kệ rửa tay, vệ sinh riêng, ban công -Điện 4k, Nước 100k, Xe 100k, Dịch vụ 150k -Mỗi tầng đều có máy giặt chung, có sân phơi đồ, có bãi xe riêng -Gần trường ĐH Công Nghiệp TPhcm, ĐH mở TPHCM, ĐH Tài chính marketing, các cửa hàng tiện lợi, trung tâm mua sắm -Thuận tiện di chuyên qua Tân bình, bình thạnh, quận 12 Liên hệ xem phòng : 0943866691 Chị Oanh",tromoi.com
https://tromoi.com/phong-tro/nha-tro-nu-duong-nguyen-trai-nguyen-cu-trinh-quan-1-ho-chi-minh,"Nhà Trọ Nữ Đường Nguyễn Trãi, Nguyễn Cư Trinh, Quận 1, Hồ Chí Minh",3500000,20m²,"Nguyễn Trãi, Nguyễn Cư Trinh, Quận 1, Hồ Chí Minh","Phòng đẹp ngay trung tâm, hẻm yên tĩnh, an ninh, gần chợ, siêu thị, rạp chiếu phim, nhiều tiện ích xung quanh... Phòng có tủ âm tường, cửa sổ, toilet riêng Chỗ để xe hơi chật nên ưu tiên người không có xe hoặc có thể gửi xe ở ngoài gần đó Cho nữ hay NVVP thuê Xin gọi hỏi thêm thông tin tránh giờ từ 12h-2h trưa. Xin cám ơn đã đọc tin!",tromoi.com
https://tromoi.com/phong-tro/nha-tro-60-tran-van-ky-phuong-14-binh-thanh-ho-chi-minh,"Nhà trọ 60 Trần Văn Kỷ, Phường 14, Bình Thạnh. Hồ Chí Minh",5500000,650m²,"60 Trần Văn Kỷ, Phường 14, Bình Thạnh. Hồ Chí Minh","CHO THUÊ PHÒNG TRỌ – 60 TRẦN VĂN KỶ, PHƯỜNG 14, QUẬN BÌNH THẠNH Địa chỉ: Số 60 Trần Văn Kỷ, P.14, Q. Bình Thạnh, TP.HCM Loại phòng: Phòng trọ sạch sẽ, riêng tư, đầy đủ tiện nghi Giá thuê: 5.500.000/Tháng Tình trạng: Còn phòng / Sẵn sàng dọn vào ở ngay Tiện ích nổi bật: Có máy lạnh, máy nước nóng, toilet riêng, bếp nấu ăn , wifi tốc độ cao Giờ giấc tự do, không chung chủ Khu vực an ninh, yên tĩnh, hàng xóm thân thiện Gần chợ, siêu thị, trường học, bến xe, tiện di chuyển vào trung tâm Liên hệ xem phòng: 0938949404 Chị Phượng Hợp Đồng 1 Năm, Cọc 1 Tháng Ưu tiên người ở lâu dài, gọn gàng, có ý thức giữ gìn vệ sinh chung",tromoi.com
https://tromoi.com/phong-tro/nha-tro-25-su-van-hanh-phuong-9-quan-5-thanh-pho-ho-chi-minh,"Nhà trọ 25 Sư Vạn Hạnh, Phường 9, Quận 5, Thành phố Hồ Chí Minh",2500000,12m²,"25 Sư Vạn Hạnh, Phường 9, Quận 5, Thành phố Hồ Chí Minh","PHÒNG TRỌ LẦU 3, 25 SƯ VẠN HẠNH, PHƯỜNG 9, QUẬN 5 • Phòng cho thuê 12m2 • Điện 3.500/KWh (đồng hồ riêng) • Nước: 100.000đ/người/tháng • Có 2 quạt (1 quạt treo tường, 1 quạt điều hoà) • Có nhà vệ sinh riêng, mỗi phòng 1 toilet • Không chung chủ, không giới hạn giờ ra vào 24/24 • Có wifi miễn phí • Có máy giặt, máy sấy dùng miễn phí, chỉ tính phí điện • Gần chợ An Đông, siêu thị Coopmart, B.mart, FamilyMart , Bệnh viện 30/4, Công viên Hoà Bình, cách Hùng Vương Plaza, Bệnh viện Đại học Y dược TPHCM...... • Gần các trường đại học: ĐH Kinh tế, ĐH Sư phạm, ĐH Sài Gòn… -- Liên hệ: Trang (0822364477) Sơn (0707645391)",tromoi.com
https://tromoi.com/phong-tro/nha-tro-duong-kieu-dam-tan-thuan-tay-quan-7-ho-chi-minh,"Nhà Trọ Đường Kiều Đàm, Tân Thuận Tây, Quận 7, Hồ Chí Minh",5300000,30m²,"Kiều Đàm, Tân Thuận Tây, Quận 7, Hồ Chí Minh","CHO THUÊ PHÒNG TRỌ - ĐƯỜNG KIỀU ĐÀM, TÂN THUẬN TÂY, QUẬN 7 Địa chỉ: Nhà trọ tại Đường Kiều Đàm, Phường Tân Thuận Tây, Quận 7, TP.HCM Loại phòng: Phòng trọ khép kín, sạch sẽ, an ninh Diện tích: 35m2 Giá thuê: 5tr3/Tháng Thời gian vào ở: Nhận phòng ngay Tiện ích nổi bật: Cho nuôi Pet, Toilet riêng trong phòng Có cửa sổ thoáng mát, đón ánh sáng tự nhiên Có máy lạnh/quạt, wifi miễn phí Chỗ để xe rộng rãi, có camera an ninh Giờ giấc tự do – không chung chủ Điện – nước giá dân Vị trí đắc địa: Gần Lotte Mart Quận 7, khu chế xuất Tân Thuận Cách Quận 4, Quận 1 chỉ 10 phút chạy xe Gần trường học, chợ, siêu thị, thuận tiện sinh hoạt và đi lại Khu dân cư yên tĩnh, dân trí cao, an ninh tốt Liên hệ xem phòng: 0398864265 Ưu tiên người đi làm, sinh viên – thuê ở lâu dài Không môi giới – miễn tiếp trung gian",tromoi.com
https://tromoi.com/phong-tro/nha-tro-duong-au-duong-lan-phuong-3-quan-8-ho-chi-minh,"Nhà Trọ Đường Âu Dương Lân, Phường 3, Quận 8, Hồ Chí Minh",5000000,35m²,"Âu Dương Lân, 3, Quận 8, Hồ Chí Minh","CHO THUÊ NHÀ TRỌ - ĐƯỜNG ÂU DƯƠNG LÂN, PHƯỜNG 3, QUẬN 8, TP.HCM Địa chỉ: Đường Âu Dương Lân, Phường 3, Quận 8, TP.HCM Loại phòng: Phòng trọ riêng biệt, sạch sẽ, thoáng mát Diện tích: 35m2 Giá thuê: Từ 5tr3 Thời gian vào ở: Có thể dọn vào ở ngay Tiện ích phòng: Có toilet riêng trong phòng Có cửa sổ, thông thoáng, ánh sáng tự nhiên Wifi tốc độ cao, cáp quang đầy đủ Đồng hồ điện – nước riêng, tính theo giá nhà nước Ra vào tự do, không chung chủ Bãi giữ xe an toàn, có mái che Vị trí thuận tiện: Gần chợ Rạch Ông, siêu thị, trường học, bệnh viện Cách cầu Nguyễn Văn Cừ chỉ vài phút Di chuyển dễ dàng sang Quận 1, Quận 5, Quận 7 Khu dân cư yên tĩnh, an ninh cao Liên hệ: 0398864265 Gọi/Zalo để xem phòng trực tiếp – ưu tiên người thiện chí thuê lâu dài",tromoi.com
https://tromoi.com/phong-tro/nha-tro-duong-so-4-truong-tho-thu-duc-thanh-pho-ho-chi-minh,"Nhà Trọ 29/58/9 Đường số 4, Trường Thọ, Thủ Đức, Thành phố Hồ Chí Minh",2800000,20m²,"29/58/9 Đường số 4, Trường Thọ, Thủ Đức, Thành phố Hồ Chí Minh","NHÀ TRỌ VĂN MINH – NGAY NGÃ TƯ BÌNH THÁI * Địa chỉ : 29/58/9 đường số 4, khu phố 16, P. Trường Thọ, Quận Thủ Đức * Vị trí : thuận tiện, gần khu làng đại học, siêu thị, trung tâm mua sắm, tuyến xe buýt Metro, khu vực an ninh, giao thông thuận lợi để đi lại các quận trung tâm rất tiện lợi cho sinh viên, công nhân, nhân viên văn phòng, gia đình…… * Giá thuê : từ 2,5 triệu đến 3,2 triệu. Đặt cọc 1 tháng (hoàn trả 100% khi kết thúc HĐ) * Diện tích : 20 m2 -> 30m2 * Tiện ích : - Có nơi để xe riêng, thoáng mát, rộng rãi, khu vực an ninh, không tệ nạn xã hội; * Vị trí : thuận tiện, gần khu làng đại học, siêu thị, trung tâm mua sắm, tuyến xe buýt Metro, khu vực an ninh, giao thông thuận lợi để đi lại các quận trung tâm rất tiện lợi cho sinh viên, công nhân, nhân viên văn phòng, gia đình…… - Toàn bộ phòng, hành lang, bếp được ốp gạch men nên rất sạch sẽ, bếp nấu xây kiên cố, có tủ bếp; - Có trang bị sẵn đường dây lắp máy lạnh, máy nước nóng, máy giặt, cáp TV; - Phòng trang bị đèn Led, giúp bạn tiết kiệm điện tối đa; - Có sân thượng để sinh hoạt, tiệc tùng với bạn bè, người thân thoải mái; - Có Wifi, truyền hình cáp (miễn phí); - Có đồng hồ điện riêng (điện:3.500đ/kwh), đồng hồ nước riêng (nuớc:13.000đ/m3); - Có bảo vệ và camera quan sát quanh nhà 24/24, đảm bảo tài sản của bạn tuyệt đối; - Không chung chủ, có người lau dọn VS lối đi, cầu thang mỗi ngày; • ưu tiên người ở ổn định, lâu dài và có tinh thần xây dựng một khu trọ văn hóa để tạo môi trường sinh sống lành mạnh * Giờ mở cửa: sáng 6h ; giờ đóng cửa: 24h * Liên hệ ĐT và Zalo : 0 773978793 (A. cường) - C.Thảo 0329692957",tromoi.com
https://tromoi.com/phong-tro/nha-tro-181-75-duong-au-duong-lan-phuong-2-quan-8-thanh-pho-ho-chi-minh,"Nhà trọ 181/75 đường Âu Dương Lân, Phường 2, Quận 8, Thành phố Hồ Chí Minh",3700000,20m²,"181/75 Âu Dương Lân, Phường 2, Quận 8, Thành phố Hồ Chí Minh","Phòng mới, sạch đẹp đầy đủ tiện nghi. Có toilet riêng trong phòng. Máy lạnh, tủ lạnh, tủ áo, nệm, tivi. TH cáp, wifi, nước nóng năng lượng mặt trời. Có máy giặt, phơi đồ sân thượng thoáng sạch. Không chung chủ, hẻm rộng xe hơi vào được. Đồng hồ điện nước riêng. Đ/C: 181/75 Âu Dương Lân, P.2, Q.8, TP.HCM (hẻm lớn, thông 2 đầu, taxi vô được) Liên hệ: A. Trình",tromoi.com
https://tromoi.com/phong-tro/nha-tro-14-duong-so-39-khu-dan-cu-van-phuc-hiep-binh-phuoc-thu-duc-ho-chi-minh,"Nhà trọ 14 Đường Số 39, Khu dân cư Vạn Phúc, Hiệp Bình Phước, Thủ Đức, Hồ Chí Minh",2700000,22m²,"14 Đường Số 39, Khu dân cư Vạn Phúc, Hiệp Bình Phước, Thủ Đức, Hồ Chí Minh","Cho thuê phòng trọ tại số 14 Đường 39, KDC Vạn Phúc - Ưu tiên nữ! Liên hệ call/zalo: 0564068290 Anh Mạnh Phòng đầy đủ tiện nghi, giá cả hợp lý, vị trí đắc địa: - Chỉ dành cho Nữ - Gần chợ và siêu thị tiện lợi - Nằm trong khu đô thị cao cấp tại Thủ Đức - Có phố đi bộ, bờ sông thơ mộng - Khu dân cư sang trọng, an ninh đảm bảo Tiện nghi: - Giường tầng - Nhà vệ sinh riêng - Bếp nấu ăn - Máy lạnh - Máy quạt - Tủ lạnh - Bàn học - Máy giặt chung - Sân phơi trong nhà và ngoài trời - Chỗ để xe thuận tiện Giá: 2tr7-4tr5/tháng Điện giá 4.000đ/kWh Nước 100.000đ/1tháng/1 người",tromoi.com
https://tromoi.com/phong-tro/nha-tro-nguyen-thi-thap-tan-quy-quan-7-thanh-pho-ho-chi-minh,"Nhà Trọ Nguyễn Thị Thập, Tân Quy, Quận 7, Thành Phố Hồ Chí Minh",5000000,40m²,"Nguyễn Thị Thập, Tân Quy, Quận 7, Hồ Chí Minh","Cho Thuê Phòng Gác Cao Cửa Sổ Thoáng Đầy Đủ Nội Thất Gần Lotte Quận 7 Gần Cầu Kênh Tẻ, Gần Lotte Mart, Gần ĐH Tôn Đức Thắng, Tài Chính - Marketing... Thuận tiện di chuyển sang khu vực Quận 4, Quận 8, Quận 1,... Đầy đủ nội thất mới như hình, tiện nghi Giờ giấc tự do, không chung chủ Hầm xe rộng, 2 thang máy hiện đại, bảo vệ 24/7.",tromoi.com
https://tromoi.com/phong-tro/nha-tro-so-976-duong-vo-van-kiet-phuong-6-quan-5-tp-hcm,"Nhà trọ Số 976 Đường Võ Văn Kiệt, Phường 6, Quận 5, Tp.HCM",5000000,28m²,"Số 976 Đường Võ Văn Kiệt, Phường 6, Quận 5, Tp.HCM","Ưu Điểm : - Trang bị hệ thống báo cháy nhiệt (chỉ cần nhiệt độ nóng hơn 45 độ sẽ có còi hú báo động), có thoát hiểm thang dây. - Ngay trung tâm Quận 5, gần công viên để tập thể dục. Gần bv Chợ Rẫy, Bv Đại học y dược, Bv nhiệt đới, Chợ Lớn, Đại học kinh tế. Thuận tiện di chuyển các quận 1, quận 7, quận 8,... - Bảo vệ 24/24 hỗ trợ sắp xếp xe, dẫn xe. - Mở khóa bằng vân tay, giờ giấc tự do,có thang máy. - WC riêng, máy lạnh, gác lửng, kệ bếp, bàn ăn, tủ áo quần, wifi, tủ lạnh, máy giặt riêng mỗi phòng,... - Nếu khách ký hợp đồng 1 năm thì được miễn phí dịch vụ 3 tháng. - Chi phí khác: + Điện 3.500/ kW và nước 100k/ người. + Xe máy 100k/ chiếc + Phí dịch vụ 250k / phòng gồm : ^ wifi 100k ^ thang máy 100k và rác ^ và vệ sinh hành lang là 50k LH/zalo: Tú 0938446486",tromoi.com
https://tromoi.com/phong-tro/ky-tuc-xa-tai-382-4-duong-tan-ky-tan-quy-phuong-son-ky-quan-tan-phu-ho-chi-minh,"Ký Túc Xá Tại 382/4 Đường Tân Kỳ Tân Quý, Phường Sơn Kỳ, Quận Tân Phú, Hồ Chí Minh",1600000,20m²,"Tân Kỳ Tân Quý, Sơn Kỳ, Tân Phú, Hồ Chí Minh","KÝ TÚC XÁ CHO SINH VIÊN TẠI 382/4 TÂN KỲ TÂN QUÝ, P. SƠN KỲ, Q. TÂN PHÚ, TP.HCM Vị trí đắc địa – Tiện nghi đầy đủ – Giá hợp lý VỊ TRÍ THUẬN LỢI Ký túc xá nằm tại địa chỉ: 382/4 Đường Tân Kỳ Tân Quý, Phường Sơn Kỳ, Quận Tân Phú, TP.HCM Gần các quận trung tâm: Tân Bình, Bình Tân Khu vực an ninh, gần siêu thị, trung tâm thương mại, chợ, ngân hàng, trường học SỐ CHỖ TRỐNG HIỆN TẠI Nam: 4 slot: 1.600.000đ/tháng 1 slot: 1.750.000đ/tháng 3 slot: 1.650.000đ/tháng Nữ: 3 slot: 1.750.000đ/tháng 2 slot: 1.850.000đ/tháng Giá đã bao gồm tiện ích, sinh hoạt đầy đủ – chỉ cần xách vali vào ở TIỆN ÍCH NỔI BẬT Khu vực để xe: Bãi giữ xe rộng, sức chứa lớn Có toilet riêng tại khu để xe An ninh & an toàn: Khóa cửa vân tay hiện đại Hệ thống PCCC đầy đủ, có bình chữa cháy và lối thoát hiểm Vệ sinh định kỳ, đảm bảo sạch sẽ Khu bếp dùng chung: Trang bị đầy đủ: nồi cơm điện, bếp điện, lò nướng, ấm đun, tủ lạnh, tủ đông Kệ bếp, bàn ăn lớn, bồn rửa, máy lọc nước Có sẵn gia vị nấu ăn, nước rửa chén Máy giặt phục vụ sinh hoạt Phòng ở & tiện nghi cá nhân: Mỗi slot gồm: nệm, gối, cửa sổ thoáng, máy lạnh 24/7 Bàn sinh hoạt riêng, rèm che tạo không gian riêng tư Tủ đựng đồ cá nhân, cầu thang dễ di chuyển Khu vệ sinh: Toilet sạch sẽ, có bồn rửa tay, gương soi Được vệ sinh thường xuyên Sân thượng thư giãn: Có bàn ghế đá, không gian thoáng mát Khu phơi đồ riêng, thuận tiện ĐỊA ĐIỂM GẦN KÝ TÚC XÁ Chợ Sơn Kỳ: 700m ĐH Công Thương: 950m ĐH Công nghiệp Thực phẩm TP.HCM (HUFI): 1.5km Siêu Thị Điện Máy – Nội Thất Chợ Lớn: 1km AEON Mall Tân Phú Celadon: 2km Co.opmart Thắng Lợi: 2.5km Ngân hàng Vietcombank – PGD Tân Phú: gần kề LIÊN HỆ NGAY ĐỂ GIỮ CHỖ – SỐ LƯỢNG CÓ HẠN Vui lòng inbox hoặc gọi số điện thoại: 0967397739",tromoi.com
https://tromoi.com/phong-tro/ky-tuc-xa-tai-73-son-ky-phuong-son-ky-quan-tan-phu-ho-chi-minh,"Ký Túc Xá tại 73 Sơn Kỳ, Phường Sơn Kỳ, Quận Tân Phú, Hồ Chí Minh",1550000,20m²,"Sơn Kỳ, Sơn Kỳ, Tân Phú, Hồ Chí Minh","KÝ TÚC XÁ 73 SƠN KỲ, TÂN PHÚ – TIỆN NGHI, AN TOÀN, SẠCH SẼ CÒN TRỐNG: 1 slot NAM : 1.550.000đ/tháng 2 slot NỮ : 1.550.000đ/tháng 7 slot NỮ : 1.750.000đ/tháng Giá đã bao gồm tất cả! Chỉ cần xách vali vào ở , không phát sinh chi phí. Nếu vượt điện nước quy định mới phụ thu (thường <100k/tháng , rất hiếm khi có). TIỆN ÍCH ĐẦY ĐỦ – Ở LÀ THÍCH NGAY Bãi xe rộng rãi, cổng khóa vân tay Nhà xe có toilet, bồn rửa tay – tiện lợi Khu bếp riêng biệt, rộng rãi Có đầy đủ: bếp điện, nồi cơm điện, tủ lạnh, nước rửa chén, gia vị, dụng cụ nấu ăn, bàn ghế ăn, bồn nước Máy giặt – máy sấy – sào phơi đồ Phòng ở tiện nghi Mỗi chỗ có nệm, gối , rèm che riêng tư , máy lạnh , bàn ghế sinh hoạt , tủ đựng đồ cá nhân VỊ TRÍ ĐẮC ĐỊA – GIAO THÔNG THUẬN TIỆN Nằm trên đường Sơn Kỳ , kết nối nhanh với: Quốc lộ 1A – Trường Chinh – Lũy Bán Bích Dễ dàng đi các quận: Tân Bình – Gò Vấp – Bình Tân GẦN CÁC ĐỊA ĐIỂM LỚN: AEON Mall Tân Phú Celadon (1-2km) KCN Tân Bình Đại học Công Thương (250m) Học viện Hàng không , ĐH Văn Hiến , CĐ Y khoa Phạm Ngọc Thạch LIÊN HỆ NGAY ĐỂ GIỮ CHỖ – SỐ LƯỢNG CÓ HẠN. 0967397739 (Mr Thanh)",tromoi.com
https://tromoi.com/phong-tro/nha-tro-so-65a-duong-102-la-xuan-oai-tang-nhon-phu-a-quan-9-thanh-pho-ho-chi-minh,"Nhà trọ số 65a, đường 102, Lã Xuân Oai, Tăng Nhơn Phú A, Quận 9, Thành phố Hồ Chí Minh",3700000,28m²,"65a, đường 102, Lã Xuân Oai, Tăng Nhơn Phú A, Quận 9, Thành phố Hồ Chí Minh","Tiện nghi phòng hiện bao gồm: - Một căn bếp lớn kèm bồn rửa chén - Máy lạnh mới mua và gắn hồi tháng 2 nên dùng rất tiết kiệm - Nhà vệ sinh có đủ vòi sen và lavabo - Gác rộng và cao 1m75 có gắn chuông báo cháy loại tốt - Tường và cửa đều dày để có thể cách âm rất ổn ( mình đã chèn thêm ren cửa để chống ồn và bụi sẵn) - Đường đi vào rộng rãi nên có thể để xe thoải mái tự do Các chi phí cụ thể gồm: - Điện 3. 500 cho một kwh - Nước 20.000 cho một khối - Phí wifi và vệ sinh là 100K nha ( riêng phòng mình có pass wifi riêng để dùng không lag và nếu có vấn đề thì bạn có thể gọi nhân viên kỹ thuật mạng để hỗ trợ miễn phí luôn) - Chi phí dùng máy giặt thoải mái là 50K một người nếu bạn đăng kí nha, không thì thôi nè - Không có phí giữ xe - Cửa sổ lớn và có thể mở thoải mái do phòng mình ít ng qua lại Quản lí và an ninh: - Cửa chính lớn và khóa vân tay nha - Camera an ninh khắp cả tòa - Anh quản lí thật sự rất nhiệt tình và sẵn sàng hỗ trợ bạn giải quyết mọi vấn đề nha - Hệ thống điện và chữa cháy đầy đủ, có lối thoát hiểm khẩn cấp - Quan trọng là mọi người ở xung quanh là sinh viên và người làm văn phòng nên rất lịch sự và không ồn ào Tiền cọc là MỘT THÁNG TIỀN NHÀ và bạn sẽ qua gặp mình cùng anh quản lí để chuyển cọc và làm ngay hợp đồng thuê mới để đảm bảo nha. Hiện mình còn đi làm và có thể dẫn bạn xem phòng trong khung giờ từ 7h- 8h sáng và 19h đến 23h từ thứ 2 đến thứ 7 còn chủ nhật thì thoải mái nha. IB hoặc liên hệ 084.258.1159, nếu bạn cần thêm hình chi tiết mình có thể gửi thêm nha.",tromoi.com
https://tromoi.com/phong-tro/nha-tro-so-263-30-nguyen-trai-phuong-nguyen-cu-trinh-quan-1-thanh-pho-ho-chi-minh,"Nhà trọ số 263/30 Nguyễn Trãi, Phường Nguyễn Cư Trinh, Quận 1, Thành phố Hồ Chí Minh",2700000,16m²,"263/30 Nguyễn Trãi, Phường Nguyễn Cư Trinh, Quận 1, Thành phố Hồ Chí Minh","Phòng trọ giá rẻ Quận 1 giờ giấc tự do thuận tiện đi về Có máy lạnh inverter (tiết kiệm điện), tủ lạnh, nệm, bàn trang điểm lớn, bàn nhỏ, quạt máy Khu Dân cư An ninh, yên tĩnh Q1, thuận tiện cho người đi học đi làm Gần 2 cửa hàng tiện dụng 24h, gần chợ Gần rạp chiếu phim Cine Star Quốc Thanh, Gần tàu điện ngầm Metro Bến Thành Đi bộ khoãng 5 phút đến trung tâm tất cả các tuyến xe bus công viên 23/9 Thuận tiện đi về giữa các quận trong TPHCM rất gần Gần phố đi bộ Bùi viện ( phố Tây ) đi bộ 5p Gần bộ công an trên đường nguyễn Trãi 5p đi bộ Gần bệnh viện Từ Dũ 5p đi bộ Gần chợ Thái Bình và 3 siêu thị ( Siêu thị Hà nội, co.op max, co.op food) đi bộ 5p, Cách trường Cao thắng 7 Phút, Cách Trường Đại học Khoa học Tự nhiên - Đại học Quốc gia ( đường Nguyễn Văn Cừ Q1) 5 phút Cách trường ĐH Sư Phạm và ĐH Sài Gòn 7 phút Cách trường ĐH Mỡ Q3 khoảng 7 phút Cách trường ĐH Sân khấu điện ảnh Tphcm 5 phút đi bộ Cách trường CĐ Văn Hóa nghệ thuật (đường Nam Quốc Can) Tphcm 5 phút đi bộ Cách trường ĐH Văn Lang 7 Phút Trường đại học Khoa Học Tự Nhiên 7 Phút Gần chợ Bến Thành. 5p Wiffi free không tính thêm tiền!",tromoi.com
https://tromoi.com/phong-tro/tro-gan-gigamall-gan-truong-dai-hoc-luat-gan-cho-co-gac-lung,"Nhà Trọ Số 56/33, Đường 4 Khu phố 8, Phường Hiệp Bình Chánh, Thủ Đức, Hồ Chí Minh",2500000,21m²,"56/33, Đường 4 Khu phố 8, Hiệp Bình Chánh, Thủ Đức, Hồ Chí Minh","Vị trí : Trọ ngay cạnh Đại học Luật, gần Giga Mall, chợ, siêu thị, rất thuận tiện cho sinh viên và người đi làm. Giao thông : Gần trục đường Phạm Văn Đồng (PVĐ), dễ dàng di chuyển vào các khu vực trung tâm mà không lo kẹt xe. An ninh : Khu vực an ninh, đảm bảo sự an toàn cho cư dân. Tiện ích : Giờ giấc tự do, có đường riêng, thoải mái di chuyển và sinh hoạt. Giá thuê : Chỉ 2,5 triệu/tháng trong tháng 4 này. Giảm giá so với mức bình thường. Yêu cầu : Ưu tiên khách cam kết thuê từ 6 tháng trở lên. Hướng dẫn đường đi : Đi thẳng vào đường Chợ Bình Triệu. Quẹo phải ngay ngã tư. Tiếp tục đi thẳng đến cuối đường, sau đó quẹo trái. Chạy thẳng đến vòng cua, điểm đến sẽ nằm bên tay phải.",tromoi.com
https://tromoi.com/phong-tro/nha-tro-hem-60-duong-so-4-truong-tho-thu-duc-thanh-pho-ho-chi-minh,"Nhà trọ Hẻm 60 Đường số 4, Trường Thọ, Thủ Đức, Thành phố Hồ Chí Minh",4200000,30m²,"Hẻm 60 Đường số 4, Trường Thọ, Thủ Đức, Thành phố Hồ Chí Minh","PHÒNG ĐẸP TỰ DO GIỜ GIẤC – KHÔNG CHUNG CHỦ – FULL TIỆN NGHI – GIÁ CHỈ 4.2 TRIỆU Địa chỉ: Hẻm 60, Đường số 4, Phường Trường Thọ, Thủ Đức, TP.HCM Diện tích: 30m² – không gian rộng rãi, sạch sẽ Tiện nghi đầy đủ: – Tầng trệt, không gác , không chung chủ , giờ giấc tự do – Máy lạnh, máy giặt, nước nóng, kệ bếp – Cửa sổ lớn , phòng sáng sủa, thoáng mát – Có sân để xe, sân phơi đồ riêng biệt Giá thuê: 4.200.000đ/tháng Tặng ngay 500k hỗ trợ chuyển phòng Liên hệ anh Công – 0909690268 để xem phòng trực tiếp nhé!",tromoi.com
https://tromoi.com/phong-tro/cho-thue-phong-tro-nguyen-thi-tu-cho-binh-thanh,"Nhà Trọ Đường Bình Thành, Phường Bình Hưng Hòa B, Quận Bình Tân, Hồ Chí Minh",1400000,16m²,"Bình Thành, Binh Hưng Hoà B, Bình Tân, Hồ Chí Minh","? CHO THUÊ PHÒNG TRỌ THOÁNG MÁT – GIỜ GIẤC TỰ DO ? Khu vực: gần ngã tư Gò Mây, Nguyễn Thị Tú, KCN Vĩnh Lộc, chợ Bình Thành ✅ Tiện nghi đầy đủ: Phòng sạch sẽ, thoáng mát Toilet riêng trong phòng Có wifi, internet Lối đi riêng, giờ giấc tự do Khu an ninh, yên tĩnh , phù hợp người đi làm, sinh viên ? Giao thông thuận tiện, gần nhiều tiện ích xung quanh ? Liên hệ trực tiếp để xem phòng!",tromoi.com
https://tromoi.com/phong-tro/nha-tro-duong-hoang-xuan-nhi-phuong-phu-trung-quan-tan-phu-thanh-pho-ho-chi-minh,"Nhà trọ đường Hoàng Xuân Nhị, Phường Phú Trung, Quận Tân Phú, Thành phố Hồ Chí Minh",2500000,15m²,"Hoàng Xuân Nhị, Phường Phú Trung, Quận Tân Phú, Thành phố Hồ Chí Minh","Phòng 2.5tr có thể gắn máy lạnh duy nhất còn trống vừa xây song. (Ưu tiên 2 nữ thuê nhen) Địa chỉ: Hoàng Xuân Nhị, phường phú Trung, quận Tân Phú. - Phòng Gần Đầm Sen. Kênh Tân Hoá. Bệnh viện Tân Phú, trường Đại học Văn hiến, gần ngã tư âu cơ và lạc long quân, Gần Bách Hoá Xanh, gần chợ và trường học. Đặc biệt: - Phòng lầu 4, có thang máy, cho chổ để xe miễn phí, 1 phòng được để 1 xe, Có camera an ninh, cửa khoá thông minh, có sân phơi đồ. - Phòng rộng thoáng mát, có cửa sổ lớn, đón nắng gió tự nhiên. - Có GÁC LỬNG và Toilet riêng trong phòng - Có MÁY LẠNH - Có bếp nấu ăn - Có Wifi miễn phí Giờ giấc hạn chế trước 12pm. Ưu tiên chỉ cho nữ thuê thôi nhé. Liên hệ: Ms Linh 0987.518.447. Alo trực tiếp. Zalo: 0908204096",tromoi.com
https://tromoi.com/phong-tro/nha-tro-duong-cong-lo-phuong-15-quan-tan-binh-thanh-pho-ho-chi-minh,"Nhà trọ đường Cống Lở, Phường 15, Quận Tân Bình, Thành phố Hồ Chí Minh",2800000,30m²,"Cống Lở, Phường 15, Quận Tân Bình, Thành phố Hồ Chí Minh","Phòng trọ mới xây, giống hình 100% Trung tâm p15 kế EMATR Phan Huy Ích Không chung chủ, giờ tự do, an ninh cao Thang máy, máy giặt, gác cao m7 Giá chỉ từ 2tr8 - 3tr2 tùy vị trí phòng Call ngay để xem phòng",tromoi.com
https://tromoi.com/phong-tro/nha-tro-duong-tam-binh-tam-phu-thu-duc-thanh-pho-ho-chi-minh,"Nhà trọ đường Tam Bình, Tam Phú, Thủ Đức, Thành phố Hồ Chí Minh",4000000,20m²,"Tam Bình, Tam Phú, Thủ Đức, Thành phố Hồ Chí Minh","Đặc điểm: - Phòng full nội thất a-z ( giường, tủ lạnh, máy lạnh, tủ aq) - Được nuôi pet - Thang bộ, máy giặt chung - Các chi phí: Điện 3k5, nước 20k/m3, xe free 3c - Các dịch vụ khác: 150k/phòng Chi tiết liên hệ Zalo: 0905 644 860 để được xem phòng trực tiếp!",tromoi.com
https://tromoi.com/phong-tro/nha-tro-102-1a-cong-quynh-nguyen-cu-trinh-quan-1-thanh-pho-ho-chi-minh,"Nhà trọ 102/1a Cống Quỳnh, Nguyễn Cư Trinh, Quận 1, Thành phố Hồ Chí Minh",7000000,33m²,"102/1a Cống Quỳnh, Nguyễn Cư Trinh, Quận 1, Thành phố Hồ Chí Minh","Phòng cho Thuê tại khu vực quận 1 . Giờ Giấc Thoải mái , hỗ trợ xem phòng 24/7 . . Phòng Luôn Setup mới , đầy đủ các tiện nghi ... . Đồng hồ Điện riêng , theo giá nhà nước . Nước 100k/người/tháng . . Luôn hỗ trợ , thoải mái theo nhu cầu thuê dài hạn .... . inbox zalo để nhận được tư vấn ạ",tromoi.com
https://tromoi.com/phong-tro/nha-tro-duong-le-trong-tan-binh-hung-hoa-b-quan-binh-tan-thanh-pho-ho-chi-minh,"Nhà trọ đường Lê Trọng Tấn, Bình Hưng Hoà B, Quận Bình Tân, Thành phố Hồ Chí Minh",3000000,20m²,"Lê Trọng Tấn, Bình Hưng Hoà B, Quận Bình Tân, Thành phố Hồ Chí Minh","Cho Thuê Phòng Trọ Cao Cấp Tại Lê Trọng Tấn Giá Chỉ 2Tr9 •Vị trí : ngã tư gò mây, cách HUIT 5’ đi xe, gần Lê Trọng Tấn,... •Nội thất có sẵn: kệ để chén, kệ giày dép, tủ quần áo •Hệ thống thang máy, hầm xe rộng rãi, camera, ra vào vân tay, giờ giấc tự do, cho nuôi thú cưng •Free tiện ích: wifi, máy giặt, máy lọc nước, thang máy,.... •Sdt / zalo: (0827973722) gặp Chăm để được tư vấn và xem phòng trực tiếp !",tromoi.com
https://tromoi.com/phong-tro/ky-tuc-xa-121-cong-quynh-nguyen-cu-trinh-quan-1-thanh-pho-ho-chi-minh,"Ký túc xá 121 Cống Quỳnh, Nguyễn Cư Trinh, Quận 1, Thành phố Hồ Chí Minh",2200000,45m²,"121 Cống Quỳnh, Nguyễn Cư Trinh, Quận 1, Thành phố Hồ Chí Minh","KTX trung tâm quận 1, phòng trọ ở ghép, homestay thuê tháng, phòng có ban công trung tâm quận 1, KTX Nữ có ban công Q1, Bếp + toilet riêng từng phòng, giờ giấc tự do. Địa chỉ: 121 Cống Quỳnh, Phường Nguyễn Cư Trinh, Quận 1 Đã gồm các cp điện, nước, dịch vụ, chăn drap gối nệm cấp free. Nệm + gối. Bàn làm việc. Tủ cá nhân. Trong phòng có tủ lạnh. Máy lạnh 24/24. Bếp riêng từng phòng, có bếp chung và không gian sinh hoạt chung. Giờ giấc tự do. Kích thước giường 1m3 x 2m (rộng rãi hơn rất nhiều so với các giường ktx). Nhà vệ sinh khép kín có dọn dẹp 2 - 3l/tuần.",tromoi.com
https://tromoi.com/phong-tro/nha-tro-196-7-dang-thuy-tram-phuong-13-quan-binh-thanh-thanh-pho-ho-chi-minh,"Nhà trọ 196/7 Đặng Thùy Trâm, Phường 13, Quận Bình Thạnh, Thành phố Hồ Chí Minh",4500000,20m²,"196/7 Đặng Thùy Trâm, Phường 13, Quận Bình Thạnh, Thành phố Hồ Chí Minh","CHÍNH CHỦ CHO THUÊ PHÒNG ĐẸP – GẦN ĐẠI HỌC VĂN LANG, QUẬN BÌNH THẠNH Địa chỉ : 196/7 Đặng Thùy Trâm, Phường 13, Quận Bình Thạnh, TP.HCM - Phòng mới, sạch sẽ, thiết kế gọn gàng, tiện nghi – phù hợp cho 1 đến 2 người ở. - Khu nhà riêng biệt, yên tĩnh, văn minh. - Công viên cách 200m , đi bộ tới Đại học Văn Lang cực tiện. - Giờ giấc tự do , không chung chủ. - Tổng vệ sinh hành lang + trước phòng 3 lần/tuần – sạch sẽ, thoải mái. Tiện nghi có sẵn trong phòng : Tủ lạnh mới tiết kiệm điện Máy lạnh + quạt WC riêng Có máy giặt & máy sấy dùng chung Phòng ở lầu 1, đi thang bộ, thuận tiện di chuyển. Giá thuê : 4.500.000đ/tháng Liên hệ chính chủ chị Nhung: 0934 497 172",tromoi.com
https://tromoi.com/phong-tro/nha-tro-607-tan-son-phuong-12-quan-go-vap-thanh-pho-ho-chi-minh,"Nhà trọ 607 Tân Sơn, Phường 12, Quận Gò Vấp, Thành phố Hồ Chí Minh",2800000,15m²,"607 Tân Sơn, Phường 12, Quận Gò Vấp, Thành phố Hồ Chí Minh","PHÒNG TRỌ CHO THUÊ GIÁ TỐT - 2.8 TRIỆU/THÁNG Diện tích: 15m², thiết kế thoáng mát, sạch sẽ. Tiện nghi đầy đủ: ✔ Máy lạnh mới, làm mát nhanh. ✔ Máy giặt chung (miễn phí), tiện lợi, tiết kiệm thời gian. ✔ Wifi tốc độ cao, nước nóng lạnh. ✔ Khu vực an ninh, camera 24/7, yên tâm sinh sống. ✔ Gần chợ, siêu thị, quán ăn, tiện di chuyển. Địa chỉ: [607 Đường Tân Sơn, QuậnGV, TP.HCM] Giá thuê: 2.800.000đ/tháng (ưu tiên người thuê dài hạn). Liên hệ ngay: [0899466108] (Zalo 0773408622) để xem phòng và đặt lịch nhanh! Số lượng có hạn - Book ngay kẻo hết!",tromoi.com
https://tromoi.com/phong-tro/nha-tro-duong-ql50-gan-ben-xe-quan-8-ap-2-a3-30-xa-binh-hung-huyen-binh-chanh-tp-hcm,"Nhà trọ Đường QL50, gần bến xe quận 8, Ấp 2, A3/30, xã Bình Hưng, huyện Bình Chánh. TP HCM",3200000,18m²,"Đường QL50, gần bến xe quận 8, Ấp 2, A3/30, xã Bình Hưng, huyện Bình Chánh. TP HCM","Phòng trọ cách bến xe Quận 8 chỉ 100m, gần siêu thị Co-op, Vinmart, chợ, trường học, trung tâm thương mại. Khu dân trí cao, yên tĩnh,... Thích hợp với nhân viên văn phòng, sinh viên, hộ gia đình nhỏ. Gần tuyến đường Nguyễn Văn Linh Diện tích 18m2 với không gian cực thoáng mát, thích hợp để sáng tạo, học tập và nghỉ ngơi. Giá thuê: phòng nhỏ 1tr8, phòng lớn có gác lửng 3.2tr Nội thất cơ bản. Đặc biệt mỗi phòng đều có: - WC riêng - Bếp và chậu rửa - Thiết bị wifi - Camera an ninh 24/7 - Nước thuỷ cục an toàn. - Giá điện nước theo giá nhà nước",tromoi.com
https://tromoi.com/phong-tro/nha-tro-le-van-tho-phuong-9-quan-go-vap-thanh-pho-ho-chi-minh,"Nhà trọ Lê Văn Thọ, Phường 9, Quận Gò Vấp, Thành phố Hồ Chí Minh",3500000,50m²,"Lê Văn Thọ, Phường 9, Quận Gò Vấp, Thành phố Hồ Chí Minh","Hiện đang có tổng 22 phòng trống nằm trong tòa nhà nguyên căn 6 tầng. Đang Setup sẽ hoàn thiện và giao phòng bắt đầu từ tháng 1/5/2025. - Tất cả các phòng đều được trang bị đầy đủ full nội thất, tất cả đều sử dụng đồ mới từ giường ngủ 1m8x2m, tủ quần áo 3 cánh, bộ Salon nhỏ tiếp khách, 1 máy lạnh, tủ lạnh. Khu vực nấu ăn thì đã có sẵn kệ bếp, bồn rửa. Tất cả 22 phòng đều có Wc riêng trong phòng. Cửa phòng trang bị cửa gỗ cách âm tốt. - Về thiết kế không gian phòng. Vì phòng nằm trong tòa 6 tầng với diện tích nhà 5mx30m nên không gian của tất cả các phòng được thiết kế rất rộng, thông thoáng, ánh sáng nhiều. Tòa nhà có thang máy lên các tầng. Dưới tầng hầm là khu vực để xe máy cho người thuê - Phòng có 3 dạng là: Phòng Duplex, Phòng Studio và Phòng ban công. Nên giá cả của loại phòng cũng khác nhau: mình có đính kèm bảng giá và điện, nước trong hình đăng để người thuê xem và lựa chọn phòng phù hợp với mình. - Về diện tích: phòng có diện tích từ 25m2 đến 50m2 + Phòng Duplex là 25m2: giá 3,5 triệu/phòng/tháng + Phòng Studio là 40m2: Giá 4,5 triệu/phòng/tháng + Phòng Ban Công là 50m2: Giá 5,8 triệu/phòng/tháng. * Vị trí phòng: nằm ngay mặt tiền đường Lê Văn Thọ, vị trí đi lại rất thuận tiện, gần Công Viên Làng Hoa Gò Vấp, Chợ đêm Hạnh Thông Tây... - Về an ninh: ra vào đều có dấu vân tay, người k có dấu vân tay sẽ không vào được. Camara được trang bị đầy đủ từ cổng vào cho tới khu vực tầng hầm để xe, nên ở đây cực kỳ an ninh. ACe Xem phòng LH Vũ 0938.575.553 hoặc add zalo mình gửi thông tin",tromoi.com
https://tromoi.com/phong-tro/nha-tro-385-83-6-le-van-tho-phuong-9-quan-go-vap-thanh-pho-ho-chi-minh,"Nhà trọ 385/83/6 Lê Văn Thọ, Phường 9, Quận Gò Vấp, Thành phố Hồ Chí Minh",3800000,25m²,"385/83/6 Lê Văn Thọ, Phường 9, Quận Gò Vấp, Thành phố Hồ Chí Minh","PHÒNG TRỌ ĐẸP – ĐẦY ĐỦ TIỆN NGHI – GIÁ HỢP LÝ TẠI 385/83/6 LÊ VĂN THỌ, P9, GÒ VẤP Cần tìm chỗ ở thoải mái, đầy đủ tiện ích mà giá vẫn hợp lý? Xem ngay các phòng trọ tại đây: Phòng 302 : 3,8 triệu/tháng Phòng 102, 202 : 4 triệu/tháng Tủ lạnh : Thêm 200k/tháng (nếu cần) Tiện ích có sẵn : Giường nệm, máy giặt – máy sấy dùng chung, xe để miễn phí. Khu vực an ninh, sạch sẽ, thuận tiện di chuyển . Liên hệ ngay: 0772598256 (Mỹ Thanh) để xem phòng!",tromoi.com
https://tromoi.com/phong-tro/nha-tro-7-26-duong-so-7-phuong-an-lac-a-quan-binh-tan-thanh-pho-ho-chi-minh,"Nhà trọ 7/26 Đường Số 7, Phường An Lạc A, Quận Bình Tân, Thành phố Hồ Chí Minh",4300000,30m²,"7/26 Đường Số 7, Phường An Lạc A, Quận Bình Tân, Thành phố Hồ Chí Minh","Phòng rộng rãi thoáng mát, đẹp, sạch sẽ, có bếp nấu ăn và tiện nghi như dạng căn hộ mini, chỉ cần xách vali vào ở. Giờ giấc tự do, an ninh tuyệt đối - Camera 24/24 - Bãi xe riêng rộng rãi. - Sân phơi đồ thoáng mát trên sân thượng - An ninh: - Phòng rộng rãi thoáng mát với các tiện ích: Toilet bên trong phòng. Gác Máy lạnh Tủ lạnh Tủ quần áo Tủ bếp Bàn ghế Wifi cáp quang tốc độ cao. * Dịch vụ chuyên nghiệp: - Chìa khóa trao tay, giờ giấc ra vào tự do. - Cho người thân và bạn bè đến chơi thoải mái. - Có đội hỗ trợ khắc phục sự cố điện, nước ngay khi có yêu cầu. - QL nhà trẻ, vui vẻ và thoải mái, bạn sẽ luôn được hỗ trợ trong suốt thời gian sống. Cam kết không tăng giá lại trong suốt thời gian hợp đồng, ưu tiên khách hàng văn minh, lịch sự, HĐ lâu dài. Hãy liên hệ xem phòng ngay để chọn được nơi an cư dành cho bạn Liên hệ: 0924457015 hoặc Zalo 0908977116",tromoi.com
https://tromoi.com/phong-tro/nha-tro-13-5-pho-co-dieu-phuong-12-quan-5-thanh-pho-ho-chi-minh,"Nhà trọ 13/5 Phó Cơ Điều, Phường 12, Quận 5, Thành phố Hồ Chí Minh",2300000,10m²,"13/5 Phó Cơ Điều, Phường 12, Quận 5, Thành phố Hồ Chí Minh","Vị trí: Cách BV Chợ Rãy 200m, Crescent Mall 300m và nhiều tiện ích xung quanh Diện tích: 7-15m2 Gá thuê: 2,3 - 2,8 triệu * Free Wifi * Bếp chung * Chổ để xe * Đồng hồ điện",tromoi.com
https://tromoi.com/phong-tro/nha-tro-chuong-duong-linh-chieu-thu-duc-hcm,"Nhà trọ 105/1b đường Chương Dương, Linh Chiểu, Thủ Đức, Thành phố Hồ Chí Minh",3400000,22m²,"Chương Dương, Linh Chiểu, Thủ Đức, Hồ Chí Minh","PHÒNG TRỌ NGAY ĐƯỜNG CHƯƠNG DƯƠNG - THỦ ĐỨC. Vị trí gần trường Cao đẳng Công Nghệ, ĐH Ngân Hàng, ĐH SPKT. An ninh tốt, ra vào khoá vân tay đầy đủ, nhà xe rộng, nhà vệ sinh riêng. Giá: 3tr4 (không có MÁY LẠNH), phòng 3tr6 (có MÁY LẠNH) Xem phòng LH ngay :0869406463 (Tuyết) Đ/C: 105/1b đường Chương Dương, Thủ Đức.",tromoi.com
https://tromoi.com/phong-tro/nha-tro-so-134-41-duong-so-1-duong-cũ-duong-so-5-phuong-16-quan-go-vap-thanh-pho-ho-chi-minh,"Nhà trọ số 134/41 Đường số 1 (đường cũ Đường số 5), Phường 16, Quận Gò Vấp, Thành phố Hồ Chí Minh",2900000,25m²,"134/41 Đường số 1 (đường cũ Đường số 5), Phường 16, Quận Gò Vấp, Thành phố Hồ Chí Minh","MÌNH TRỐNG 2 PHÒNG GÒ VẤP CẦN CHO THUÊ. Phòng tầng 1 - KHÔNG BAN CÔNG, bước 20 bậc là tới: Phòng này nhỏ hơn tầng 3, Nhưng toilet trong phòng, sàn gạch phòng sạch như mới, trang trí hiện đại: tủ âm tường, tủ gỗ,trang bị nệm xịn cao 20cm kích thước 1m6x2m, có bàn học, tủ lạnh 2 ngăn 180L trong phòng. Phòng tầng 3 - CÓ BAN CÔNG: 26m2, sàn dán nhựa gỗ hiện đại trẻ trung, giường nệm, bàn học, toilet ngoài. Cả 2 phòng có máy lạnh inverter 1.5hp, tiết kiệm điện cực kỳ. NÓI CHUNG PHÒNG ĐẸP NHÉ Tiện ích CHUNG: - Có sân thượng phơi đồ, có máy giặt, chổ để xe riêng từng phòng, dùng thẻ từ an toàn, có camera theo dõi không gian chung và nhà xe 24/24, có thể xem trực tiếp trong phòng. - Có bếp lớn chung nấu ăn, tủ riêng, không chung với ai, có máy hút khói đầy đủ Phí khác ngoài tiền phòng: - Điện riêng 4.000/kw, nước 100k/người. - Phí dịch vụ: 200k/người (dùng cho vệ sinh cầu thang sân thượng thường xuyên, phí vệ sinh máy giặt định kỳ, điện cầu thang, máy giặt, nhà xe) MIỄN PHÍ: - Miễn phí wifi cáp quang siêu mạnh ngay cửa phòng - Miễn phí chổ để xe riêng, không bị xâm phạm ƯU TIÊN: Nhà dân văn phòng, có nữ ở gọn gàng sạch sẽ, nên ưu tiên nữ ở. sinh viên văn phòng hoặc người thuê gọn gàng, sạch sẽ. Có thể dọn đến ở ngay vì phòng đã sạch sẽ hết rồi. địa chỉ tìm đến: 134/41 Đường số 1, F16, Gò Vấp, Hồ Chí Minh. (đường số 5 là đường cũ nha, đã thay đổi lâu rồi) Các bạn ai cần thì ấn “Bấm Gọi” thanh kế bên cho nhanh nhé, đôi khi mình ít online Mình chính chủ nhà, Ko phải môi giới.",tromoi.com
https://tromoi.com/phong-tro/ki-tuc-xa-tai-607-tan-son-phuong-12-quan-go-vap-ho-chi-minh,"Kí Túc Xá Tại 607 Tân Sơn, Phường 12, Quận Gò Vấp, Hồ Chí Minh",1200000,25m²,"607 Tân Sơn, 12, Gò Vấp, Hồ Chí Minh","- Nội thất : Máy Lạnh , Giường tầng có đầy đủ chăn ga gối mền , rèm che riêng tư , tủ đồ cá nhân - Có bếp nấu ăn , có ko gian ăn uống rộng rãi , Có máy giặt , tủ lạnh, wifi tốc độ cao ( bao xài miễn phí ) - Chỗ để xe rộng rãi (không tính phí),HỆ THỐNG PCCC ĐẦY ĐỦ. - Khu vực An Ninh , yên tĩnh , Camera quan sát 24/24 , - Giờ giấc tự do, ra vào bằng khoá vân tay. - Giá chỉ 1tr2/ tháng ( không phát sinh thêm bất kỳ kỳ chi phí nào khác)",tromoi.com
https://tromoi.com/phong-tro/nha-tro-duong-3-thang-2-phuong-1-quan-11-thanh-pho-ho-chi-minh,"Nhà trọ Đường 3 Tháng 2, Phường 1, Quận 11, Thành phố Hồ Chí Minh",4500000,20m²,"Đường 3 Tháng 2, Phường 1, Quận 11, Thành phố Hồ Chí Minh","CÓ PHÒNG TẠI Q11 - GẦN ĐẦM SEN - DƯỚI CHÂN CẦU VƯỢT CÂY GÕ - Đường 3 tháng 2 Bao điện nước Có sẵn nệm, xào phơi và kệ trong phòng Có chỗ giữ xe Phòng tắm ngoài Giờ giâc tự do Cho xem phòng trước khi thuê",tromoi.com
https://tromoi.com/phong-tro/nha-tro-duong-luong-ngoc-quyen-phuong-13-quan-8-ho-chi-minh,"Nhà Trọ Đường Lương Ngọc Quyến, Phường 13, Quận 8, Hồ Chí Minh",7500000,45m²,"Lương Ngọc Quyến, 13, Quận 8, Hồ Chí Minh","PHÒNG ĐẸP QUẬN 8, BAN CÔNG, MÁY GIẶT RIÊNG XỊN XÒ, GIÁ TỐT Lương Ngọc Quyến ,Quận 8 Phòng ở được 2-3 người, tòa nhà thang máy, an ninh, giờ giấc tự do Cách Parc Mall chỉ 4km Gần cầu Chà Và, qua Quận 5, Quận 1 chỉ 5 phút chạy xe Nhà mặt tiền đường, tiện ích xung quanh đầy đủ Liên hệ 0398 864 265 để xem phòng và được hỗ trợ từ A-Z",tromoi.com
https://tromoi.com/phong-tro/nha-tro-duong-so-5-phuong-linh-trung-tp-thu-duc,"Nhà Trọ Đường số 5, Phường Linh Trung, TP Thủ Đức",3800000,20m²,"đường số 5, Linh Trung, Thủ Đức, Hồ Chí Minh","Khai Trương Phòng Độc Quyền tại Võ Văn Ngân, SPKT, HUB, Ngã Tư Thủ Đức Bạn đang tìm kiếm một không gian sống hiện đại, tiện nghi ngay tại trung tâm Thủ Đức? Phòng trọ độc quyền tại đường số 5, đối diện cổng chính SPKT, vừa khai trương với nhiều tiện ích vượt trội! Thông tin chi tiết: Giá công khai: 3,8 triệu - 4.x triệu/tháng (Đã full, vui lòng nhắn tin để cập nhật thông tin mới nhất). Địa chỉ: Đường số 5, đối diện cổng chính SPKT, Phường Linh Trung, TP Thủ Đức. Tiện nghi đầy đủ: Phòng có gác, mới xây, sẵn máy lạnh, tủ bếp, máy nước nóng. Không gian thoáng mát: Cửa sổ rộng rãi, thoáng khí. Tiện ích chung: Thang máy, nhà xe rộng rãi. An ninh đảm bảo: Hệ thống PCCC đạt chuẩn, camera giám sát 24/7. ? Liên hệ ngay: 0382850628 (Quang Huy - Megas) để được tư vấn nhanh nhất. Nhanh tay liên hệ để không bỏ lỡ cơ hội sở hữu căn phòng chất lượng tại vị trí đắc địa này!",tromoi.com
https://tromoi.com/phong-tro/nha-tro-g11-tam-binh-thu-duc-ho-chi-minh,"Nhà Trọ G11, Tam Bình, Thủ Đức, Hồ Chí Minh",5000000,22m²,"G11, Tam Bình, Thủ Đức, Hồ Chí Minh","TRỐNG PHÒNG 2 PN RIÊNG BIỆT - Ngay Chợ Đầu Mối Thủ Đức! Bạn đang tìm kiếm một không gian sống tiện nghi, an ninh và cực kỳ thuận tiện di chuyển? Đừng bỏ lỡ căn phòng này! Vị trí đắc địa: G11, Tam Bình, Thủ Đức . Ngay cạnh Chợ Đầu Mối Thủ Đức . Thuận tiện di chuyển ra Thủ Đức, Kha Vạn Cân . Gần Đại học Luật và nhiều tiện ích khác. Thiết kế tối ưu: Phòng có 2 phòng ngủ riêng biệt , phù hợp cho gia đình nhỏ, nhóm bạn hoặc những ai cần không gian riêng tư. Tiện nghi đầy đủ: Có máy lạnh, quạt giúp xua tan cái nóng. Nước nóng năng lượng mặt trời tiết kiệm điện. An ninh & Tự do: Giờ giấc tự do thoải mái. Khu vực an ninh , dân trí cao. Giá thuê: 5.000.000 VNĐ/tháng. Liên hệ ngay (Zalo): 0367 895 408 để xem phòng sớm nhất!",tromoi.com
https://tromoi.com/phong-tro/nha-tro-39-8-duong-so-34-phuong-linh-dong-thu-duc-thanh-pho-ho-chi-minh,"Nhà trọ 39/8 Đường số 34, Phường Linh Đông, Thủ Đức, Thành phố Hồ Chí Minh",2750000,15m²,"39/8 Đường số 34, Phường Linh Đông, Thủ Đức, Thành phố Hồ Chí Minh","Cho thuê phòng trọ cao cấp chính chủ Diện tích 15m2/phòng Phòng cao ráo, thoáng mát, sạch sẽ và yên tĩnh, wifi free, rác Free Phòng có ban công phơi đồ, gác lửng, máy lạnh, tivi, tu lạnh Vị trí gần chợ, siêu thị, trường cao đẳng may vinatext, khu dân trí cao phòng rất an ninh, không Xô Bồ, ít người nên dịch ở rất an tâm, có camera giám sát, giờ giấc tự do Phòng xây kiên cố và chắc chắn Điện: 4k/kw Nước: 20k/m3 Giá: 2.750.000 vnd/tháng Đia chỉ xem: 39/8 đường34, Linh Đông, Thủ Đức, TP.HCM Dt/zalo: 0938713036",tromoi.com
https://tromoi.com/phong-tro/nha-tro-so-85-65-pham-viet-chanh-phuong-19-quan-binh-thanh-thanh-pho-ho-chi-minh-1739607559,"Nhà trọ số 85/65 Phạm Viết Chánh, Phường 19, Quận Bình Thạnh, Hồ Chí Minh",3500000,15m²,"85/65 Phạm Viết Chánh, Phường 19, Quận Bình Thạnh, Thành phố Hồ Chí Minh","- Cho thuê phòng diện tích 20m². Phòng trang bị đầy đủ: Tủ quần áo, giường, nệm, rèm cửa, máy lạnh, quạt, tủ lạnh, sân thượng thoáng mát để phơi quần áo, tập thể dục. - Có cửa sổ lớn, các phòng đều có toilet riêng trang bị đầy đủ (bồn rửa, gương soi, vòi sen, nước nóng năng lượng mặt trời). - Vị trí thuận lợi lưu thông đến trung tâm thành phố. Cách chợ Thị Nghè 200m, cách sở thú 1km. Cách chợ Bến Thành 10p đi xe, gần nhiều trường ĐH (Ngân Hàng, Y Dược, Luật, KHXH & NV, Hutech, trung cấp Tôn Đức Thắng). - Giá thuê: 3,5tr - 4tr/tháng. - Điện 3.500 đ/KWH. - Nước 100.000 đ/người/tháng. - Máy giặt: 80.000đ/tháng. - Miễn phí wifi và truyền hình cáp. - Hình chụp thực tế. - Phù hợp nhân viên văn phòng, sinh viên... - Tiêu chuẩn 1 phòng 1 xe. * Lưu ý: 23h đóng cổng.",tromoi.com
https://tromoi.com/phong-tro/nha-tro-co-nguyet-88-pham-ngũ-lao-phuong-4-quan-go-vap-thanh-pho-ho-chi-minh,"Nhà trọ cô Nguyệt 88 Phạm Ngũ Lão, Phường 4, Quận Gò Vấp, Thành phố Hồ Chí Minh",1800000,20m²,"88 Phạm Ngũ Lão, Phường 4, Quận Gò Vấp, Thành phố Hồ Chí Minh","Cho Thuê Phòng Trọ Khép Kín, Tiện Nghi Tại Gò Vấp. Nhà trọ Cô Nguyệt tại địa chỉ 88 Phạm Ngũ Lão, Phường 4, Quận Gò Vấp, TP.HCM hiện đang cho thuê 5 phòng trọ khép kín Liên hệ/ZL: 0977811790 Chi tiết phòng trọ: Giá thuê: 1tr8, 2tr5(wc riêng, kệ bếp), 3tr3 (wc riêng, máy lạnh, ban công) Có ban công chung và sân phơi rộng rãi. Trọ có bãi để xe riêng an ninh. Mặt tiền đường, dễ dàng di chuyển và giao thông thuận tiện. Gần các tiện ích như chợ, bệnh viện, trường học và siêu thị. Gần Công viên Gia Định, Vincom, Emart Phan Văn Trị, Đại học Công Nghiệp,... Thuận tiện di chuyển các Quận Bình Thạnh, Thủ Đức, Phú Nhuận,...",tromoi.com
https://tromoi.com/phong-tro/nha-tro-duong-xo-viet-nghe-tinh-phuong-26-quan-binh-thanh-thanh-pho-ho-chi-minh,"Nhà trọ đường Xô Viết Nghệ Tĩnh, Phường 26, Quận Bình Thạnh, Thành phố Hồ Chí Minh",5800000,30m²,"Xô Viết Nghệ Tĩnh, Phường 26, Quận Bình Thạnh, Thành phố Hồ Chí Minh","CHO THUÊ PHÒNG DUPLEX VỊ TRÍ TRUNG TÂM CÓ CỬA SỔ TRỜI - FULL NỘI THẤT - GẦN NGÃ TƯ HÀNG XANH Địa chỉ: đường Xô Viết Nghệ Tĩnh , quận Bình Thạnh. ️ - > Vị trí trung tâm, gần ( quận 1, quận 3, ngã tư Hàng Xanh…) di chuyển cực kỳ thuận tiện. ️ - > Có cửa sổ trời, view đẹp, full nội thất ️ - > Có bảo mật vân tay, camera an ninh chặt chẽ -> Có thang máy, chỗ để xe. ------ ƯU ĐÃI CỰC LỚN CHO KHÁCH THUÊ DÀI HẠN ------ ️ Liên hệ (sđt + zalo ): 0566427419",tromoi.com
https://tromoi.com/phong-tro/nha-tro-khu-dan-cu-gia-hoa-quoc-lo-50-phong-phu-binh-chanh-thanh-pho-ho-chi-minh,"Nhà trọ Khu Dân Cư Gia Hoà, Quốc Lộ 50, Phong Phú, Bình Chánh, Thành phố Hồ Chí Minh",2500000,25m²,"Khu Dân Cư Gia Hoà, Quốc Lộ 50, Phong Phú, Bình Chánh, Thành phố Hồ Chí Minh","Cho Thuê Phòng : Khu Dân Cư Gia Hoà, QL50, gần bến xe Q. 8, TP. HCM. Nhà theo dạng gia đình, không theo dạng chuyên cho thuê. Khu an ninh, yên tĩnh, sạch sẽ, môi trường sống nhiều cây xanh, thân thiện, ấm áp. Có thể sử dụng tiện nghi của toàn nhà, có phòng bếp, bàn ăn riêng và phòng khách, phòng ở rộng rãi, thoáng mát, có ánh sáng đầy đủ, trong phòng có máy lạnh, có tủ quần áo, có bàn làm việc và bàn để tivi, có toilét trong phòng, nước nóng lạnh đầy đủ, có nơi để xe và sân phơi đồ rộng rãi, net - wifi cáp quang, ... Đi về tự do. Ưu tiên cho người thuê ở lâu dài. 1. 25m2, giá thuê : 2.500.000 đ/tháng. 2. 35m2, giá thuê : 3.000.000 đ/tháng. Chưa bao gồm điện nước, phí sinh hoạt, ... Liên hệ : Mr. Thành : 0768975670.",tromoi.com
https://tromoi.com/phong-tro/nha-tro-duong-hoang-hoa-tham-phuong-12-quan-tan-binh-thanh-pho-ho-chi-minh-1740639331,"Nhà trọ đường Hoàng Hoa Thám, Phường 12, Quận Tân Bình, Thành phố Hồ Chí Minh",3300000,18m²,"Hoàng Hoa Thám, Phường 12, Quận Tân Bình, Thành phố Hồ Chí Minh","- Mặt tiền đường Hoàng Hoa Thám, Phường 12, Quận Tân Bình, có hầm để xe, sân thượng, cửa sổ. - Diện tích phòng rộng (18m2), trong phòng có wc riêng, gác đúc, cửa sổ. - Giờ giấc tự do (không chung chủ), khóa cửa bằng vân tay. - Đường Hoàng Hoa Thám là khu dân cư gần khu quân sự nên rất văn minh và an toàn. Đường rộng nhưng không ồn ào, đi các quận đều thuận tiện, gần Lotte, Vincom, E-Town, chợ Hoàng Hoa Thám... có thể nhanh chóng di chuyển đến sân bay, xung quanh có kinh doanh ăn uống và gần chợ. - Giá phòng từ 3.3 triệu. - Điện 3.5k/kwh, nước 70k/người, wifi 100k/phòng, xe máy 100k/xe, ngoài ra không còn bất kỳ chi phí nào khác. - Có thang máy, hầm để xe, sân thượng, cửa sổ, hệ thống nước nóng lạnh, bảo vệ 24/24, hệ thống PCCC đầy đủ. - Liên hệ: Mr. Quân 0934127026",tromoi.com
https://tromoi.com/phong-tro/nha-tro-chu-ba-78-20-32-nguyen-van-khoi-phuong-11-quan-go-vap-thanh-pho-ho-chi-minh,"Nhà Trọ Chú Ba 78/20/32 Nguyễn Văn Khối, Phường 11, Quận Gò Vấp, Thành phố Hồ Chí Minh",1700000,15m²,"78/20/32 Nguyễn Văn Khối, Phường 11, Quận Gò Vấp, Thành phố Hồ Chí Minh","Cho thuê nhà trọ ngay vị trí trung tâm Gò Vấp, gần chùa Pháp Bảo, Gần Siêu Thị, Gần công viên Làng Hoa Gò Vấp. Phù hợp cho gia đình nhỏ, người đi làm, sinh viên đi học. Giá thuê từ 1,700,000 đến 2,300,000 vnd Phòng dưới đất 2 triệu 2, trên lầu 1 triệu 7 có gác lửng Có đồng hồ điện và đồng hồ nước riêng. Liên hệ chú Ba, điện thoại: 0908640710 hoặc 0968506185 Địa chỉ 78/20/32 Nguyễn Văn Khối, F11, Gò Vấp. HCM",tromoi.com
https://tromoi.com/phong-tro/nha-tro-269-59-phan-huy-ich-phuong-12-quan-go-vap-thanh-pho-ho-chi-minh,"Nhà trọ 269/59 Phan Huy Ích, Phường 12, Quận Gò Vấp, Thành phố Hồ Chí Minh",4300000,25m²,"269/59 Phan Huy Ích, Phường 12, Quận Gò Vấp, Thành phố Hồ Chí Minh","DỰ ÁN MỚI CĂN HỘ DỊCH VỤ Đc: 269/59, Phan Huy ích , Gò vấp. Mã phòng : 201 Giá; 4,3tr Nội thất: Kệ bếp, máy lạnh, tủ lạnh, máy giặt Có nhà xe, thang bộ, cổng khoá vân tay và máy giặt chung Điện 4k/kwh, nước 100k/người, pdv 150k/phòng ( tuy phòng )xe Free, tối đa 3 người, 2 xe cọc 1 tháng Lh 0974117733",tromoi.com
https://tromoi.com/phong-tro/ky-tuc-xa-vinhomes-grand-park-nguyen-xien-long-thanh-my-quan-9-thanh-pho-ho-chi-minh,"Ký túc xá Vinhomes Grand Park, Nguyễn Xiển, Long Thạnh Mỹ, Quận 9, Thành phố Hồ Chí Minh",2200000,30m²,"Nguyễn Xiển, Long Thạnh Mỹ, Quận 9, Hồ Chí Minh","Ký túc xá Vinhomes Grand Park, Nguyễn Xiển, Long Thạnh Mỹ, Quận 9, Thành phố Hồ Chí Minh Thông tin cho thuê như sau: - Vị trí thuận lợi: + Gần khu Công Nghệ Cao + Gần 20 trường đại học như ĐH Quốc gia TP.HCM, Bách Khoa TP.HCM, Kinh tế - Luật, FPT, Sư phạm Kỹ thuật, và nhiều trường khác! - Bao trọn gói: Phí quản lý, điện, nước. - Tiện nghi đầy đủ: Bếp, máy giặt, tủ lạnh, nồi, chén, đũa - tất cả đều sẵn sàng. - Trang thiết bị hiện đại: + Mỗi giường: Quạt riêng, bóng điện riêng, tủ đồ riêng trong giường. + Không gian sống tiện nghi, giá cả hợp lý nhất tại Vin! - Giá thuê: 2.2tr/tháng, Cọc 300k Liên hệ 0938829105 để xem phòng và đặt cọc.",tromoi.com
https://tromoi.com/phong-tro/nha-tro-so-209-nguyen-van-khoi-phuong-8-quan-go-vap-thanh-pho-ho-chi-minh,"Nhà trọ số 209 Nguyễn Văn Khối, Phường 8, Quận Gò Vấp, Thành phố Hồ Chí Minh",3100000,15m²,"209 Nguyễn Văn Khối, Phường 8, Gò Vấp, Hồ Chí Minh","Nhà trọ số 209 Nguyễn Văn Khối, Phường 8, Quận Gò Vấp, Thành phố Hồ Chí Minh Thông tin cho thuê như sau: - Phòng thoáng, sạch sẽ, có cửa sổ - Nội thất có máy lạnh, kệ bếp - Tiện ích: + Thang máy, máy giặt chung, camera an ninh 24/7 + Cửa cổng vân tay, giờ giấc tự do không chung chủ - Giá thuê: 3.1tr/tháng Liên hệ 0369361817 để xem phòng và đặt cọc.",tromoi.com
https://tromoi.com/phong-tro/nha-tro-tai-37-duong-23-phuong-10-quan-6-ho-chi-minh,"Nhà Trọ Tại 37 Đường 23, Phường 10, Quận 6, Hồ Chí Minh",3700000,40m²,"37 đường 23, 10, Quận 6, Hồ Chí Minh","PHÒNG BAN CÔNG FULL NỘI THẤT - TRUNG TÂM QUẬN 6! Giá hấp dẫn: 3.700.000 - 4.800.000 VNĐ/phòng (tùy diện tích) ƯU ĐÃI ĐẶC BIỆT: MIỄN PHÍ GỬI XE MIỄN PHÍ SỬ DỤNG MÁY GIẶT Thông tin chi tiết: Diện tích đa dạng: 20 - 30 - 40m2 Nội thất đầy đủ: Máy lạnh Kệ bếp, kệ chén gác Giường Tủ quần áo Rèm cửa WC riêng trong phòng Tiện nghi: Giờ giấc tự do 24/24 Cửa khóa vân tay an toàn Đường lớn, khu vực an ninh, thoáng đãng, sạch sẽ Bạn bè đến chơi thoải mái Vị trí thuận tiện: Ngay mặt tiền đường VÕ VĂN KIỆT (dễ dàng di chuyển vào Quận 1) Thuận tiện đi học các quận 5, 6, 10, 8, 3,... Liên hệ chính chủ: Zalo/SĐT 0917.682.261 (gặp chủ nhà) để xem phòng ngay!",tromoi.com
https://tromoi.com/phong-tro/ki-tuc-xa-nu-tai-to-hien-thanh-phuong-13-quan-10,"Kí Túc Xá Nữ Tại Tô Hiến Thành, Phường 13, Quận 10",1600000,20m²,"Tô Hiến Thành, 13, Quận 10, Hồ Chí Minh","KÝ TÚC XÁ NỮ CAO CẤP - TIỆN NGHI TRUNG TÂM QUẬN 10 Địa chỉ: Tô Hiến Thành, P.13, Q.10 Rộng rãi, tủ quần áo riêng cho từng giường Điện + Nước + Internet + Gửi xe (MIỄN PHÍ) Trang bị sẵn: chăn, ga, gối, nệm, bàn học, tủ đồ, rèm, kệ giày dép Máy lạnh 24/24 Bếp nấu ăn riêng Máy giặt, máy sấy riêng Ban công thoáng mát Sân phơi đồ rộng rãi Camera an ninh 24/24 Dọn vệ sinh MIỄN PHÍ Giờ giấc tự do Có Thang máy Cam kết không phát sinh bất kì chi phí nào",tromoi.com
https://tromoi.com/phong-tro/ki-tuc-xa-tai-60-nguyen-tri-phuong-phuong-6-quan-5-ho-chi-minh,"Kí Túc Xá Tại 60 Nguyễn Tri Phương, Phường 6, Quận 5, Hồ Chí Minh",1400000,15m²,"60 Nguyễn Tri Phương, Phường 6, Quận 5, Hồ Chí Minh","Kí Túc Xá Tại 60 Nguyễn Tri Phương – An Toàn, Tiện Nghi, Gần Trường Vị trí trung tâm Quận 5, thuận tiện cho sinh viên các trường đại học lớn như Y Dược, Khoa học Tự nhiên, Sư phạm, Sài Gòn... Xung quanh có đầy đủ chợ, siêu thị và trung tâm thương mại. Phòng ở rộng rãi, thoáng mát, được trang bị đầy đủ nội thất như máy lạnh, quạt, bàn học, giường tủ, nhà vệ sinh riêng trong phòng. An ninh đảm bảo với cổng vân tay, camera giám sát 24/7, hệ thống phòng cháy chữa cháy an toàn và được hướng dẫn sử dụng kỹ lưỡng. Phù hợp cho sinh viên đang tìm chỗ trọ tiện nghi, an toàn và gần trường. Liên hệ để được tư vấn và xem phòng.",tromoi.com
https://tromoi.com/phong-tro/nha-tro-duong-ba-van-phuong-14-tan-binh-ho-chi-minh,? Studio tách bếp ở Quận Tân Bình gần Nhà Ga T3 – Có ban công thoáng mát,8000000,40m²,"Ba Vân, 14, Tân Bình, Hồ Chí Minh","🏡 Studio tách bếp ở Quận Tân Bình gần Nhà Ga T3 – Có ban công thoáng mát 📍 Địa chỉ: Hoàng Hoa Thám, P13, Tân Bình ✨ Thiết kế tiện nghi, tách bếp riêng – ban công rộng rãi, thoáng mát 🛏️ Full nội thất, chỉ cần xách vali vào ở 🚗 Gần Cầu vượt Hoàng Hoa Thám, Pico Plaza, Etown Cộng Hoà 🛣️ Thuận tiện di chuyển qua Cộng Hoà, Trường Chinh và các khu vực lân cận 📞 Liên hệ xem phòng: 0798.890.423 (Min) #studio #canhotanbinh #chothuecanho #phongtrocaocap #EtownCongHoa #nhagat3 #tanbinh #canhodep #canhominicaocap",tromoi.com
https://tromoi.com/phong-tro/nha-tro-hem-24-48-duong-14-phuong-5-go-vap-ho-chi-minh,"Nhà Trọ Hẻm 24/48 Đường 14, Phường 5, Gò Vấp, Hồ Chí Minh",3800000,31m²,"24/48 đường số 14, P.5, Gò Vấp, Hồ Chí Minh","CHO THUÊ PHÒNG RỘNG 31m² –nội thất cơ bản– GẦN ĐƯỜNG MỚI DƯƠNG QUẢNG HÀM, GÒ VẤP Địa chỉ: 24/48 Đường số 14, Phường 5, Quận Gò Vấp, TP.HCM Giá thuê: 3.8 triệu/tháng Phù hợp: 2–3 người Liên hệ chính chủ: Anh Huy – 0908 248 759 THÔNG TIN PHÒNG: Diện tích: 31m² (bao gồm phòng ngủ, bếp, WC, sân sau) Không gian thoáng mát, nhiều ánh sáng tự nhiên Giờ giấc tự do, chìa khóa riêng TIỆN NGHI ĐẦY ĐỦ: Điều hòa, quạt trần, tủ lạnh Tủ quần áo, bệ bếp, chậu rửa Nước nóng năng lượng mặt trời Máy giặt dùng chung WC riêng biệt, đồng hồ điện riêng VỊ TRÍ & TIỆN ÍCH XUNG QUANH: Hẻm xe hơi rộng 6m, dễ dàng di chuyển Cách siêu thị Vincom 750m, Kingfoodmart 500m, Bách Hóa Xanh 250m Gần các quán café như Vitamin Café (160m), Katinat (1.1km) Gần các trường đại học: Văn Lang (2km), Công Nghiệp (1.5km), Gia Định (3.3km) Gần chợ Nhà Thờ Bến Cát (500m), Chợ Căn Cứ (1.2km) ? AN NINH & TIỆN ÍCH KHÁC: Khu vực yên tĩnh, hàng xóm thân thiện Camera an ninh 24/24 Sân thượng và sân phơi chung rộng rãi Chỗ để xe thoải mái Liên hệ ngay để xem phòng! (vui lòng gọi trước) Anh Huy – 0908 248 759",tromoi.com
https://tromoi.com/phong-tro/nha-tro-tai-1085-hau-giang-phuong-11-quan-6-ho-chi-minh,"Nhà Trọ Tại 1085 Hậu Giang, Phường 11, Quận 6, Hồ Chí Minh",3000000,17m²,"1085 Hậu Giang, 11, Quận 6, Hồ Chí Minh","KHAI TRƯƠNG PHÒNG MỚI - HẬU GIANG, QUẬN 6 Địa chỉ: đường Hậu Giang, Quận 6, TP.HCM Ưu điểm nổi bật: Phòng mới tinh: Sạch sẽ, thoáng mát, tạo không gian sống thoải mái. Nhiều lựa chọn: Phòng có gác lửng và phòng không gác, phù hợp với nhu cầu đa dạng. An ninh đảm bảo: Khóa vân tay hiện đại, ra vào tự do, không chung chủ. Vị trí đắc địa, di chuyển thuận tiện: Gần đường Hồng Bàng Thuận tiện đến vòng xoay Phú Lâm Dễ dàng kết nối với đại lộ Võ Văn Kiệt Giá thuê hấp dẫn: Chỉ từ 3.000.000 VNĐ/tháng Liên hệ ngay để chọn phòng đẹp: 0971642263",tromoi.com
https://tromoi.com/phong-tro/sleep-box-4-1-duong-nguyen-canh-di-phuong-4-tan-binh-ho-chi-minh,"Sleep Box 4/1 Đường Nguyễn Cảnh Dị, Phường 4, Tân Bình, Hồ Chí Minh",2500000,25m²,"4/1 Nguyễn Cảnh Dị, 4, Tân Bình, Hồ Chí Minh","SLEEP BOX CAO CẤP – NGAY ĐƯỜNG NGUYỄN CẢNH DỊ, GẦN SÂN BAY Chỉ 2tr5/tháng – Bao trọn điện nước! Bạn đang cần một chỗ ở riêng tư, đầy đủ tiện nghi, giá hợp lý gần sân bay? Đây là lựa chọn lý tưởng cho bạn: Sleep box riêng tư, có rèm che kín đáo Tủ áo quần riêng biệt – Rộng rãi, sạch sẽ Bàn làm việc + ghế làm việc cực kỳ tiện nghi Không gian gọn gàng, thoáng mát, sạch sẽ, có người vệ sinh hàng tuần Khu vực an ninh, yên tĩnh, phù hợp người đi làm, sinh viên Không mất phí gửi xe Vị trí: 4/1 Đường Nguyễn Cảnh Dị, phường 4, quận Tân Bình, gần sân bay Tân Sơn Nhất Giá thuê chỉ: 2.500.000đ/tháng – Bao hết điện nước Không phát sinh chi phí, vào ở ngay! Liên hệ inbox hoặc gọi trực tiếp để xem phòng!",tromoi.com
https://tromoi.com/phong-tro/nha-tro-duong-co-bac-co-giang-quan-1-thanh-pho-ho-chi-minh,"Nhà trọ đường Cô Bắc, Cô Giang, Quận 1, Thành phố Hồ Chí Minh",4500000,20m²,"Cô Bắc, Cô Giang, Quận 1, Thành phố Hồ Chí Minh","Căn studio mới - Cô Bắc, Q.1. WC riêng, bếp riêng, điều hòa, free chỗ để xe 1 chiếc, máy giặt. Phòng rộng rãi, riêng tư, giờ giấc tự do. Tòa nhà có camera an ninh. Vị trí thuận lợi, gần trường ĐH Văn Lang và các trường khác, gần trung tâm tp, siêu thị, quán ăn, chợ và nhiều tiện nghi khác. Phù hợp cho các bạn sinh viên (vừa học, vừa làm, vừa đi chơi) cũng như người đang đi làm.",tromoi.com
https://tromoi.com/phong-tro/nha-tro-duong-so-27-phuong-6-quan-go-vap-thanh-pho-ho-chi-minh-1746417579,"Nhà trọ Đường Số 27, Phường 6, Quận Gò Vấp, Thành phố Hồ Chí Minh",4000000,30m²,"Đường Số 27, Phường 6, Quận Gò Vấp, Thành phố Hồ Chí Minh","PHÒNG TRỌ RỘNG RÃI – ĐẦY ĐỦ TIỆN NGHI – GẦN ĐH VĂN LANG, CÔNG NGHIỆP – GIÁ 4 TRIỆU Phòng cực rộng, có gác cao không đụng đầu, thiết kế thông thoáng, phù hợp cho nhóm bạn ở chung hoặc sinh viên cần không gian riêng tư thoải mái. Trang bị đầy đủ tiện nghi: máy lạnh, giường, nệm, tủ, bàn ghế, bếp nấu... Chỉ cần xách vali vô là ở. Vị trí cực thuận tiện: Sát bên Đại học Văn Lang, gần Đại học Công Nghiệp Gần chợ, siêu thị, tiện ra Bình Thạnh, Phú Nhuận Địa chỉ: Đường Số 27, Phường 6, Quận Gò Vấp, TP.HCM Giá thuê: 4.000.000/tháng Liên hệ: 0367 891 324 (Thu Hoài) để xem phòng ngay",tromoi.com
https://tromoi.com/phong-tro/nha-tro-duong-so-14-phuong-8-go-vap-ho-chi-minh,"Nhà Trọ Đường Số 14, Phường 8, Gò Vấp, Hồ Chí Minh",4500000,35m²,"14, 8, Gò Vấp, Hồ Chí Minh","Phòng trọ rộng rãi, thoáng mát, đầy đủ nội thất: giường, nệm, tủ quần áo, bàn học, máy lạnh. Khu trọ yên tĩnh, an ninh tốt, có camera giám sát 24/7. Gần chợ, siêu thị, trường học, thuận tiện đi lại. Giá điện: 4.000đ/kWh Nước: 100.000đ/người Phí dịch vụ: 100.000đ/phòng Giờ giấc tự do, có chỗ để xe. Ưu tiên người đi làm, sinh viên ở gọn gàng, lịch sự.",tromoi.com
https://tromoi.com/phong-tro/nha-tro-tai-duong-le-van-quoi-phuong-binh-hung-hoa-quan-binh-tan-ho-chi-minh,"Nhà Trọ Tại Đường Lê Văn Quới, Phường Bình Hưng Hòa, Quận Bình Tân, Hồ Chí Minh",4000000,40m²,"Lê Văn Quới, Bình Hưng Hòa, Bình Tân, Hồ Chí Minh","CHO THUÊ PHÒNG TRỌ CAO CẤP – LÊ VĂN QUỚI, BÌNH TÂN – GẦN CÔNG VIÊN NƯỚC ĐẦM SEN Vị trí : Đường Lê Văn Quới, Phường Bình Hưng Hòa, Quận Bình Tân, TP.HCM Ngay ngã tư Bốn Xã – chỉ 2 phút đến Công viên nước Đầm Sen Thuận tiện di chuyển các quận: Tân Phú, Quận 6, Quận 5,… Phòng rộng 40m² – giá chỉ 4 triệu/tháng Nội thất đầy đủ: Gác lửng rộng rãi Kệ bếp, máy lạnh, tủ lạnh Toilet riêng, máy giặt Giường nệm, tủ quần áo, có cửa sổ thoáng mát Bãi để xe riêng, thang máy Camera an ninh, bảo vệ gác cổng 24/7 Giờ giấc tự do – Không chung chủ An ninh tuyệt đối Có khu giặt chung sạch sẽ Liên hệ xem phòng miễn phí : Zalo/call: 08 999 35246",tromoi.com
https://tromoi.com/phong-tro/nha-tro-duong-dinh-phong-phu-tang-nhon-phu-b-quan-9-ho-chi-minh,"Nhà Trọ Đường Đình Phong Phú, Tăng Nhơn Phú B, Quận 9, Hồ Chí Minh",5000000,45m²,"Đình Phong Phú, Tăng Nhơn Phú B, Quận 9, Hồ Chí Minh","Khu vực Đình Phong Phú, Lê Văn Việt, Tăng Nhơn Phú B Ra Vincom Lê Văn Việt , nhà thiếu nhi quận 9 / 2 phút Đi bộ ra chợ Tăng Nhơn Phú B và Bách hoá Xanh. Khu dân cư thuận tiện đi lại , giờ giấc tự do, trường tiểu học Đình Phong Phú",tromoi.com
https://tromoi.com/phong-tro/nha-tro-com-sen-tai-duong-79-phuong-tang-nhon-phu-b-quan-9-ho-chi-minh,"Nhà Trọ Cốm Sen Tại Đường 79, Phường Tăng Nhơn Phú B, Quận 9, Hồ Chí Minh",3500000,20m²,"79, Tăng Nhơn Phú B, Quận 9, Hồ Chí Minh","PHÒNG MẶT TIỀN ĐƯỜNG 79 – TĂNG NHƠN PHÚ B, THỦ ĐỨC (QUẬN 9 CŨ) Địa chỉ: Đường 79, P. Tăng Nhơn Phú B, TP. Thủ Đức (Q9 cũ), TP.HCM Giá thuê: 3.500.000 VNĐ/tháng Diện tích: 20m² Vị trí thuận tiện: Nằm ngay mặt tiền đường 79 Không ngập nước, khu dân cư an ninh Gần ngã tư Thủ Đức, ngã tư Bình Thái, Đỗ Xuân Hợp, Lê Văn Việt Tiện ích tòa nhà: Bãi đậu xe máy rộng rãi Cửa khóa vân tay, camera an ninh, có nhân viên quản lý Trang bị PCCC, thang thoát hiểm Có thang máy, máy giặt chung Sân thượng thoáng mát Khu vực chung được dọn dẹp thường xuyên Có dịch vụ café, ăn nhẹ ngay tại tòa nhà Liên hệ chính chủ Mr. Thảo (Zalo): 0903 945 739",tromoi.com
https://tromoi.com/phong-tro/nha-tro-1306-17-quang-trung-phuong-14-quan-go-vap-thanh-pho-ho-chi-minh,"Nhà trọ 1306/17 Quang Trung, Phường 14, Quận Gò Vấp, Thành phố Hồ Chí Minh",3300000,30m²,"1306/17 Quang Trung, Phường 14, Quận Gò Vấp, Thành phố Hồ Chí Minh","Phòng trọ mới xây 30m2 giá chỉ 3trx ngay CV Phần mềm Quang Trung Địa chỉ: 1306/17 Quang Trung, P.14, Gò Vấp -- Phòng mới, sạch sẽ, thoáng mát -- Giờ giấc tự do, không chung chủ -- Khu dân cư an ninh, dân trí cao -- Nội thất: Máy lạnh, kệ bếp -- Free 2 xe Liên hệ: 0348459659 gặp anh Thịnh để xem phòng.",tromoi.com
https://tromoi.com/phong-tro/nha-tro-tai-74-tran-thanh-tong-phuong-15-quan-tan-binh-ho-chi-minh,"Nhà Trọ Tại 74 Trần Thánh Tông, Phường 15, Quận Tân Bình, Hồ Chí Minh",3100000,15m²,"74 Trần Thánh Tông, 15, Tân Bình, Hồ Chí Minh","Nhà Trọ Tại 74 Trần Thánh Tông, P.15, Tân Bình Địa chỉ: 74 Trần Thánh Tông, P.15, Tân Bình Giá thuê: 3.100.000 VNĐ/tháng Tiện ích nổi bật: Cửa sổ trời thoáng đãng Phòng sạch sẽ Giờ giấc tự do, không chung chủ Khóa cửa vân tay an toàn Hệ thống an ninh 24/7 Miễn phí giữ xe Vị trí thuận tiện: Gần trường đại học, chợ, hàng quán ăn uống, siêu thị tiện lợi,...",tromoi.com
https://tromoi.com/phong-tro/nha-tro-huynh-tinh-cua-phuong-19-binh-thanh-ho-chi-minh,"Nhà Trọ Huỳnh Tịnh Của , Phường 19 , Bình Thạnh, Hồ Chí Minh",6500000,25m²,"Huỳnh Tịnh Của, 19, Bình Thạnh, Hồ Chí Minh","Studio siêu mới có cửa sổ trời giá rẻ Studio sang xịn mịn ngay trung tâm Bình Thạnh giá cả siêu mềm phù hợp mọi lứa tuổi Căn hộ siêu tiện ích: - Đầy đủ nội thất mới, không cần sắm sửa thêm - Giờ giấc tự do, không chung chủ - Ra vào vân tay, camera an ninh 24/7 - Ngay trung tâm, tiện lợi di chuyển học tập, làm việc hiệu quả",tromoi.com
https://tromoi.com/phong-tro/nha-tro-tai-66-duong-so-2-phuong-13-quan-6-ho-chi-minh,"Nhà Trọ Tại 66 Đường Số 2, Phường 13, Quận 6, Hồ Chí Minh",2500000,15m²,"66, 2, 13, Quận 6, Hồ Chí Minh","PHÒNG CHO THUÊ QUẬN 6 – GIÁ HỢP LÝ, TIỆN NGHI, AN NINH Bạn nào đang tìm phòng trọ khu vực Quận 6 thì tham khảo phòng này nha: Vị trí: Ngay bên hông rạp chiếu phim Galaxy Kinh Dương Vương, đi vào khoảng 50m. Địa chỉ: 66 Đường Số 2, Phường 13, Quận 6. Thông tin phòng: Giá thuê: 2.500.000đ/tháng Diện tích: 15m² Điện: 3.800đ/kWh Nước, rác, wifi: 160.000đ/người Máy giặt dùng chung: 50.000đ/người Tiện ích: Giờ giấc tự do Không chung chủ Có camera an ninh Khu vực yên tĩnh, thuận tiện di chuyển Bạn nào quan tâm thì liên hệ trực tiếp số 0354607132 hoặc kết bạn Zalo để được tư vấn kỹ hơn nha.",tromoi.com
https://tromoi.com/phong-tro/phong-tro-den-xem-thuong-luong-gia-voi-chu,"Nhà Trọ Đường Tôn Đản, Phường 15, Quận 4, Hồ Chí Minh",2000000,5m²,"Tôn Đản, 15, Quận 4, Hồ Chí Minh","? PHÒNG CHO THUÊ GIÁ SINH VIÊN – CHỈ CHO NỮ Ở ? ? Địa chỉ: 315/14 Tôn Đản, P.15, Q.4, TP.HCM ? Liên hệ: Chị Ngọc Kim – 0797 107 458 Thông tin phòng: Diện tích khoảng 5m² (xem hình thực tế) Phòng trên lầu, có ban công , thoáng mát Toilet chung sạch sẽ Chỉ cho nữ thuê Tiện nghi có sẵn: ✅ Máy giặt ✅ Tủ lạnh ✅ Wifi miễn phí ✅ Khu vực nấu ăn ✅ Có chỗ để xe ✅ Điện, nước giá nhà nước Vị trí thuận tiện: Gần chợ , trường đại học , bệnh viện , quán ăn ... Hẻm rộng , dễ di chuyển",tromoi.com
https://tromoi.com/phong-tro/cho-thue-phong-tro-tret-gia-re-binh-tan,"Nhà Trọ Trệt Tại 127 Gò Xoài, Phường Bình Hưng Hoà A, Quận Bình Tân, Hồ Chí Minh",2400000,20m²,"127 Gò Xoài, Binh Hưng Hoà A, Bình Tân, Hồ Chí Minh","CHO THUÊ NHÀ TRỌ TẦNG TRỆT BÌNH TÂN GIÁ RẺ Địa chỉ: 127 Gò Xoài, phường Bình Hưng Hòa A, quận Bình Tân, TP.Hồ Chí Minh (Đến trực tiếp xem phòng bất cứ lúc nào – luôn có quản lý hỗ trợ xem phòng.) Thông tin phòng: Giá thuê: Từ 2.000.000đ – 2.400.000đ/tháng Cọc: 2.000.000đ Điện: 3.500đ/kWh Nước: 50.000đ/người Internet: Miễn phí Tiện ích nổi bật: Phòng trệt, rộng rãi, có gác cao thoáng mát. Mặt tiền Gò Xoài , trung tâm quận Bình Tân, thuận tiện đi lại. An ninh tốt , khu trọ sạch sẽ . Có khuôn viên cho trẻ em vui chơi. Gần chợ và nhiều tiện ích xung quanh. Vị trí đắc địa: Cách Tỉnh Lộ 10: 2 phút Cách Kinh Dương Vương: 10 phút Cách Aeon Mall Bình Tân: 10 phút Cách Aeon Mall Tân Phú: 10 phút ? Liên hệ: Tới trực tiếp 127 Gò Xoài để được quản lý hướng dẫn xem phòng.",tromoi.com
https://tromoi.com/phong-tro/nha-tro-7-3-duong-so-10-khu-pho-5-hiep-binh-chanh-thu-duc-ho-chi-minh,"Nhà Trọ 7/3, Đường số 10, Khu phố 5, Hiệp Bình Chánh, Thủ Đức, Hồ Chí Minh",2800000,20m²,"7/3, Đường số 10, Khu phố 5, P.Hiệp Bình Chánh, Thủ Đức, Hồ Chí Minh","Còn 1 phòng mặt tiền duy nhất còn trống và 1 phòng trong dãy - Hẻm đường trước nhà to rộng 10m, đường 2 mặt tiền - Diện tích 20m^2, có gác và sân trước rộng rãi, sạch sẽ, thoáng mát - Khu vực nhà trọ yên tĩnh, có camera đảm bảo an ninh - Điện: 4k/Kw , Nước: 20k/m3, Wifi: 70k/ tháng siêu mạnh ( nếu sử dụng) - Không chung chủ, giờ giấc tự do *Giá phòng mặt tiền : 2tr8 ( diện tích to hơn trong dãy và có khoảng sân rộng trước phòng) *Giá phòng trong dãy : 2tr5 Địa chỉ: 7/3 đường số 10, khu phố 5, Phường Hiệp Bình Chánh - TP. Thủ Đức ( Đằng sau siêu thị Coopmart Bình Triệu, gần chợ Bình Triệu, gần Đại học Luật ) Liên hệ : 0909696114 (Thủy) / 0968898566 (Dung)",tromoi.com
https://tromoi.com/phong-tro/nha-tro-so-315-ton-dan-phuong-15-quan-4-ho-chi-minh,"Nhà Trọ Số 315 Tôn Đản, Phường 15, Quận 4, Hồ Chí Minh",2500000,10m²,"315 Tôn Đản, 15, Quận 4, Hồ Chí Minh","CHO NỮ THUÊ PHÒNG — TÔN ĐẢN QUẬN 4 ?GIÁ 2tr5 ?địa chỉ: Tôn Đản, Phường 15, Quận 4, TP.HCM… ?Phòng có cửa sổ , ban công thoáng mát sạch sẽ , có chỗ để xe trong nhà , có sẵn thiết bị máy giặt tủ lạnh... ?Ưu tiên bao điện nước cho sinh viên • Vị trí hẻm 1 trục thẳng, xung quanh đầy đủ tiện ích, gần chợ, cây xăng, siêu thị, thuận tiện qua lại các quận 1,7,8 nhanh chóng. ☎️Liên hệ : 0707978039",tromoi.com
https://tromoi.com/phong-tro/nha-tro-duong-nguyen-hien-le-phuong-13-tan-binh-ho-chi-minh,"Nhà Trọ Đường Nguyễn Hiến Lê, Phường 13, Tân Bình, Hồ Chí Minh",4000000,25m²,"Nguyễn Hiến Lê, 13, Tân Bình, Hồ Chí Minh","?? STUDIO CỬA SỔ TRỜI RỘNG THOÁNG GIÁ RẺ KHU SÂN BAY ? chỉ 4trxxx ? Ngay cầu vượt Hoàng Hoa Thám, nhà ga T3. Etown Cộng Hoà, K300 Full nội thất, free xe, giờ giấc tự do, không chung chủ, xung quanh nhiều tiện ích,… Liên hệ: 0354096897 Hải Long",tromoi.com
https://tromoi.com/phong-tro/nha-tro-so-22-10-duong-duong-thieu-tuoc-quan-tan-phu-ho-chi-minh,"Nhà Trọ Số 22/10 Đường Dương Thiệu Tước, Quận Tân Phú, Hồ Chí Minh",4300000,20m²,"22/10 Đường Dương Thiệu Tước, Quận Tân Phú, Hồ Chí Minh","Đối diện AEON TÂN PHÚ, Đại học Công Thương, Cao Đẳng Kinh Tế Kỹ Thuật Sài Gòn.... Full nội thất: Máy giặt riêng, máy lạnh, quạt, tủ lạnh, máy nước nóng, tủ áo, giường nệm, bàn làm việc + ghế, kệ bếp, bếp từ, ấm siêu tốc... Không chung chủ, lối đi riêng, hầm giữ xe, bảo vệ 24/7, khóa vân tay, giờ giấc tự do Giá: 4,3 triệu/ tháng (chỗ phơi đồ riêng, có gác, phòng 02 cửa sổ). Cho nuôi thú cưng. Địa chỉ: 22/10 Dương Thiệu Tước, Quận Tân Phú, TPHCM (Đối diện AEON TÂN PHÚ). Còn 1 phòng",tromoi.com
https://tromoi.com/phong-tro/nha-tro-so-154-ly-chinh-thang-phuong-7-quan-3-ho-chi-minh,"Nhà Trọ Số 154 Lý Chính Thắng, Phường 7, Quận 3, Hồ Chí Minh",2500000,18m²,"Lý ChínhThắng, 7, Quận 3, Hồ Chí Minh","?Còn 3 phòng mới keng rộng rãi thoải mái như hình cho thuê tại địa chỉ hẻm 154 Lý Chính Thắng P7 Q3.(đối diện nhà khách T78.) xe hơi đến tận cửa.Khu vực cực kỳ yên tĩnh mát mẻ thoải mái,an ninh,giờ giấc tự do,không chung chủ.xe free 1chiếc. ? Giá 2tr5 2tr7.(phòng mới keng ở lầu 1 và lầu 4,có cửa sổ lớn ban công ,nệm,quạt,máy giặt chung...vv).Tolet Riêng trong phòng).hỗ trợ nội thất theo yêu cầu tính phí. ?Giá 3tr3.(phòng lầu 2 fuff nội thất máy lạnh tủ lạnh nệm quạt máy giặt chung,chỗ nấu ăn trước phòng. ?điện 4k/kw,nước 100/ng,xe+wifi+rác free.không phát sinh chi phí.Ai có nhu cầu vui lòng IB hoặc LH 0838.999988.0975572901.",tromoi.com
https://tromoi.com/phong-tro/phong-may-lanh-etown-cong-hoa,"Nhà Trọ Số 45/33 Đường Lê Văn Huân, Phường 13, Quận Tân Bình, Hồ Chí Minh",3000000,16m²,45/33 Le Van Huan,"Phòng máy lạnh đời mới inverter tiết kiệm điện, Diện tích 16m2, tường ốp gạch men sạch sẽ Máy lạnh, tủ lạnh( thêm 200k), cho mượn chăn ra gối nềm (nếu cần) bàn ghế( nếu cần) Thang máy, máy giặt chung, giờ giấc tự do, bạn bè người thân tự do. Khu vực an ninh, camera an ninh 24/24, khoá vân tay. Điện 3500kwh, nước 20k/m3, phí dich vụ 150k/phòng(thang máy, internet, chiếu sáng vệ sinh hành lang...),máy giặt 70k/người/tháng(nếu dùng) Max 2 xe máy(tay ga/150k, xe số 120k/tháng).",tromoi.com
https://tromoi.com/phong-tro/nha-tro-khu-cityyland-duong-so-12-phuong-10-quan-go-vap-thanh-pho-ho-chi-minh,"Nhà trọ Khu Cityyland, đường số 12, Phường 10, Quận Gò Vấp, Thành phố Hồ Chí Minh",22000000,80m²,"Khu Cityyland, đường số 12, Phường 10, Quận Gò Vấp, Thành phố Hồ Chí Minh","CHO THUÊ TẦNG TRỆT ĐỊA CHỈ: CITYLAND PHƯỜNG 10 GÒ VẤP HCM Có máy lạnh, tầng hầm .... Thích hợp: Văn phòng, showroom, Sapa ..... Khu vực dân cư đông đúc, văn phòng... LH 0392024290",tromoi.com
https://tromoi.com/phong-tro/nha-tro-hem-363-14-6-binh-loi-phuong-13-binh-thanh-ho-chi-minh,"Nhà Trọ Hẻm 363/14/6 Bình Lợi, Phường 13, Bình Thạnh, Hồ Chí Minh",3500000,22m²,363/14/6 Bình Lợi Phường 13 Quận Bình Thạnh,"CHÍNH CHỦ CHO THUÊ PHÒNG TRỌ – GẦN [Trường Đại Học Văn Lang] Địa chỉ: 363/14/6 Bình Lợi Phường 13 Quận Bình Thạnh Giá thuê: 3.500.000 VNĐ/tháng Diện tích: 22m² ✨ Tiện nghi: Phòng sạch sẽ, thoáng mát, có cửa sổ đón ánh sáng tự nhiên Có sẵn giường, tủ, máy lạnh/quạt, bàn học (nếu có) WC riêng Wifi tốc độ cao Gần các tiện ích: Chợ, siêu thị, Trường học cấp 1,2,3, Đại học Gần bến xe buýt, thuận tiện đi lại Giờ giấc tự do Ưu tiên: Sinh viên, người đi làm, lịch sự, sạch sẽ, có ý thức Liên hệ: 0918308982 & 0934138982",tromoi.com
https://tromoi.com/phong-tro/nha-tro-so-19a-nguyen-van-huyen-tan-thanh-tan-phu-ho-chi-minh,"Nhà Trọ Số 19A Nguyễn Văn Huyên, Tân Thành, Tân Phú, Hồ Chí Minh",2300000,16m²,"19A Nguyễn Văn Huyên, Tân Thành, Tân Phú, Hồ Chí Minh","Chính chủ cho thuê phòng trọ giá rẻ tại quận tân phú Diện tích: 16m2 Phòng trọ thoáng mát, sẽ sạch, yên tĩnh Khu vực an ninh cao, hàng xóm thân thiện Có gác lửng, toilet riêng, kệ bếp, bãi xe riêng Giờ giấc tự do, không chung chủ Gần chợ, trường học, công viên, các cửa hàng tiện lợi Liên hệ ngay để xem phòng 0983576060",tromoi.com
https://tromoi.com/phong-tro/nha-tro-duong-le-van-sy-phuong-1-tan-binh-ho-chi-minh,"Nhà Trọ Đường Lê Văn Sỹ, Phường 1, Tân Bình, Hồ Chí Minh",5000000,35m²,"Lê Văn Sỹ, 1, Tân Bình, Hồ Chí Minh",•Full Toàn Bộ Nội Thất •Không Chung Chủ •Giờ Giấc Tự Do •Thoải Mái Người Ở •Hầm Xe Rộng,tromoi.com
https://tromoi.com/phong-tro/nha-tro-quan-12,"Nhà Trọ Đường Tô Ký, Đông Hưng Thuận, Quận 12, Hồ Chí Minh",2000000,10m²,"Tô Ký, Đông Hưng Thuận, Quận 12, Hồ Chí Minh","Chính chủ cho thuê phòng trọ mới giá rẻ tại quận 12 Gần công viên phần mềm Quang Trung. Nội thất : Quạt, Máy lạnh Có sân thượng Có chổ phơi đồ Gần các trường ĐH,CĐ Giờ giấc tự do, Không chung chủ Ra vào vân tay, Có camera an ninh Chi phí dịch vụ: + Điện: 3k5 + Wfi : 50k/người + Dịch vụ: 100k/người (nước, rác, máy giặt,bảo trì định kỳ thiết bị nội thất)",tromoi.com
https://tromoi.com/phong-tro/234-le-duc-tho,"Nhà Trọ Số 234 Đường Lê Đức Thọ, Phường 6, Quận Gò Vấp, Hồ Chí Minh",4300000,25m²,"234 Lê Đức Thọ, 6, Gò Vấp, Hồ Chí Minh","!!!CÒN MỘT PHÒNG DUY NHẤT, MỘT PHÒNG DUY NHẤT CHO THUÊ NGAY ĐƯỜNG 234 LÊ ĐỨC THỌ FULL NỘI THẤT, TIỆN NGHI !!! Phòng mới xây, sạch sẽ, an ninh 24/24 Gần khu vực Dương Quảng Hàm, đh VLU, IUH Ra vào vân tay, để xe rộng rãi, nội thất tiện nghe Có thang máy rộng, máy giặt chung,Wifi mạnh Phù hợp sinh viên, nhân viên văn phòng, công tác Liên hệ xem phòng 089.8106.089 ( HÙNG)",tromoi.com
https://tromoi.com/phong-tro/phong-tro-co-gac-ban-cong-thoang-mat-ngay-benh-vien-175,"Nhà Trọ Đường Nguyễn Kiệm, Phường 3, Gò Vấp, Hồ Chí Minh",3800000,25m²,"Nguyễn Kiệm, 3, Gò Vấp, Hồ Chí Minh","?3.800.000 RA MẮT DUPLEX BAN CÔNG THOÁNG MÁT NGAY BỆNH VIỆN QUÂN Y 175 ———HỖ TRỢ GIỮ PHÒNG ĐẾN THÁNG 5——— ?Nguyễn Kiệm - P3 - Gò Vấp ✅ Thuận tiện di chuyển qua các Quận BT, Phú Nhuận,… ✅ FULL nội thất mới (máy lạnh,..) ✅ PCCC đạt chuẩn ✅ Ra vào vân tay, giờ giấc thoải mái ✅Máy giặt chung, sân rộng phơi đồ thoải mái ? Hỗ trợ giá ưu đãi cho sinh viên mới nhập học và hỗ trợ làm hợp đồng online cho 2k Liên hệ : ( Đạt Megas ) để được xem phòng và tư vấn trực tiếp nhé.",tromoi.com
https://tromoi.com/phong-tro/cho-thue-tro-duong-n3-giao-d4-khu-dan-cu-thuan-giao-binh-thuan-2-thuan-an-binh-duong,"Cho thuê trọ đường N3 giao D4, khu dân cư Thuận Giao, Bình Thuận 2, Thuận An, Bình Dương",1200000,18m²,"đường N3 giao D4, khu dân cư Thuận Giao, Bình Thuận 2, Thuận An, Bình Dương","Cho thuê trọ Ngày 10/04/25 bên em còn 1 phòng cho thuê do người thuê về quê Anh chị em có nhu cầu, vui lòng liên hệ di động 034 3772307 - Cô Lệ (Chủ trọ) Địa chỉ: đường N3 giao D4, khu dân cư Thuận Giao, Bình Thuận 2, Thuận An, Bình Dương (đối diện cà phê Cây Si) Trọ mới xây , có sân rộng để vui chơi, khu vực an ninh, nước sạch nhà nước. Giá chỉ 1.200/1 tháng (phòng phía ngoài)",tromoi.com
https://tromoi.com/phong-tro/cho-thue-tro-so-nha-66-13-ly-tu-tro-ng-khu-pho-binh-phuo-c-a-bi-nh-duong-cty-kim-tha-nh-a-co-he-m-va-o-da-y-tro-cuo-i,Cho thuê trọ Số nhà 66/13 Lý Tự trọng Khu Phố Binh Phước A Bình dương Cty Kim Thành A Có Hẻm Vào dãy Trọ Cuối,900000,18m²,"Số nhà 66/13 Lý Tự trọng, Khu Phố Binh Phước A, Bình dương Cty Kim Thành A Có Hẻm Vào dãy Trọ Cuối","Chính chủ cho thuê phòng Em có 1 phòng trống vào sáng mai anh chị có nhu cầu thêu phòng, có thể sắp xếp xem phòng vào sáng hoặc trong ngày mai ạ, Khuân viên nhà trọ thoáng mát, trước sau đều có sân, anh chị có con nhỏ không phải lo về không gian chơi với các con, giờ giấc tự do , an ninh tốt. Nhà trọ cách công ty kim thành A , 300m , mình đi Theo địa chỉ cty Kim thành A , em cho người ra đón vào ạ, ( em gim địa chỉ cty Kim thành A phía rưới) để anh chị tìm rễ hơn ạ ) Giá: 900k Cọc : 500k Số nhà 66/13 Lý Tự trọng Khu Phố Binh Phước A Bình dương Cty Kim Thành A Có Hẻm Vào dãy Trọ Cuối Địa chỉ dãy trọ Sdt: 0857746696 0949703621",tromoi.com
https://tromoi.com/phong-tro/nha-tro-nu-duong-phan-van-tri-phuong-12-binh-thanh-ho-chi-minh,"Nhà Trọ Nữ Đường Phan Văn Trị, Phường 12, Bình Thạnh, Hồ Chí Minh",1800000,16m²,"Phan Văn Trị, 12, Bình Thạnh, Hồ Chí Minh","Phòng cho nữ thuê tại Phan Văn Trị, Bình Thạnh - Vị trí: Khu phố sầm uất, đường 2 chiều, gần trung tâm, xung quanh đầy đủ các cửa hàng tiện lợi, quán ăn, quán nước, nhà thuốc, bệnh viện, siêu thị, nhà sách. - An ninh trật tự tốt; - Lối đi riêng, giờ giấc tự do, không chung chủ; - Phòng ở có wifi, rộng rãi, thoáng mát, sạch sẽ, yên tĩnh; - Số lượng: 1 người / phòng. - Chỉ cho nữ thuê. - Diện tích: 16 m2. * Liên hệ chính chủ.",tromoi.com
https://tromoi.com/phong-tro/nha-tro-hem-75-12-nguyen-van-cu-phuong-1-quan-5-ho-chi-minh,"Nhà Trọ Hẻm 75/12 Nguyễn Văn Cừ, Phường 1, Quận 5, Hồ Chí Minh",3700000,20m²,"75/12 Nguyễn Văn Cừ, 1, Quận 5, Hồ Chí Minh","Phòng: 3,7 triệu.(1 người) , 4,1 triệu (2 người) Tọa lạc tại địa chỉ 75/12 Nguyễn Văn Cừ, Phường 1, Quận 5, Hồ Chí Minh, phòng trọ này được thiết kế như căn phòng studio mini tiện nghi với không gian sống thoải mái. - Diện tích 18m2 với giá cho thuê chỉ 3,7 triệu VND. - Nội thất đầy đủ với điều hòa, giường, tủ lạnh, tạo điều kiện thuận lợi cho cuộc sống hàng ngày. - Phòng ngủ 1PN, phòng tắm 1WC, - Thời gian cho thuê linh hoạt, tối thiểu 1 năm. - Điểm đặc biệt: + Ngõ vào rộng 8m, thuận tiện cho việc di chuyển, phù hợp cho các phương tiện. - Gần các tiện ích: + Bệnh viện công an 30/4, bệnh viện răng hàm mặt TP.HCM, bệnh viện bệnh nhiệt đới. + Siêu thị Mẹ Bầu & Em Bé Con Cưng, Winmart+, siêu thị trang trí nội thất. + Công viên Dạ Nam, công viên Âu Lạc, công viên Khánh Hội. + Trường trung cấp Việt Giao - cơ sở 1, trường tiểu học Nhật Tảo, trường THCS Phan Sào Nam. Chi phí sinh hoạt: Nước 100 k Điện 4000 k Wifi 120 k Giặt máy 20 k /1 lần Xe miễn phí Liên hệ ngay để được tư vấn miễn phí qua số điện thoại 0903880169 và gặp Anh Phạm Hùng .",tromoi.com
https://tromoi.com/phong-tro/tim-1-nu-o-ghep-ung-van-khiem-binh-thanh-phong-2-7tr-2nguoi,"Nhà Trọ Đường Ung Văn Khiêm, Quận Bình Thạnh, Hồ Chí Minh",2700000,20m²,"Hẻm 281, Ung Văn Khiêm, P.25, Q. Bình Thạnh","Địa chỉ: Hẻm 281, đường Ung Văn Khiêm, P.25, Q. Bình Thạnh (cạnh bờ sông Sài Gòn — cao ráo, thoáng mát, không ngập) Tiện ích xung quanh: Gần chợ Văn Thánh , Co.opmart Pearl Plaza Khu an ninh , yên tĩnh Có chỗ để xe miễn phí , khu phơi đồ rộng rãi Thông tin phòng: Phòng cao ráo, có gác , trần cao thoáng mát Bếp nấu ăn & toilet riêng trong phòng Đã trang bị nội thất cơ bản , dọn vào ở ngay Ưu tiên: Nữ nhân viên văn phòng người miền Nam , ít đồ, sống healthy , gọn gàng – sạch sẽ – ngăn nắp Vì lý do riêng nên không đăng ảnh phòng — vui lòng đến xem trực tiếp để cảm nhận không gian. Liên hệ xem phòng: 0394 174 082",tromoi.com
https://tromoi.com/phong-tro/nha-tro-so-182-cong-hoa-phuong-12-quan-tan-binh-thanh-pho-ho-chi-minh,"Nhà Trọ số 182 Cộng Hòa, Phường 12, Quận Tân Bình, Thành phố Hồ Chí Minh",3700000,25m²,"182 Cộng Hòa, Phường 12, Quận Tân Bình, Thành phố Hồ Chí Minh","Nhà trọ 25-40m² tại Tân Bình - Giá chỉ từ 3.7 triệu - Gần Học viện Hàng không Cho thuê nhà trọ ở vị trí cực kỳ thuận tiện tại đường Cộng Hòa, Quận Tân Bình. Phòng rộng rãi, đầy đủ tiện nghi, thích hợp cho sinh viên, công nhân, cặp đôi, hay cả gia đình nhỏ. 🏠 Về nhà trọ Nhà trọ có diện tích từ 25m² đến 40m² Các phòng đều được trang bị đầy đủ tiện nghi như wifi, điều hòa, tủ lạnh, máy giặt, vệ sinh trong, kệ bếp… B 📍 Vị trí Nhà trọ nằm ngay trên đường Cộng Hòa, Phường 12, Quận Tân Bình, rất gần Học viện Hàng không và Đại học Công Thương. Giao thông cực kì thuận tiện, đi lại dễ dàng, xung quanh có rất nhiều chợ, siêu thị, bệnh viện, công viên, bến xe bus… Đến chỗ làm, đi học đều nhanh chóng hết á. 💰 Giá thuê Giá thuê từ 3.7 triệu đến 5.5 triệu/tháng tùy diện tích phòng. Liên hệ mình để xem phòng và thỏa thuận chi tiết nhé! Cọc một tháng,hợp đồng 6-12 tháng. Liên hệ 0374.643.542 để xem phòng !",tromoi.com
https://tromoi.com/phong-tro/nha-tro-27-tran-mai-ninh-phuong-12-quan-tan-binh-thanh-pho-ho-chi-minh,"Nhà trọ 27 Trần Mai Ninh, Phường 12, Quận Tân Bình, Thành phố Hồ Chí Minh",4400000,25m²,"27 Trần Mai Ninh, Phường 12, Quận Tân Bình, Thành phố Hồ Chí Minh","Duplex có ban công đầy đủ nội thất - Máy lạnh, tủ lanh, tủ quần áo, bếp, bàn,... - Cửa vân tay, giờ giấc tự do - Không chung chủ - Không giới hạn người ở",tromoi.com
https://tromoi.com/phong-tro/nha-tro-lien-khu-2-10-binh-hung-hoa-a-quan-binh-tan-thanh-pho-ho-chi-minh,"Nhà trọ Liên Khu 2-10, Binh Hưng Hoà A, Quận Bình Tân, Thành phố Hồ Chí Minh",2600000,20m²,"Liên Khu 2-10, Binh Hưng Hoà A, Quận Bình Tân, Thành phố Hồ Chí Minh","3 phòng kiot. 1 phòng 2 mặt tiền hẻm rộng. Buôn bán được (ăn sáng, online, tạp hoá...). Chỉ tiếp ng thuê ít người, ít đồ. Cọc 1 tháng, điện 3,5k.",tromoi.com
https://tromoi.com/phong-tro/nha-tro-66-le-loi-phuong-4-quan-go-vap-ho-chi-minh,"Nhà Trọ 66 Lê Lợi, Phường 4, Quận Gò Vấp, Hồ Chí Minh",3500000,16m²,"Lê Lợi, 4, Gò Vấp, Hồ Chí Minh","CHO THUÊ PHÒNG TRỌ – GÒ VẤP, GẦN TRƯỜNG ĐẠI HỌC CÔNG NGHIỆP Địa chỉ: 66 Lê Lợi, Phường 4, Quận Gò Vấp, TP. HCM Diện tích: 16m² – Có toilet riêng, bồn rửa tay, quạt máy, máy lạnh inverter mới Không chung chủ – giờ giấc tự do, thoải mái, riêng tư Tiện ích: Có WiFi mạnh, điện 3 pha – nước máy (tính giá nhà nước) Có nhân viên giữ xe Gần Trường Đại học Công Nghiệp (chỉ <100m) – quá tiện cho sinh viên Cách chợ Hạnh Thông Tây ~2km, Emart Gò Vấp ~3km Thuận tiện di chuyển qua các quận: Gò Vấp, Bình Thạnh, Phú Nhuận... Gửi xe: 80.000đ/tháng Liên hệ xem phòng: 0964 202 802",tromoi.com
https://tromoi.com/phong-tro/nha-tro-duong-cong-hoa-phuong-12-tan-binh-ho-chi-minh,"Nhà Trọ 182 Đường Cộng Hòa, Phường 12, Tân Bình, Hồ Chí Minh",3700000,40m²,"182 Cộng Hòa, 12, Tân Bình, Hồ Chí Minh","Phòng trọ số 182 Cộng Hòa - Giá tốt, vị trí đắc địa Mình đang cho thuê phòng trọ ở mặt tiền đường Cộng Hòa, rất lý tưởng cho sinh viên, công nhân, nhân viên văn phòng. Phòng mới, sạch sẽ, đảm bảo an ninh, tiện nghi đầy đủ, dọn vào là ở ngay. 🏠 Về phòng trọ Có nhiều lựa chọn diện tích khác nhau từ 16m2 đến 40m2, phù hợp cho 2 hoặc 3 người ở. Nội thất cơ bản, có chỗ nấu ăn và toilet riêng, đảm bảo sự riêng tư và thoải mái cho bạn. Không gian thoáng mát, sạch sẽ, dọn vào là ở ngay. 📍 Vị trí Vị trí mặt tiền đường Cộng Hòa, Quận Tân Bình, rất thuận tiện di chuyển. Gần nhiều cửa hàng tiện lợi, siêu thị, trường học, chợ, và đường 2 chiều thông thoáng dễ dàng di chuyển qua các quận trung tâm thành phố. 💰 Giá thuê Giá thuê dao động từ 3.7 triệu đến 5.5 triệu/tháng tùy diện tích và số người ở. Liên hệ mình để biết thêm chi tiết và xem phòng nhé! Liên hệ 0915.354.994 để xem phòng ngay!",tromoi.com
https://tromoi.com/phong-tro/nha-tro-duong-pham-dang-giang-binh-hung-hoa-quan-binh-tan-ho-chi-minh,"Nhà Trọ Đường Phạm Đăng Giảng, Bình Hưng Hòa, Quận Bình Tân, Hồ Chí Minh",3000000,20m²,"Phạm Đăng Giảng, Binh Hưng Hoà B, Bình Tân, Hồ Chí Minh","PHÒNG TRỐNG BAN CÔNG RIÊNG – CHỈ 5 PHÚT TỚI ĐH CÔNG THƯƠNG Địa chỉ: Nhà trọ đường Phạm Đăng Giảng, P. Bình Hưng Hòa, Q. Bình Tân Giá thuê: 3.000.000đ – 3.300.000đ/phòng Điện: 3,5k/số Nước: 120k/người Phí quản lý: 120k/phòng Giữ xe: 100k/chiếc Phòng rộng, có ban công riêng , thoáng mát Có gác lửng , máy giặt dùng chung , máy lọc nước R.O Điều hoà , bình nóng lạnh , kệ bếp , tủ quần áo , WC riêng trong phòng Thang máy , bãi xe riêng , camera an ninh 24/7 đảm bảo an toàn Liên hệ ngay: 0843 907 615 (Gặp A. T.Anh để xem phòng trực tiếp) Số lượng có hạn – Ưu tiên người đến sớm!",tromoi.com
https://tromoi.com/phong-tro/1396-33-33-le-duc-tho,"Nhà Trọ Số 1396/33/33 Lê Đức Thọ, Phường 13, Quận Gò Vấp, Hồ Chí Minh",4000000,35m²,"Lê Đức Thọ, 13, Gò Vấp, Hồ Chí Minh","? NHÀ CHO THUÊ - GIÁ RẺ GÒ VẤP ? Địa chỉ : Lê Đức Thọ, Gò Vấp (Hẻm xe tải lớn – hẻm thông tứ xuyên) ? Nhà trống từ : 29/4 ? Diện tích : 30m² ? Giá thuê : 4 triệu/tháng – Cọc 1 tháng ? Ưu đãi : Giảm ngay 1 triệu cho tháng 5 ? Chỉ còn 3 triệu! ? Nhà mới sơn sửa, sạch sẽ – phù hợp ở gia đình hoặc bán hàng online ? Khu dân cư văn minh, yên tĩnh – hẻm thông tiện đi lại ? Gần chợ, siêu thị, thuận tiện ra Phạm Văn Chiêu, Quang Trung, Lê Văn Thọ, Q12 ? Giờ giấc tự do, không chung chủ ? Full nội thất cơ bản : Máy lạnh Tủ quần áo Kệ bếp, tủ bếp Gác cao, nấu ăn thoải mái Camera an ninh Được nuôi pet ?? Có sân để xe, khoá vân tay an toàn ? Chi phí khác : Điện: 3.500đ/kWh Nước máy: 80k/người Dịch vụ, wifi, vệ sinh: 150k/phòng Gửi xe: Free ? Liên hệ ngay để giữ chỗ – số lượng có hạn!",tromoi.com
https://tromoi.com/phong-tro/nha-tro-hem-32-7-bui-dinh-tuy-phuong-12-binh-thanh-ho-chi-minh,"Nhà Trọ Hẻm 32/7 Bùi Đình Tuý , Phường 12, Bình thạnh, Hồ Chí Minh",4000000,15m²,"Bùi Đình Túy, 12, Bình Thạnh, Hồ Chí Minh","Có gác giờ giấc tự do , có cửa ra vào vân tay có thang máy điện : 4k nước : 20k Dịch vụ 100k / người : ( thang máy , rác , vệ sinh , máy giặc , net) xe ( ga) : 150k xe( số) :100k",tromoi.com
https://tromoi.com/phong-tro/nha-tro-56-1-8-van-chung-phuong-13-quan-tan-binh-thanh-pho-ho-chi-minh,"Nhà trọ 56/1/8 Văn Chung, Phường 13, Quận Tân Bình, Thành phố Hồ Chí Minh",3900000,20m²,"56/1/8 Văn Chung, Phường 13, Quận Tân Bình, Thành phố Hồ Chí Minh","Phòng Trọ đầy đủ nội thất - An ninh, camera 24/24 - Không giới hạn người ở - Giờ giấc tự do",tromoi.com
https://tromoi.com/phong-tro/nha-tro-750-1-16-nguyen-kiem-phuong-4-quan-phu-nhuan-thanh-pho-ho-chi-minh,"Nhà trọ 750/1/16 Nguyễn Kiệm, Phường 4, Quận Phú Nhuận, Thành phố Hồ Chí Minh",5500000,25m²,"750/1/16 Nguyễn Kiệm, Phường 4, Quận Phú Nhuận, Thành phố Hồ Chí Minh","Phòng Studio đầy đủ nội thất - Phòng sạch sẽ, thoáng mát, cửa sổ lớn - An ninh, camera 24/24 - Cửa vân tay, giờ giấc tự do - Không giới hạn người ở",tromoi.com
https://tromoi.com/phong-tro/nha-tro-tai-le-quang-dinh-phuong-11-quan-binh-thanh-ho-chi-minh,"Nhà Trọ Tại Lê Quang Định, Phường 11, Quận Bình Thạnh, Hồ Chí Minh",6000000,22m²,"Lê Quang Định, 11, Bình Thạnh, Hồ Chí Minh","PHÒNG CHO THUÊ ĐẦY ĐỦ NỘI THẤT – LÊ QUANG ĐỊNH, P11, BÌNH THẠNH Địa chỉ: Hẻm xe hơi Lê Quang Định, Phường 11, Quận Bình Thạnh, TP.HCM Giá thuê: 5.500.000đ/tháng (có thương lượng nhẹ) Diện tích: 22m² Tiện nghi đầy đủ – Dọn vào ở ngay: Máy lạnh Ban công thoáng mát Wifi mạnh Kệ bếp + tủ lạnh WC riêng trong phòng Giường, nệm (tặng nệm khi dọn vào) Máy giặt dùng chung Tủ quần áo Camera an ninh Bãi để xe riêng Cửa ra vào vân tay – cực kỳ an toàn Hẻm xe hơi to, thuận tiện di chuyển – khu vực an ninh, dân trí cao. Liên hệ ngay để xem phòng và giữ chỗ nhé! -- (0909761779)",tromoi.com
https://tromoi.com/phong-tro/nha-tro-hem-243-32-ton-that-thuyet-phuong-3-quan-4-ho-chi-minh,"Nhà Trọ Hẻm 243/32 Tôn Thất Thuyết, Phường 3, Quận 4, Hồ Chí Minh",2500000,20m²,243/32,"CẦN CHO THUÊ PHÒNG Nhà ít người.Còn trống 3 Phòng trên Lầu.Cần cho Thuê ( Ưu tiên cho Nhân Viên Văn Phòng ) Khu vực yên tĩnh.Nhà đẹp.Phòng trống.sạch sẽ.dọn đến ở ngay. DT: 4m×5m.Có Tolette trong phòng. Tôn Thất Thuyết.Q4.gần Cầu Kênh Tẻ.thuận lợi qua các Quận .1-3-5-7-8.chỉ mất 10 phút. Giá: 2,5 Triệu/tháng. Giờ giấc thoải mái ( chìa khóa riêng ) Liên hệ Chủ nhà.Thầy Tùng 0903841432",tromoi.com
https://tromoi.com/phong-tro/nha-tro-so-9-duong-18e-phuong-binh-hung-hoa-a-quan-binh-tan-ho-chi-minh,"Nhà Trọ Số 9 Đường 18E, Phường Bình Hưng Hòa A, Quận Bình Tân, Hồ Chí Minh",1300000,25m²,"Số 9 Đường 18E, Binh Hưng Hoà A, Bình Tân, Hồ Chí Minh","CÒN TRỐNG 4 PHÒNG CHO THUÊ – BÌNH TÂN – AN NINH – THOÁNG MÁT Địa chỉ: Số 9 Đường 18E, Phường Bình Hưng Hòa A, Quận Bình Tân, TP.HCM (Gần đường lớn Tân Kỳ Tân Quý, Tỉnh Lộ 10 – thuận tiện đi lại) Thông tin phòng: 2 phòng trệt và 2 phòng lầu 1 Phòng an ninh, thoáng mát, rộng rãi Có gác lửng , kệ bếp , vệ sinh trong phòng Camera an ninh , bảo vệ , khóa vân tay Có bãi giữ xe riêng Giờ mở cửa: từ 5h00 đến 23h00 Giá thuê: Lầu 1: 1.900.000đ/tháng Trệt: 2.300.000đ/tháng Trệt nhỏ: 1.300.000đ/tháng ? Chi phí khác: Điện: 3.500đ/kWh Nước: 50.000đ/người Xe: 100.000đ/tháng Rác: 40.000đ/tháng Liên hệ: C. Bằng: 0903 260 519 (có Zalo) Anh Nghĩa: 0906 792 234 Phòng đầy đủ tiện nghi – vào ở ngay!",tromoi.com
https://tromoi.com/phong-tro/nha-tro-moi-tai-phan-dang-luu-phuong-8-quan-phu-nhuan-ho-chi-minh,"Nhà Trọ Mới Tại Phan Đăng Lưu, Phường 8, Quận Phú Nhuận, Hồ Chí Minh",5300000,30m²,"Phan Đăng Lưu, 8, Phú Nhuận, Hồ Chí Minh","PHÒNG CHO THUÊ MỚI, FULL NỘI THẤT - PHÚ NHUẬN TRUNG TÂM Địa chỉ: Phan Đăng Lưu, Phường 8, Quận Phú Nhuận, TP.HCM Vị trí cực kỳ thuận tiện: gần trường học, ngân hàng, bệnh viện, khu văn phòng ... trung tâm quận Phú Nhuận! Phòng rộng 30m² , thiết kế hiện đại, nội thất mới - xịn - chưa qua sử dụng , bao gồm: Sofa cao cấp Máy lạnh Tủ lạnh Kệ bếp tiện nghi Giường nệm êm ái Tủ quần áo rộng rãi Wifi tốc độ cao Dịch vụ quản lý chuyên nghiệp : Hệ thống giặt sấy dùng chung Camera an ninh toàn khu Cửa vân tay an toàn + hệ thống quản lý tòa nhà Giá chỉ: 5.300.000đ/tháng Liên hệ: 0934 243 250 để xem phòng trực tiếp! Xin cảm ơn bạn đã đọc tin!",tromoi.com
https://tromoi.com/phong-tro/nha-tro-so-299-2a-duong-binh-thanh-phuong-binh-hung-hoa-b-binh-tan-quan-binh-tan-ho-chi-minh,"Nhà Trọ Số 299/2A Đường Bình Thành , Phường Bình Hưng Hòa B Bình Tân, Quận Bình Tân, Hồ Chí Minh",2800000,20m²,"Binh Hưng Hoà B, Bình Tân, Hồ Chí Minh","Phòng cho thuê - Bình Tân ? Giá: 2 triệu 800k/tháng ? Địa chỉ: 299/2A Bình Thành, P. Bình Hưng Hòa B, Q. Bình Tân ? Phòng P5 - Lầu 1 Nội thất: ✅ Đầy đủ như hình (có thể gửi hình nếu cần) ? Xài thêm máy giặt: +50k/tháng Chi phí khác: ⚡️ Điện: 3.800đ/kWh ? Nước: 100k/người ? Quản lý + Dịch vụ: 150k/tháng ? Giữ xe: Free 1 xe Thêm xe: 100k/chiếc ? Liên hệ: 0327037747 Phan Công Danh",tromoi.com
https://tromoi.com/phong-tro/nha-tro-tai-122-nguyen-cuu-dam-phuong-tan-son-nhi-quan-tan-phu-ho-chi-minh,"Nhà Trọ Tại 122 Nguyễn Cửu Đàm, Phường Tân Sơn Nhì, Quận Tân Phú, Hồ Chí Minh",3000000,15m²,"122 Nguyễn Cửu Đàm, Tân Sơn Nhì, Tân Phú, Hồ Chí Minh","PHÒNG TRỌ THOÁNG MÁT – GIỜ GIẤC TỰ DO – TÂN PHÚ Địa chỉ: 122 Nguyễn Cửu Đàm, Phường Tân Sơn Nhì, Quận Tân Phú, TP. HCM Thông tin chi tiết: Phòng có cửa sổ lớn thoáng mát , đầy đủ ánh sáng tự nhiên Giường nệm sẵn , chỉ cần dọn vào ở Có kệ bếp riêng , tiện nấu nướng Phòng tắm riêng sạch sẽ Máy giặt dùng chung tiện lợi Tiện ích: Wifi tốc độ cao Có bãi để xe riêng Giờ giấc tự do – không chung chủ Chi phí: Giá phòng: 3.000.000đ/ Giá điện: 3.800đ/kWh Nước: 100.000đ/người Phí dịch vụ: 250.000đ/người Liên hệ: 0967 892 210 để xem phòng ngay!",tromoi.com
https://tromoi.com/phong-tro/nha-tro-451-36-2-to-hien-thanh-phuong-14-quan-10-thanh-pho-ho-chi-minh,"Nhà trọ 451/36/2 Tô Hiến Thành, Phường 14, Quận 10, Thành phố Hồ Chí Minh",4000000,20m²,"451/36/2 Tô Hiến Thành, Phường 14, Quận 10, Thành phố Hồ Chí Minh","Phòng Trọ Giờ Tự Do: 451/36/2 Tô Hiến Thành, P.14, Q. 10. Phòng có cửa sổ thoáng mát. Không giới hạn người ở. Khu an ninh, yên tĩnh. Gần Đại Học Bách Khoa, siêu thi Big c. + Phòng đầy đủ tiện nghi. + Có máy giặt. + WC riêng. + Miễn phí Xe + Giờ tự do. + Miễn phí nuớc bình. + Có thiết bị phòng cháy an toàn. Giá : 4 Triệu/ tháng",tromoi.com
https://tromoi.com/phong-tro/nha-tro-tai-so-13-duong-binh-gia-phuong-13-quan-tan-binh-ho-chi-minh,"Nhà Trọ Tại Số 13, Đường Bình Giã, Phường 13, Quận Tân Bình, Hồ Chí Minh",3200000,20m²,"Bình Giã, 13, Tân Bình, Hồ Chí Minh","PHÒNG TRỌ CHO THUÊ – BÌNH GIÃ, TÂN BÌNH – GẦN ETOWN, GA T3 Địa chỉ: 23 Bình Giã, P13, Tân Bình Giá thuê: 3.2 triệu/tháng Diện tích: 20m² Tiện nghi đầy đủ: Máy lạnh Máy nước nóng WC riêng Quạt máy Kệ bếp Wifi Bãi để xe riêng Vị trí thuận tiện: Gần Etown Gần nhà ga T3 Dễ dàng di chuyển qua các quận trung tâm Phòng sạch sẽ, an ninh tốt, giờ giấc tự do Liên hệ chính chủ: 0934695521 – Xem phòng ngay! Share giúp nếu bạn bè cần nha!",tromoi.com
https://tromoi.com/phong-tro/ky-tuc-xa-tai-38-55-che-lan-vien-phuong-tay-thanh-quan-tan-phu-ho-chi-minh,"Ký Túc Xá Tại 38/55 Chế Lan Viên, Phường Tây Thạnh, Quận Tân Phú, Hồ Chí Minh",1450000,30m²,"Chế Lan Viên, Tây Thạnh, Tân Phú, Hồ Chí Minh","CHO THUÊ KÝ TÚC XÁ – CÁCH ĐẠI HỌC CÔNG THƯƠNG CHỈ 250M Bạn đang tìm chỗ ở đầy đủ tiện nghi, giá cả phải chăng và cực kỳ tiện lợi gần trường? Địa chỉ: 38/55 Chế Lan Viên, Phường Tây Thạnh, Quận Tân Phú, Hồ Chí Minh Trang thiết bị hoàn toàn mới: Chăn drap gối nệm sạch sẽ, êm ái Máy lạnh, tủ lạnh, tủ đông, tủ mát, máy giặt, máy sấy Bếp nấu, nồi niêu xoong chảo, dao kéo, chén dĩa – MIỄN PHÍ Nước uống – FREE Gia vị nấu ăn – FREE Dịch vụ vệ sinh – FREE Điện, nước, WiFi – FREE Gửi xe – FREE Giờ giấc tự do 24/24 Nhiều loại phòng – Giá chỉ từ 1.450.000đ đến 1.850.000đ/tháng Gần chợ, công viên, siêu thị, trường học, bệnh viện, trung tâm thể thao, bến xe buýt – Cực kỳ thuận tiện! Liên hệ Mr. Thanh: 0966 397 739 (gọi/zalo) Nhanh tay vì phòng đẹp luôn full sớm nhé!",tromoi.com
https://tromoi.com/phong-tro/nha-tro-duong-nguyen-trai-phuong-nguyen-cu-trinh-quan-1-thanh-pho-ho-chi-minh,"Nhà trọ đường Nguyễn Trãi, Phường Nguyễn Cư Trinh, Quận 1, Thành phố Hồ Chí Minh",5500000,30m²,"Nguyễn Trãi, Phường Nguyễn Cư Trinh, Quận 1, Thành phố Hồ Chí Minh","Chính chủ cho thuê Vị trí: Nguyễn Trãi, Quận 1 Phòng full nội thất, có ban công thoáng mát Giờ giấc tự do, không chung chủ, ra vào vân tay Gần: Đh Văn Lang, Chợ Bến Thành, Phố Tây Bùi Viện, Vòng Xoay Cống Quỳnh, Bệnh Viện Từ Dũ, Liên hệ để được hỗ trợ tư vấn 24/24 Call/zalo: 0842660388( Mỹ Linh ) Hỗ trợ thuê căn hộ Duplex, studio, 1 phòng ngủ, 2 phòng ngủ ở tất cả các quận tại SG - Có nhận khách ngắn hạn từ 1 tháng - Có cho khách thuê làm AirBnB",tromoi.com
https://tromoi.com/phong-tro/nha-tro-78-bay-hien-phuong-11-quan-tan-binh-ho-chi-minh,"Nhà trọ 78 Bảy Hiền, Phường 11, Quận Tân Bình, Hồ Chí Minh",3500000,15m²,"78 Bảy Hiền, 11, Tân Bình, Hồ Chí Minh","Toà nhà 5 tầng, thang máy, đầy đủ tiện nghi Thông tin tổng quan: Tòa nhà gồm 5 tầng, có 9 phòng, mỗi phòng đều là dạng 1 máy lạnh – 1 mặt bằng riêng biệt. Toà nhà được trang bị thang máy, thuận tiện cho việc di chuyển. Thông tin mặt bằng và phòng trống: Diện tích tổng thể: 6 x 12 m Mặt bằng chính: giá thuê 10 triệu đồng Có 1 phòng nhỏ (diện tích 3.5 x 8 m) đã được cho thuê Phòng được trang bị máy lạnh, tủ áo, tủ bếp riêng biệt Chi phí sinh hoạt: Điện: 3,800đ/kWh Thang máy: miễn phí Nước: 120,000đ/người Dịch vụ (bao gồm rác, wifi): 150,000đ/phòng Xe: miễn phí (không nhận xe điện) Quy định số lượng người và phương tiện: Tối đa 2 người/phòng Tối đa 2 xe/phòng Không nhận xe điện Mỗi phòng có ban công riêng, thuận tiện cho việc phơi đồ Chính sách cọc và thanh toán: Đặt cọc 1 tháng tiền nhà Có thể đặt cọc giữ phòng tối thiểu 2 triệu trong 3 ngày Sau 3 ngày, cần bổ sung đủ tiền cọc Thời gian giữ phòng tối đa 7 ngày kể từ ngày cọc Khi nhận phòng, khách thanh toán đủ tiền cọc và tiền nhà tháng đầu tiên Từ tháng thứ 2 trở đi, thanh toán tiền nhà trong khoảng từ ngày 01 đến 05 hằng tháng Đánh giá tổng quan: Phòng phù hợp cho người đi làm hoặc cặp đôi, ưu điểm là có thang máy, khu vực phơi đồ riêng từng phòng, đầy đủ nội thất cơ bản và chi phí sinh hoạt rõ ràng. Chủ nhà có quy trình cọc và thanh toán minh bạch.",tromoi.com
https://tromoi.com/phong-tro/nha-tro-251-le-quang-dinh-phuong-7-quan-binh-thanh-ho-chi-minh,"Nhà Trọ 251 Lê Quang Định, Phường 7, Quận Bình Thạnh, Hồ Chí Minh",8000000,60m²,"Lê Quang Định, 7, Bình Thạnh, Hồ Chí Minh","PHÒNG CHO THUÊ RỘNG RÃI – FULL NỘI THẤT – DỌN VÀO Ở NGAY Địa chỉ: Nhà Trọ 251 Lê Quang Định, Phường 7, Quận Bình Thạnh, TP. HCM Vị trí cực kỳ tiện lợi – gần chợ, siêu thị , thuận tiện đi lại các quận trung tâm! Thông tin chi tiết: Diện tích: 60m² Giá thuê: 8.000.000đ/tháng Dọn vào là ở ngay – không cần sắm gì thêm! Tiện nghi đầy đủ: Máy lạnh Tủ lạnh Giường nệm Máy giặt Tủ quần áo Bình nóng lạnh Phòng tắm + vệ sinh riêng Wifi tốc độ cao Sân thượng thoáng mát Bãi để xe riêng rộng rãi An ninh đảm bảo: Hệ thống camera giám sát Khu vực dân cư an ninh, yên tĩnh Liên hệ ngay: 0814035992 để xem phòng trực tiếp! Cảm ơn bạn đã xem tin!",tromoi.com
https://tromoi.com/phong-tro/nha-tro-tai-ten-lua-phuong-binh-tri-dong-b-quan-binh-tan-ho-chi-minh,"Nhà Trọ Tại Tên Lửa, Phường Bình Trị Đông B, Quận Bình Tân, Hồ Chí Minh",2500000,35m²,"Tên Lửa, Bình Trị Đông B, Bình Tân, Hồ Chí Minh","CẬP NHẬT CỰC PHẨM PHÒNG TRỌ - TÊN LỬA, BÌNH TÂN Vị trí xịn xò, tiện nghi đầy đủ – Giá mềm bất ngờ! 332 Tên Lửa, Phường Bình Trị Đông B, Quận Bình Tân Mặt tiền đường lớn, gần AEON Mall Bình Tân Phòng P201: Diện tích: 18m² Có toilet riêng , ban công , cửa sổ thoáng mát Nội thất: máy lạnh Giá thuê: 3.200.000đ/tháng Điện: 4.000đ/kWh Nước: 29.000đ/m³ Phí dịch vụ: 100.000đ/tháng Gửi xe: 100.000đ/chiếc Phòng P203 Diện tích: 30 m² Giá thuê: 2.500.000đ/tháng Điện: 4.000đ/kWh Nước: 29.000đ/m³ Phí dịch vụ: 100.000đ/tháng Gửi xe: 100.000đ/chiếc Inbox hoặc gọi/zalo để xem phòng ngay hôm nay nha! Phòng đẹp - vị trí đỉnh - không xem là tiếc đó!",tromoi.com
https://tromoi.com/phong-tro/nha-tro-chu-van-an-phuong-26-quan-binh-thanh-thanh-pho-ho-chi-minh,"Nhà trọ Chu Văn An, Phường 26, Quận Bình Thạnh, Thành phố Hồ Chí Minh",5000000,35m²,"Chu Văn An, Phường 26, Quận Bình Thạnh, Thành phố Hồ Chí Minh","SIÊU PHẨM CĂN HỘ – CHU VĂN AN, BÌNH THẠNH Chỉ 5 triệu/tháng – Sở hữu ngay căn hộ 35m² , full nội thất xịn sò, nằm trong khu vực cực kỳ tiện lợi! Toà nhà an ninh tuyệt đối : • Camera giám sát 24/7 • Cửa khóa vân tay – ra vào an toàn, tiện lợi Căn hộ siêu tiện nghi : • Full nội thất: giường, tủ, máy lạnh, bếp, máy nước nóng,... • Cửa sổ thoáng mát – ánh sáng tự nhiên tràn vào mỗi sáng Vị trí đỉnh cao : • Gần siêu thị, chợ, quán ăn, cafe • Di chuyển nhanh chóng qua Quận 1, Phú Nhuận, Gò Vấp Chỉ cần xách vali vào ở – không cần mua sắm gì thêm ! Căn này đẹp, sạch, an ninh, giá quá mềm so với mặt bằng Bình Thạnh.",tromoi.com
https://tromoi.com/phong-tro/nha-tro-duong-tran-quang-khai-phuong-tan-dinh-quan-1-thanh-pho-ho-chi-minh,"Nhà trọ đường Trần Quang Khải, Phường Tân Định, Quận 1, Thành phố Hồ Chí Minh",5000000,25m²,"Trần Quang Khải, Phường Tân Định, Quận 1, Thành phố Hồ Chí Minh","CHO THUÊ CĂN HỘ CÓ GÁC - AN NINH – QUẬN 1, TÂN ĐỊNH Căn hộ mới 100% – Tiện nghi đầy đủ • Không chung chủ , thoải mái riêng tư • Mặt tiền – dễ dàng di chuyển, gần các tiện ích • Thang máy tiện lợi, lên xuống nhanh chóng • Nội thất đầy đủ, đẹp – chỉ cần xách vali vào ở ngay! An ninh 24/7 – yên tâm tuyệt đối Liên hệ ngay : 0354.923.582 – Cẩm Hà Megas để không bỏ lỡ cơ hội sở hữu căn hộ lý tưởng này!",tromoi.com
https://tromoi.com/phong-tro/nha-tro-tai-92-thanh-my-loi-phuong-thanh-my-loi-quan-2-ho-chi-minh,"Nhà Trọ Tại 92 Thạnh Mỹ Lợi, Phường Thạnh Mỹ Lợi, Quận 2, Hồ Chí Minh",3800000,28m²,"Thạnh Mỹ Lợi, Thạnh Mỹ Lợi, Quận 2, Hồ Chí Minh","CÒN 1 PHÒNG GIÁ HẠT DẺ – TRỐNG SẴN – THANG MÁY – TIỆN NGHI ĐẦY ĐỦ Q2 ✨ Địa chỉ: 92 Thạnh Mỹ Lợi, P. Thạnh Mỹ Lợi, Q2 (TP Thủ Đức) Vị trí siêu tiện lợi – gần chợ, quán ăn, ngân hàng, nhà thuốc, bệnh viện, cây xăng,… Tiện ích nổi bật: Phòng sạch sẽ – thoáng mát Giờ giấc tự do , không chung chủ Tòa nhà có thang máy , tiện lợi di chuyển Hầm xe rộng rãi , ra vào bằng khóa vân tay Máy giặt chung cho cư dân Sân thượng cực chill – view thẳng Landmark 81 Có gác lửng, vệ sinh riêng, máy lạnh, kệ bếp Wifi mạnh , camera an ninh 24/7 Bãi để xe riêng Giá: 3.800.000đ/tháng Diện tích: 28m² Liên hệ xem phòng miễn phí: Gọi hoặc ib Zalo SĐT: 0945781171 Hỗ trợ tư vấn tìm phòng khu vực Q2 nhiệt tình – không mất phí!",tromoi.com
https://tromoi.com/phong-tro/nha-tro-tai-176-34-bui-tu-toan-phuong-an-lac-quan-binh-tan-ho-chi-minh,"Nhà Trọ Tại 176/34 Bùi Tư Toàn, Phường An Lạc, Quận Bình Tân, Hồ Chí Minh",2000000,32m²,"176/34 Bùi Tư Toàn, An Lạc, Bình Tân, Hồ Chí Minh","CHO THUÊ PHÒNG TRỌ CÓ GÁC LỬNG – GIỜ GIẤC TỰ DO – GẦN BX MIỀN TÂY, AEON MALL, CHỢ – GIÁ TỪ 2 TRIỆU/THÁNG Cho thuê phòng trọ sạch sẽ, riêng tư, 1 trệt + 1 gác lửng , có lối đi riêng , WC riêng từng phòng , kệ bếp , camera an ninh , giờ giấc tự do. Hẻm xe tải, khu phố yên tĩnh, an ninh tốt. Tiện ích xung quanh: 5 phút đến Bến xe Miền Tây, AEON Mall Bình Tân 2 phút đến chợ Kiến Đức 3 phút đến chợ Cầu Mỹ Thuận & Trường PTTH An Lạc Gần siêu thị, bến xe buýt, trung tâm thể dục thể thao... Giá thuê: từ 2 triệu – 2.2 triệu/tháng (tùy diện tích lớn nhỏ) Địa chỉ: 176/34 Bùi Tư Toàn, Phường An Lạc, Quận Bình Tân, TP.HCM Liên hệ chính chủ: *** (Không tiếp môi giới) Phòng phù hợp cho người đi làm, sinh viên, cặp vợ chồng... Có sẵn phòng – dọn vào ở ngay!",tromoi.com
https://tromoi.com/phong-tro/phong-tro-gac-lung-tai-quan-tan-binh,"Nhà Trọ Số 36/25 Bình Giã, 13, Tân Bình, Hồ Chí Minh",3200000,18m²,"36/25 Bình Giã, 13, Tân Bình, Hồ Chí Minh","? Phòng trọ GÁC LỬNG tại Tân Bình – Không chung chủ, giờ giấc tự do ? Địa chỉ: 36/25 Bình Giã, P.13, Q. Tân Bình, TP.HCM ✨ Tiện ích: Gác lửng rộng rãi, sạch sẽ Có thang máy , bãi giữ xe , không chung chủ Cổng vân tay , ra vào 24/24 Hệ thống báo cháy , thang thoát hiểm đảm bảo an toàn ? Giá thuê: 3.300.000đ/tháng ? Free gửi xe ? Chi phí sinh hoạt: Điện: 3.500đ/kWh Nước: 100.000đ/người Vệ sinh: 30.000đ/phòng Wifi: 100.000đ/phòng ? Liên hệ chính chủ: Anh Hạnh – 0918.072.483",tromoi.com
https://tromoi.com/phong-tro/nha-tro-duong-lac-long-quan-phuong-10-quan-tan-binh-ho-chi-minh,"Nhà Trọ Đường Lạc Long Quân, Phường 10, Quận Tân Bình, Hồ Chí Minh",5000000,54m²,"Lạc Long Quân, 10, Tân Bình, Hồ Chí Minh","? PHÒNG TRỌ CÓ GÁC CHO THUÊ – FULL NỘI THẤT ? Giá: 5 triệu 500 / tháng ✅ Tiện nghi đầy đủ: Có gác rộng rãi Sẵn máy lạnh, giường, nệm ,... Phòng sạch sẽ, thoáng mát, vào ở liền ? Vị trí cực tiện lợi: Gần chợ, siêu thị, công viên, bệnh viện, trường học ,... Phù hợp cho sinh viên, người đi làm, gia đình nhỏ ? Liên hệ trực tiếp mình để xem phòng nhé!",tromoi.com
https://tromoi.com/phong-tro/phong-tro-cao-cap-san-may-lanh-nam-ngay-tan-hoa-dong,"Nhà Trọ Đường Tân Hòa Đông, Phường 14, Quận 6, Hồ Chí Minh",2900000,25m²,"Tân Hòa Đông, 14, Quận 6, Hồ Chí Minh","? Giảm giá cực mạnh – Chỉ còn 2tr9/phòng!!! ? Cơ hội cực hiếm cho ai đang cần phòng đẹp, tiện nghi đầy đủ! ✨ Tiện ích đầy đủ: ✅ Máy lạnh mát lạnh ✅ Kệ bếp tiện nấu nướng ✅ Thang máy hiện đại ✅ Bảo vệ an ninh 24/7 ✅ Wifi miễn phí ? Không gian sống tự do: ⏰ Giờ giấc tự do – KHÔNG chung chủ ? Có sân phơi, máy giặt & máy sấy dùng chung ? Vị trí thuận tiện, phù hợp cho sinh viên – người đi làm ? Liên hệ ngay để giữ phòng tốt giá rẻ!",tromoi.com
https://tromoi.com/phong-tro/nha-tro-duong-hong-bang-phuong-1-quan-11-thanh-pho-ho-chi-minh,"Nhà trọ đường Hồng Bàng, Phường 1, Quận 11, Thành phố Hồ Chí Minh",3500000,25m²,"Hồng Bàng, Phường 1, Quận 11, Thành phố Hồ Chí Minh","Khai Trương dự án mới 15phòng, ở 3 Tháng 2 cầu vượt cây gõ Quận 10 Phòng có gác cao rộng - cửa sổ trời Nội thất: Máy lạnh, tủ lạnh, tủ đồ, kệ bếp điện 4k, nước 100k/người, phí dịch vụ 150k/phòng, free 3xe Gần Đại Học Y Dược, Đại học Kinh Tế ( UEH ), thuận tiện di chuyển",tromoi.com
https://tromoi.com/phong-tro/pham-dang-giang,Phạm Đăng Giảng,2000000,20m²,"Lê Trọng Tấn, Bình Hưng Hòa, Bình Tân, Hồ Chí Minh","Chỉ 1tr5 thôi ??? Phòng tầng 2 thoáng mát bên trên là sân thượng, yên tĩnh và mát mẻ. Diện tích 4x4 Phòng có gác , gác cao 1m6. Wc riêng. Điện 3.8k/kw Nước 28k/m3 Rác + wifi 100k Xe 200k/ chiếc. Giảm ngay 500k tháng đầu. Giá 2tr Ngay kcn Tân Bình.",tromoi.com
https://tromoi.com/phong-tro/nha-tro-14-10-nguyen-van-luong-phuong-6-quan-go-vap-ho-chi-minh,"Nhà Trọ 14/10 Nguyễn Văn Lượng, Phường 6, Quận Gò Vấp, Hồ Chí Minh",4500000,35m²,"Nguyễn Văn Lượng, 6, Gò Vấp, Hồ Chí Minh","PHÒNG VIP FULL NỘI THẤT – GIÁ TỐT – AN NINH 3 LỚP – NGAY TRUNG TÂM GÒ VẤP ? Nhà Trọ 14/10 Nguyễn Văn Lượng, P6, Quận Gò Vấp, TP.HCM (Giao Nguyễn Văn Lượng & Lê Đức Thọ) Thông tin phòng: Diện tích : 35m² – rộng rãi, thoáng mát Nội thất : Full nội thất, giống hình 100% Phù hợp : Người đi làm, sinh viên, cặp đôi, gia đình nhỏ Tiện nghi cao cấp đầy đủ gồm: Điều hòa Ban công/Sân thượng Wifi tốc độ cao Kệ bếp, tủ lạnh Máy giặt riêng Giường nệm, tủ quần áo Phòng tắm + WC riêng trong phòng Thang máy Bãi để xe riêng Hệ thống camera an ninh 24/7 Khu vực sống đẳng cấp – dân trí cao – yên tĩnh Hàng xóm toàn biệt thự, không gian sống sang trọng – đáng sống bậc nhất Gò Vấp Gần các trường ĐH: IUH, VLU, Nội Vụ, Nova, Việt Mỹ… Thuận tiện di chuyển qua Quận 12, Bình Thạnh, Tân Bình Gần chợ, siêu thị, công viên, bệnh viện, trạm xe buýt, trung tâm thể dục thể thao Giá thuê chỉ từ: 4.500.000 – 6.000.000 VNĐ/tháng Liên hệ: 0965.219.727 để xem phòng ngay hôm nay! Chỉ còn vài phòng trống – nhanh tay đặt lịch trước khi hết!",tromoi.com
https://tromoi.com/phong-tro/nha-tro-783-64-cach-mang-thang-8-phuong-6-tan-binh-ho-chi-minh,"Nhà Trọ 783/64 Cách mạng tháng 8, Phường 6, Tân Bình, Hồ Chí Minh",3500000,15m²,"783/64 Cách Mạng Tháng Tám, 6, Tân Bình, Hồ Chí Minh","Giá 3tr5~7tr5 Nội thất: Máy lạnh, Tủ Lạnh, kệ bếp, tủ đồ, giường nệm... Có 2 phòng ngủ riêng, mỗi phòng đều có máy lạnh, tủ đồ, giường nệm Phòng trệt có 3 phòng ngủ, 1 bếp tách riêng Nhà vệ sinh riêng, camera 24/7, khóa vân tay, bãi xe riêng Khu vực an ninh cao, PCCC đạt chuẩn, ưu tiên ở lâu dài Điện 4k. Nước 100k/ng, Dịch vụ 200k, Xe free 2 xe hoặc 3 tùy theo phòng Gần ĐH Tài Chính Marketting, ĐH Công Nghiệp TPhcm, Gần Sân Bay TSN, Gần Chợ Tân Bình, Các TTTM lớn... Thuận tiện di chuyển qua Quận Gò Vấp, Tân Phú, Quận 1, Quận 3, Quận 10, Quận 11",tromoi.com
https://tromoi.com/phong-tro/nha-tro-so-63-duong-nguyen-thi-nho-phuong-9-tan-binh-ho-chi-minh,"Nhà Trọ Số 63, Đường Nguyễn Thị Nhỏ, Phường 9, Tân Bình, Hồ Chí Minh",6500000,26m²,"Nguyễn Thị Nhỏ, 9, Tân Bình, Hồ Chí Minh","Ngay mặt tiền đường 63 Nguyễn Thị Nhỏ, F9, Tân Bình Phòng: 30 m² - giá: 7.500.000/tháng, có ban công Phòng: 26m² - giá: 6.500.000/tháng. Gần siêu thị co. Op, sân vận động Phú Thọ Nhà mới xây: Sạch sẽ rộng rãi, thoáng mái, trang bị đầy đủ nội thất, điều hòa, xách vali vào ở ngay Nhà vệ sinh riêng bên ngoài, sát phòng ở. Điện sinh hoạt có công tơ theo dõi riêng từng phòng Có thang máy, gần khu ăn uống, Giờ tự do, có chỗ để xe miễn phí",tromoi.com
https://tromoi.com/phong-tro/cho-thue-phong-tro-khu-vuc-quan-7,"Nhà Trọ Số 944/38/11 Huỳnh Tấn Phát, Phường Tân Phú, Quận 7, Hồ Chí Minh",2600000,25m²,"944/38/11 Huỳnh Tấn Phát, Tân Phú, Quận 7, Hồ Chí Minh","? CHO THUÊ PHÒNG TRỌ Q7 – GẦN KCX TÂN THUẬN – GIỜ GIẤC TỰ DO – GIÁ CHỈ 2.6 TRIỆU ? ? Vị trí đẹp: Quận 7, TP.HCM – Gần trường học, chợ, siêu thị, khu dân cư đông đúc ? – Cách Khu chế xuất Tân Thuận chỉ vài phút ⏳ – Liền kề Phú Mỹ Hưng, thuận tiện đi lại các quận trung tâm ? ? Diện tích : 25m² – rộng rãi, sạch sẽ ? ? Giá thuê : Chỉ 2.600.000đ/tháng ? ?️ Tiện nghi đầy đủ : ✅ Gác lửng thoáng mát ?️ ✅ Bếp riêng nấu ăn thoải mái ? ✅ Nhà vệ sinh riêng, sạch sẽ ? ✅ Có sẵn tủ quần áo ? ✅ Chỗ để xe an toàn ? ⚡ Điện nước giá nhà nước – tiết kiệm chi phí ? ⏰ Giờ giấc tự do – không chung chủ ? ? Liên hệ chính chủ : 0919 695 668 (Zalo/Call)",tromoi.com
https://tromoi.com/phong-tro/nha-tro-so-101-7a-duong-dang-chat-phuong-2-quan8-ho-chi-minh,"Nhà Trọ Số 101/7A Đường Đặng Chất, Phường 2, Quận8, Hỗ Chí Minh",3500000,25m²,"108 Tran Huu Trang Street, 10 Ward, Phu Nhuan District, Ho Chi Minh City, Vietnam","? Nhà trọ quận 8 dành cho nữ ? Phòng rộng rãi, thoải mái ?️ Đầy đủ tiện nghi ? Thuận tiện đi ra các quận trung tâm ? Vui lòng liên hệ Cô Nhung: 0983 776747",tromoi.com
https://tromoi.com/phong-tro/nha-tro-duong-so-4-phuong-linh-xuan-tp-thu-duc-ho-chi-minh,"Nhà trọ Đường số 4, Phường Linh Xuân, TP. Thủ Đức, Hồ Chí Minh",2000000,21m²,"4, Linh Xuân, Thủ Đức, Hồ Chí Minh","CHO THUÊ NHÀ TRỌ YÊN TĨNH – GẦN KHU CHẾ XUẤT LINH TRUNG – LINH XUÂN, THỦ ĐỨC Địa chỉ : Đường số 4, Phường Linh Xuân, TP. Thủ Đức, TP. HCM Vị trí cực kỳ thuận tiện: Cách chợ 100m Cách khu chế xuất Linh Trung 100m Gần Đại học Kinh tế – Luật chỉ 1.3km Xung quanh có siêu thị, bệnh viện, công viên, bến xe buýt, trường học Thông tin nhà trọ : Không gian yên tĩnh, an ninh Có gác lửng , wifi , kệ bếp , phòng tắm , vệ sinh riêng Giờ giấc tự do Ưu tiên : Sinh viên, người đi làm, gia đình nhỏ Người ít nhậu nhẹt, không hút thuốc để giữ không gian chung văn minh, sạch sẽ Giá thuê: 2.000.000đ/tháng Diện tích: 21m2 Liên hệ xem phòng : 0932134168",tromoi.com
https://tromoi.com/phong-tro/173-45,"Nhà Trọ Hẻm173 Đường Khuông Việt, Phú Trung, Tân Phú, Hồ Chí Minh",5500000,30m²,"Khuông Việt, Phú Trung, Tân Phú, Hồ Chí Minh","Chính chủ cho thuê - Khách hết hợp đồng nên nhà em đang trống 1p bancol ngoài và 3p bancol trong. Full nội thất chỉ cần xách vali vào ở nhà hẻm xe buýt di chuyển thoải mái sát chợ, siêu thị 24h, bách hoá xanh win... Bệnh viện tư nhân cách 10 căn. Gần khu vực trung tâm di chuyển tầm 5-15' tuỳ quận. - Cọc 1 tháng - Trang bị full nội thất - Bancol ngoài 5tr7 - Bancol trong 5tr5 Điện 3.5k Nước 25k/ khối Dịch vụ 200k Free xe 1 chiếc Lh: 0908012828 xem nhà Tháng 4 dọn vào ở ngay. 173/45/ Khuông Việt Phường Phú Trung Quận Tân Phú",tromoi.com
https://tromoi.com/phong-tro/nha-tro-duong-pham-hung-phuong-5-quan-8-ho-chi-minh,"Nhà Trọ Đường Phạm Hùng, Phường 5, Quận 8, Hồ Chí Minh",3400000,20m²,"Phạm Hùng, 5, Quận 8, Hồ Chí Minh","- Cam kết như hình - Đầy đủ nội thất cơ bản - Bảo vệ, camera 24/7 - Sân thượng rộng rãi, chill, tập trung tập thể - Toà nhà vệ sinh, được dọn dẹp thường xuyên - Cư dân thân thiện, nhiều sinh viên, gia đình - Lọc khách dễ thương, đàng hoàng ☎️Liên hệ: 0817.736.873",tromoi.com
https://tromoi.com/phong-tro/nha-tro-duong-nguyen-van-dung-phuong-6-quan-go-vap-ho-chi-minh,"Nhà Trọ Đường Nguyễn Văn Dung, Phường 6, Quận Gò Vấp, Hồ Chí Minh",4300000,30m²,"Nguyễn Văn Dung, 6, Gò Vấp, Hồ Chí Minh","Chính chủ cho thuê phòng trọ dài hạn - Full nội thất, máy lạnh, ban công, cửa sổ thoáng mát, an ninh tốt Địa chỉ: 30/11 Nguyễn Văn Dung, P6, Gò Vấp, TP. HCM Chi tiết phòng trọ : Phòng máy lạnh, quạt tầng, nước nóng năng lượng mặt trời Toilet riêng, giường, nệm, tủ quần áo, tủ lạnh Ban công, cửa sổ, thoáng mát Hệ thống an ninh có camera, khóa vân tay, PCCC tốt Có máy giặt đồ chung, chỗ để xe Tiện ích xung quanh : Gần các trường đại học: ĐH Công Nghiệp, ĐH Mở TP.HCM, ĐH Gia Định Gần BV 175, Siêu Thị Lotte, công viên Gò Vấp, công viên Gia Định Gần sân bay Tân Sơn Nhất, chợ, siêu thị Hẻm xe ô tô rộng rãi, giao thông thuận tiện Giá thuê : 4.3 triệu/tháng Điện : 3.700đ/kw Nước : 100k/người Diện tích: 30m2 Giờ giấc tự do , vào ở ngay. Liên hệ : Chị Nguyệt - 0917795839 MTG (Môi giới, trung gian xin vui lòng không làm phiền)",tromoi.com
https://tromoi.com/phong-tro/nha-tro-nu-hem-246-duong-hoa-hung-phuong-13-quan-10-ho-chi-minh,"Nhà Trọ Nữ Hẻm 246 Đường Hòa Hưng, Phường 13, Quận 10. Hồ Chí Minh",1500000,6m²,"246/46C/14A Hòa Hưng, 13, Quận 10, Hồ Chí Minh","CHO THUÊ PHÒNG TRỌ NỮ – GIÁ RẺ QUẬN 10 Địa chỉ : 246/46C/14A Đường Hòa Hưng, Phường 13, Quận 10, TP. Hồ Chí Minh Giá thuê : Chỉ 1,5 triệu VND/tháng Diện tích : 6m² Tiện ích hấp dẫn : Không gian thoáng mát, sạch sẽ, đảm bảo sự thoải mái Khu vực an ninh tốt, yên tĩnh Miễn phí WiFi Có nước máy nóng lạnh , chỗ để xe, khu vực nấu ăn Gần chợ, công viên, siêu thị, trường học, bệnh viện Thuận tiện cho người đi học, đi làm Liên hệ ngay để xem phòng : 0968 926 363 (Miss Chân).",tromoi.com
https://tromoi.com/phong-tro/nha-tro-100-32-thien-phuoc-phuong-9-quan-tan-binh-thanh-pho-ho-chi-minh,"Nhà trọ 100/32 Thiên Phước, Phường 9, Quận Tân Bình, Thành phố Hồ Chí Minh",3200000,30m²,"100/32 Thiên Phước, Phường 9, Quận Tân Bình, Thành phố Hồ Chí Minh","Vị trí : Thuận tiện ra các đường Lý Thường Kiệt, Âu Cơ, Lạc Long Quân.... + Gần chợ, siêu thị, sân bay, các trường đại học : Bách Khoa, Hoa Sen, Ngoại Ngữ,... + Gần các bệnh viện: Thống Nhất, 1H, Trưng Vương.... + Thuận tiện đi các quận 11, Gò Vấp, Q3, Q10... - Giờ giấc tự do và không chung chủ. - Phòng sạch sẽ ,có cửa sổ trời, sân thượng phơi đồ. - Nhà an ninh, có camera 24/7 đầy đủ. - Phòng sẵn máy lạnh, miễn phí wf, rác, chỗ để xe. - Điện 4k, nước 100k/người. CHỈ CHO NỮ THUÊ.",tromoi.com
https://tromoi.com/phong-tro/nha-tro-duong-pham-van-hai-phuong-5-tan-binh-ho-chi-minh,"Nhà Trọ Đường Phạm Văn Hai, Phường 5, Tân Bình, Hồ Chí Minh",4200000,40m²,"Phạm Văn Hai, 5, Tân Bình, Hồ Chí Minh","Chủ nhà trực tiếp đăng tin Phòng 40m2 Phạm Văn Hai, Tân Bình Kế siêu thị Satrafood, Gần ngã tư Bảy Hiền, Ngã 3 Ông Tạ, Gần chợ Phạm Văn Hai Giờ giờ giấc tự do, Ko chung chủ, Bạn bè người thân đến chơi thoải mái Hẻm xe tải lớn vào tận cửa + Khu vực an ninh dân trí cao Hotline chủ nhà 079.40.779.40 A Lâm",tromoi.com
https://tromoi.com/phong-tro/nha-tro-406-cong-hoa-phuong-13-quan-tan-binh-thanh-pho-ho-chi-minh,"Nhà trọ 406 Cộng Hòa, Phường 13, Quận Tân Bình, Thành phố Hồ Chí Minh",3200000,20m²,"406 Cộng Hòa, Phường 13, Quận Tân Bình, Thành phố Hồ Chí Minh","PHÒNG TRỌ NỘI THẤT CƠ BẢN – SẠCH SẼ, AN NINH 24/7 – 406 CỘNG HÒA, TÂN BÌNH Giá thuê : 3.2 triệu/tháng Diện tích : 20m² Tiện ích : Phòng rộng rãi, sạch sẽ, có nội thất cơ bản. An ninh : Ra vào bằng khóa vân tay, camera giám sát 24/7. Vị trí : Ngay mặt tiền đường Cộng Hòa, khu vực sầm uất, gần Etown, chợ Hoàng Hoa Thám, sân bay Tân Sơn Nhất, thuận tiện di chuyển các quận trung tâm.",tromoi.com
https://tromoi.com/phong-tro/nha-tro-76-73-le-van-phan-phu-tho-hoa-tan-phu-ho-chi-minh,"Nhà trọ 76/73 Lê Văn Phan , Phú Thọ Hòa , Tân Phú, Hồ Chí Minh",5000000,35m²,"76/73 Lê Văn Phan, Phú Thọ Hoà, Tân Phú, Hồ Chí Minh","CHO THUÊ PHÒNG ĐẦY ĐỦ NỘI THẤT – 35M² – TÂN PHÚ – 5 TRIỆU/THÁNG Địa chỉ: 76/73 Lê Văn Phan, Vườn Lài, Tân Phú (Giáp Tân Bình, chỉ 5 phút di chuyển) Thông tin phòng: Diện tích: 35m², gác cao 2m Đầy đủ nội thất như hình Thiết kế đẹp, thoáng, có bếp nấu ăn, toilet riêng Cửa sổ rộng, phòng thoáng mát Wifi riêng từng phòng (miễn phí) Máy giặt dùng chung Tòa nhà có thang máy, hầm để xe đầy đủ Không giới hạn số người ở Gần các trường đại học: Văn Hiến, Y Phạm Ngọc Thạch, ĐH Công Nghiệp Thực Phẩm, Huflit, CĐ Kinh Tế... Giá thuê: 5.000.000đ/tháng Liên hệ: Anh Huỳnh Giàu – 0358799710",tromoi.com
https://tromoi.com/phong-tro/chdv-nha-tro-khu-vuc-binh-thanh,"Nhà Trọ Số 25 Đặng Thùy Trâm, Phường 13, Bình Thạnh, Hồ Chí Minh",9000000,45m²,"Trục 20, 13, Bình Thạnh, Hồ Chí Minh","Địa chỉ: 25 Đặng Thùy Trâm, P13, Bình Thạnh, TP.HCM Bảng phí: Điện: 4,000 VNĐ/kWh Nước: 100,000 VNĐ/người Dịch vụ: 200,000 VNĐ/phòng Xe: Miễn phí 02 chiếc Giá thuê: 9 triệu VNĐ (với máy giặt riêng) Tiện ích: Wifi tốc độ cao Điều hòa mát lạnh Hồ bơi Thang máy Giường nệm đầy đủ Và nhiều tiện ích khác Vị trí: Căn hộ nằm gần các trung tâm mua sắm , trạm xe buýt , với giao thông cực kỳ thuận tiện , chỉ mất vài phút di chuyển đến các khu vực trung tâm quận 1 và các quận lân cận.",tromoi.com
https://tromoi.com/phong-tro/so-8-duong-so-3-chu-van-an-p-25,"Nhà trọ Số 8 Đường số 3, Phường 25, Quận Bình Thạnh, TP. Hồ Chí Minh",8500000,50m²,"8 Đường số 3, 25, Bình Thạnh, Hồ Chí Minh","CHO THUÊ PHÒNG FULL NỘI THẤT – 2PN – LẦU 3 ? Địa chỉ: Số 8, Đường số 3, Chu Văn An, P.25 Lầu 3 (thang bộ) – Không giới hạn số người ở Căn hộ mini đầy đủ tiện nghi: ✔ 2 Phòng ngủ riêng biệt ✔ Full nội thất: Giường, bộ nệm 2 gối, máy lạnh, tủ quần áo ✔ Máy giặt riêng tiện lợi ✔ Không gian thoáng mát, sạch sẽ Giá thuê: 8.500.000 VNĐ/tháng Chi phí điện nước: Điện: 4.000đ/kWh Nước: 100.000đ/người Phí dịch vụ: 200.000đ/phòng Miễn phí 2 xe máy Liên hệ ngay để xem phòng: 0917516056",tromoi.com
https://tromoi.com/phong-tro/nha-tro-duong-binh-tri-dong-phuong-binh-tri-dong-quan-binh-tan-thanh-pho-ho-chi-minh,"Nhà trọ đường Bình Trị Đông, Phường Bình Trị Đông, Quận Bình Tân, Thành phố Hồ Chí Minh",2500000,25m²,"Bình Trị Đông, Phường Bình Trị Đông, Quận Bình Tân, Thành phố Hồ Chí Minh","Hiện em đang trống vài PHÒNG TRỌ GIÁ RẺ GÁC CAO ngay Bình Trị Đông, Tỉnh Lộ 10, Đường số 7, Aeon Bình Tân Nội thất cơ bản như: gác, máy lạnh, kệ bếp Giờ giấc tự do, không chung chủ, có thang máy, cửa ra vào vân tay, camera an ninh 24/24 Liên hệ em để em hỗ trợ mình đi xem phòng miễn phí - 0964941138 (Hoàng Thảo - có ZALO)",tromoi.com
https://tromoi.com/phong-tro/nha-tro-so-209-nguyen-kim-phuong-7-quan-10-ho-chi-minh,"Nhà Trọ Số 209 Nguyễn Kim, Phường 7, Quận 10, Hồ Chí Minh",3000000,20m²,"209 Nguyễn Kim, 7, Quận 10, Hồ Chí Minh","Chính chủ cần Cho thuê Phòng Trọ Tại Quận 10 Diện tích: 20m2, lầu 1, phòng đúc, có nhà vệ sinh và chổ nấu ăn, phơi quần áo, rộng rãi, sạch sẽ, thoáng mát. Tầng trệt có chổ để được 1 chiếc xe máy. Giờ giấc ra vào tự do Có Điện, nước, Wifi đầy đủ Giá 3.000.000 Đòng/1 tháng/ 1 người ở Địa chỉ: hẻm 209/111i đường Nguyễn Kim, Phướng 7, Quận 10, Tp HCM ( vào hẻm 209 Nguyễn Kim tầm 10m ) Gần chợ Điện tử Nhật Tảo và chợ Nguyễn Tri Phương, Nhà thi đấu Phú Thọ... Vui lòng Đt 0984705911(Cúc) trước khi đến xem phòng. Xin cám ơn.",tromoi.com
https://tromoi.com/phong-tro/nha-tro-duong-ha-huy-giap-thanh-loc-quan-12-ho-chi-minh,"Nhà Trọ Đường Hà Huy Giáp, Thạnh Lộc, Quận 12, Hồ Chí Minh",2333000,25m²,"Hà Huy Giáp, Thạnh Lộc, Quận 12, Hồ Chí Minh","PHÒNG TRỌ GIÁ TỐT, NGAY CẦU AN LỘC Phòng sạch sẽ, thoáng mát, có gác cao, vệ sinh riêng Giờ giấc tự do, không chung chủ, khóa vân tay Ưu tiên ở lâu dài, chỉ cần dọn vào ở Không gác: Chỉ 2.333.000đ Có gác: Chỉ từ 2.833.000đ Phòng 1 ngủ riêng: 3.585.000đ Vị trí đẹp: Cuối Nguyễn Oanh, gần ĐH NTT, VL CS3, IUH Giờ giấc tự do – An ninh đảm bảo – Vệ sinh sạch sẽ Liên hệ ngay: 0888.4444.01 để xem phòng!",tromoi.com
https://tromoi.com/phong-tro/ton-that-thuyet-quan-4,"Nhà Trọ Đường Tôn Thất Thuyết, Quận 4, Hồ Chí Minh",3500000,18m²,"Tôn Thất Thuyết, 4, Quận 4, Hồ Chí Minh","SIÊU PHẨM KHÔNG BAO GIỜ HẾT HOT GIÁ ƯU ĐÃI CHO SINH VIÊN - GIÁ RẺ - THOÁNG MÁT - RỘNG RÃI Giá từ 3.500.000 -Địa chỉ: Tôn Thất Thuyết - Quận 4 -Cửa sổ lớn thoáng, nội thất cơ bản -Nhà thang bộ, nhà xe, camera an ninh 24/7, ra vào vân tay, giờ tự do -Nhà vừa hoàn thiện đã có thể dọn vào ngay -0833.579.938 - KIM DUNG MEGAS Để được tư vấn và xem phòng miễn phí",tromoi.com
https://tromoi.com/phong-tro/nha-tro-so-19-8-hoang-hoa-tham-phuong-13-tan-binh-ho-chi-minh,"Nhà Trọ Số 19/8 Hoàng Hoa Thám, Phường 13, Tân Bình, Hồ Chí Minh",2700000,22m²,"19/8 Hoàng Hoa Thám, 13, Tân Bình, Hồ Chí Minh","Phòng sạch đẹp ,CÓ GÁC, KỆ BẾP, TOILET RIÊNG, CỬA SỔ Giờ giấc tự do, không chung chủ Nhà gần chợ Hoàng Hoa Thám, thuận tiện mua sắm, đi chợ, nhất là các bạn thích nấu ăn.... Phù hợp đi học và đi làm tại Q Tân Bình, Q3, Q10, Q11, Tân Phú ... Khu này các bạn có thể né kẹt xe ở đường Cộng Hòa hoặc Trường Chinh bằng đường tắt từ khu K300 qua Nguyễn Thái Bình. Liên hệ chủ nhà: 0969 011 942 / 0938 037 802 Các bạn vui lòng đt hẹn trước 30p khi xem phòng nhé.",tromoi.com
https://tromoi.com/phong-tro/nha-tro-so-418-1-truong-sa-phuong-2-phu-nhuan-ho-chi-minh,"Nhà Trọ Số 418/1 Trường Sa, Phường 2, Phú Nhuận, Hồ Chí Minh",3000000,25m²,"418/1 Trường Sa, 2, Phú Nhuận, Hồ Chí Minh","Còn 2 phòng ban công và cửa sổ thoáng mát, CÓ MÁY LẠNH,sạch đẹp, toilet riêng,KỆ BẾP Nhà toàn người lịch sự, thích hợp sinh viên, NVVP, gia đình nhỏ... Không chung chủ, giờ giấc tự do. Cho nấu ăn, có chỗ phơi đồ, chỗ để xe. Khu dân cư yên tĩnh, an ninh, gần ngay bờ sông rất thuận tiện cho bạn nào thích đi dạo hay tập thể dục sáng tối. ĐC: 418/1 Trường Sa, P2, Phú Nhuận (đoạn đường 2 chiều ko sợ kẹt xe, đi qua cầu là Trần Khánh Dư là tới Q1). Liên hệ chính chủ: anh Chung 0938 037 802 / 0908 085 421 vui lòng ĐT hẹn trước khi xem phòng..",tromoi.com
https://tromoi.com/phong-tro/cho-thue-nguyen-lau-1,"Nhà Trọ 354/1/48 Phan Văn Trị, Phường 11, Quận Bình Thạnh, TP Hồ Chí Minh",5000000,60m²,"354/1/48 Phan Văn Trị, 11, Bình Thạnh, Hồ Chí Minh","Cho thuê nguyên lầu 1 – Đường Phan Văn Trị Diện tích rộng rãi, thoải mái : Lầu 1 có 2 phòng ngủ, 1 phòng WC. Tiện nghi đầy đủ : Máy lạnh, khu vực nấu ăn riêng. Chung chủ, nhưng chủ nhà chỉ ở một mình . Điện nhà nước , giá cả hợp lý. Vị trí : Đường Phan Văn Trị, khu vực giao thông thuận tiện, gần các tiện ích như chợ, siêu thị, trường học.",tromoi.com
https://tromoi.com/phong-tro/nha-tro-duong-le-van-sy-phuong-1-quan-tan-binh-thanh-pho-ho-chi-minh,"Nhà trọ đường Lê Văn Sỹ, Phường 1, Quận Tân Bình, Thành phố Hồ Chí Minh",5000000,40m²,"Lê Văn Sỹ, Phường 1, Quận Tân Bình, Thành phố Hồ Chí Minh","Gần công viên Hoàng Văn Thụ, Sân bay TSN, Ngã tư Bảy Hiền,... - Ưu điểm: + Full nội thất mới: máy lạnh, TV, tủ lạnh, máy nước NLMT, + Ban công đón gió thoáng mát + Giờ giấc tự do, không chung chủ + Bãi xe rộng, có khoá vân tay + Camera an ninh, đảm bảo an toàn PCCC L/hệ Zalo 0778010426 xem phòng trực tiếp, săn phòng xịn",tromoi.com
https://tromoi.com/phong-tro/nha-tro-duong-my-hoa-1-trung-chanh-hoc-mon-thanh-pho-ho-chi-minh,"Nhà trọ đường Mỹ Hòa 1, Trung Chánh, Hóc Môn, Thành phố Hồ Chí Minh",2300000,20m²,"Mỹ Hòa 1, Trung Chánh, Hóc Môn, Thành phố Hồ Chí Minh","PHÒNG TRỌ MỚI XÂY – HÓC MÔN GẦN QUẬN 12 – GIÁ CHỈ 2.3 TRIỆU/THÁNG Phòng rộng rãi, thoáng mát với cửa sổ trời đón gió tự nhiên. Trang bị sẵn máy lạnh, giường, bàn học, toilet riêng. Tòa nhà có thang máy tiện lợi, wifi miễn phí.",tromoi.com
https://tromoi.com/phong-tro/nha-tro-tai-duong-bac-hai-phuong-6-tan-binh-ho-chi-minh,"Nhà Trọ tại Đường Bắc Hải, Phường 6, Tân Bình, Hồ Chí Minh",4000000,35m²,"Đường Bắc Hải, Phường 6, Quận Tân Bình, TP. Hồ Chí Minh","CHO THUÊ PHÒNG RỘNG RÃI – CÓ GÁC, BAN CÔNG THOÁNG MÁT – FULL NỘI THẤT Vị trí thuận lợi : Gần chợ, siêu thị chỉ 200m Cách ĐH Bách Khoa 1km Khu ăn uống, ẩm thực chỉ vài bước chân Gần công viên, bệnh viện, trung tâm thể dục thể thao, bến xe buýt Ngay công viên Lê Thị Riêng Rộng 35m2, sạch sẽ, siêu dễ thương, nhiều tiện ích! - Có gác lửng – không gian thoải mái - Ban công, cửa sổ thoáng mát - WC kín , tiện nghi riêng tư - Sân phơi riêng, có máy giặt - Bãi để xe ngay trong nhà , an toàn - Giờ giấc tự làm , không chung chủ Nội thất đầy đủ – xách vali vào ở ngay! ✔ Kệ bếp, tủ lạnh, nệm nệm, tủ quần áo ✔ Máy giặt, điều hòa, wifi tốc độ cao Giá thuê chỉ: 4 triệu/tháng Phù hợp cho gia đình nhỏ hoặc 2-3 bạn sinh viên, người đi làm Liên hệ ngay để xem phòng: 0938458319",tromoi.com
https://tromoi.com/phong-tro/nha-tro-82-36-ly-chinhthang-phuong-8-quan-3-ho-chi-minh,"Nhà Trọ 82/36 Lý ChínhThắng, Phường 8, Quận 3, Hồ Chí Minh",3500000,25m²,"82/36 Lý ChínhThắng, 8, Quận 3, Hồ Chí Minh","PHÒNG CÓ MÁY LANH, BAN CÔNG CỬA SỔ THOÁNG, TOIET RIÊNG, PHÒNG RỘNG CÓ THỂ Ở 3-4 BẠN. GIỜ TỰ DO, KO CHUNG CHỦ VỊ TRÍ TRUNG TÂM, THUẬN TIỆN QUA CÁC QUẬN 1, 3, TÂN BÌNH, PHÚ NHUẬN... LIÊN HỆ ANH CHUNG CHÍNH CHỦ: 0938 037 802 /0908 085 421 VUI LÒNG ĐT HẸN TRƯỚC KHI XEM PHÒNG",tromoi.com
https://tromoi.com/phong-tro/nha-tro-so-14-vũ-tung-phuong-2-binh-thanh-ho-chi-minh,"Nhà Trọ Số 14 Vũ Tùng, Phường 2, Bình Thạnh, Hồ Chí Minh",2500000,20m²,"14 Vũ Tùng, 2, Bình Thạnh, Hồ Chí Minh","Anh còn 3 phòng sạch sẽ, có gác, kệ bếp, toilet riêng. Phòng khoảng 1-2 bạn ở. Giờ giấc tự do, không chung chủ. Có chỗ để xe miễn phí, được nấu ăn. Gần chợ, siêu thị, nhiều tiện ích. Các bạn xem phòng gọi cho anh Tuyên quản lý nhé: 056 374 2204.",tromoi.com
https://tromoi.com/phong-tro/nha-tro-366-le-van-quoi-binh-tri-dong-quan-binh-tan-thanh-pho-ho-chi-minh,"Nhà trọ 366 Lê Văn Quới, Bình Trị Đông, Quận Bình Tân, Thành phố Hồ Chí Minh",3200000,25m²,"366 Lê Văn Quới, Bình Trị Đông, Quận Bình Tân, Thành phố Hồ Chí Minh","KHAI TRƯƠNG 10 PHÒNG MỚI Địa chỉ : 366 Lê Văn Quới ,Bình Hưng Hoà A , Bình Tân - Phòng mới thoáng mát - Không chung chủ , an ninh , giờ giấc tự do. - Gần Đh Văn Hiến , Mega market, bệnh viện nhi đồng , Chợ ,…. - Có máy lạnh, tủ đồ, giường, nóng lạnh, tủ bếp. Liên hệ 0386761664 để được tư vấn xem phòng",tromoi.com
https://tromoi.com/phong-tro/nha-tro-tan-binh-gan-nga-tu-bay-hien,"Nhà Trọ 86/149 Trường Chinh, Phường 12, Quận Tân Bình, TP Hồ Chí Minh",4200000,25m²,"86/149 Trường Chinh, 12, Tân Bình, Hồ Chí Minh","Cần cho thuê phòng trọ 4 triệu 200k/tháng tại đường Xuân Diệu, gần Nguyễn Thái Bình, gần ngã tư Bảy Hiền Full nội thất : Tủ lạnh, máy lạnh, tủ đồ, nệm, kệ bếp. Phòng có gác , thích hợp cho 2-3 người ở thoải mái . Cửa sổ thoáng mát , không gian rộng rãi, dễ chịu. Dịch vụ : 150k/phòng (bao gồm rác, wifi, máy giặt chung). Nước : 100k/người. Điện : 3k8/kWh. Free xe . Cổng vân tay , nhà xe rộng rãi, giờ giấc tự do . Liên hệ: 0889952512 để biết thêm chi tiết và đặt lịch xem phòng.",tromoi.com
https://tromoi.com/phong-tro/nha-tro-so-18-22-duong-tran-quang-dieu-phuong-14-quan-3,"Nhà Trọ Số 18/22 Đường Trần Quang Diệu, Phường 14, Quận 3",4000000,20m²,"Trần Quang Diệu, 14, Quận 3, Hồ Chí Minh","? Cho Thuê Phòng Trọ - Địa chỉ vàng tại Quận 3! ? ? Giá chỉ 4.000.000đ/tháng Điện: 3.800đ/kWh Nước: 100k/người Phí dịch vụ: Free - Không có phí ẩn, chỉ thanh toán điện, nước! ? Vị trí vàng: 18/22 Trần Quang Diệu, Phường 14, Quận 3 – Gần trung tâm, tiện lợi mọi bề! ? Nội thất phòng đầy đủ: Nệm 20cm cực êm giúp bạn ngủ ngon cả đêm Máy lạnh làm mát mùa hè oi ả Kệ bếp tiện lợi cho những bữa ăn ngon Máy giặt giúp bạn tiết kiệm thời gian và công sức ? Tiện ích đỉnh cao: Giờ giấc tự do – Không lo giờ giới nghiêm, thoải mái sinh hoạt Cửa vân tay – An ninh tuyệt đối, ra vào dễ dàng Camera an ninh 24/7 – Bảo vệ sự an toàn cho bạn và tài sản Nhà xe miễn phí – An tâm gửi xe, không lo về chỗ đậu ? Chỉ cần đóng điện, nước, không phí nào khác! Phòng cực kỳ thoải mái, tiện nghi và an ninh tuyệt đối! ? Nhanh tay liên hệ ngay để xem phòng! Đừng bỏ lỡ cơ hội sống tại một trong những khu vực sầm uất và tiện lợi nhất Quận 3!",tromoi.com
https://tromoi.com/phong-tro/phong-tro-gia-re-o-nguyen-trai-quan-5,"Nhà trọ giá rẻ ở Nguyễn Trãi, Quận 5, TP. Hồ Chí Minh",2500000,10m²,"Nguyễn Trãi, 2, Quận 5, Hồ Chí Minh","CHO THUÊ NHÀ TRỌ GIÁC - VỊ TRÍ TIỆN LỢI TẠI 213/5G NGUYỄN TRÃI, PHƯỜNG 2, QUẬN 5, TP. HỒ CHÍ MINH Địa chỉ: 213/5G Nguyễn Trãi, Phường 2, Quận 5, TP. Hồ Chí Minh Thông tin phòng trọ: Phòng có gác lửng , rộng rãi, thoáng mát Camera an ninh đảm bảo an toàn 24 / 7đảm bảo an toàn 24/7 Có wifi miễn phí Ổ khóa riêng , bảo mật tốt Vệ sinh chung sử dụng tầng (2 phòng / tầng) Tiện ích xung quanh: Gần chợ, siêu thị, bệnh viện, bến xe buýt, trường học , rất thuận tiện cho sinh hoạt hàng ngày Địa điểm gửi xe gần phòng trọ Đối tượng phù hợp: Sinh viên, người đi làm, cặp đôi Điều kiện thuê: Ký hợp đồng với nhà Liên hệ ngay để thuê phòng trọ giá rẻ, tiện lợi!: 0938296681 Nhanh tay liên hệ để không bỏ lỡ cơ hội thuê phòng trọ thật tuyệt vời này!",tromoi.com
https://tromoi.com/phong-tro/nha-tro-duong-phan-van-tri-phuong-11-quan-binh-thanh-thanh-pho-ho-chi-minh,"Nhà trọ đường Phan Văn Trị, Phường 11, Quận Bình Thạnh, Thành phố Hồ Chí Minh",5000000,60m²,"Phan Văn Trị, Phường 11, Quận Bình Thạnh, Thành phố Hồ Chí Minh","Cần cho thuê lầu 1 Giá 5 triệu Chung chủ nhưng chủ ở 1 mình bên dưới Không làm phiền người thuê, giao chìa cho người thuê Điện nước giá nhà nước có đồng hồ Gồm 2 phòng đôi và 1 phòng chiếc Liên hệ cô Trâm 0909226758 xem phòng Ưu tiên sinh viên nữ và hộ gia đình",tromoi.com
https://tromoi.com/phong-tro/phong-tro-ngay-cong-vien-gia-dinh,"Nhà trọ Nguyễn Kiệm, Phú Nhuận, TP Hồ Chí Minh",2500000,12m²,"Nguyễn Kiệm, 4, Phú Nhuận, Hồ Chí Minh","Giờ giấc tự do không chung chủ Phòng có cửa sổ Điện nước giá thị trường Ngay Công viên Gia Đình, các Trung Tâm Thương Mại ... Làm việc trực tiếp không qua trung gian",tromoi.com
https://tromoi.com/phong-tro/phong-437,"Nhà trọ Đường Nguyễn Văn Công, Gò Vấp, TP Hồ Chí Minh",5800000,40m²,"Nguyễn Văn Công, 3, Gò Vấp, Hồ Chí Minh","Pass phòng, hơn 40mv có ban công (nguyên lầu 1) ĐC: hẻm 437 nguyễn văn công phường 3 quận gò vấp. Phòng 5tr8 Điện kí 4k/kí Nước 100k/ng Phí dịch vụ: 200k/ tháng Free xe máy Ra vào khoá vân tay ‼️Nội thất bao gồm: giường, tủ, bộ bàn ghế, máy giặt riêng, tủ lạnh, máy lạnh, bình nóng lạnh Có ban công rộng rãi,có bếp tách biệt với phòng thoáng mát. Phòng đẹp, khu dân cư yên tĩnh, an ninh, gần sân bay, bệnh viện, chợ, trường đại học. Hỗ trợ 500k tháng đầu tiên. Ib mình để xem phòng trực tiếp.",tromoi.com
https://tromoi.com/phong-tro/nha-tro-520-quoc-lo-13-hiep-binh-phuoc-thu-duc-thanh-pho-ho-chi-minh,"Nhà trọ 520 Quốc Lộ 13, Hiệp Bình Phước, Thủ Đức, Thành phố Hồ Chí Minh",3500000,35m²,"520 Quốc Lộ 13, Hiệp Bình Phước, Thủ Đức, Thành phố Hồ Chí Minh","Cho thuê phòng rộng 35m² – Ở được 3 người – Đầy đủ nội thất Địa chỉ: 520 Quốc Lộ 13, Hiệp Bình Phước, Thủ Đức, TP.HCM Giá thuê: 3.500.000đ/tháng Tiện ích phòng: ✔ Ở được 3 người , không gian rộng rãi. ✔ Giờ giấc tự do , không chung chủ. ✔ Máy giặt dùng chung, thuận tiện. ✔ Full nội thất: Kệ bếp, máy lạnh, tủ đồ, gác rộng. ✔ Khu vực an ninh, dễ dàng di chuyển vào trung tâm. Liên hệ: 0945740867 (Minh Thuỳ) để xem phòng ngay!",tromoi.com
https://tromoi.com/phong-tro/nha-tro-duong-truong-chinh-phuong-13-quan-tan-binh-thanh-pho-ho-chi-minh,"Nhà trọ đường Trường Chinh, Phường 13, Quận Tân Bình, Thành phố Hồ Chí Minh",5800000,30m²,"Trường Chinh, Phường 13, Quận Tân Bình, Thành phố Hồ Chí Minh","Chung cư mini 1PN, 1WC cho thuê cực chất tại Trường Chinh, Tân Bình, HCM. - Giá: 5,8 triệu VND - Diện tích: 30m2 - Nội thất đầy đủ với giường, tủ, bàn ghế, bếp - Gần công viên Nguyễn Thế Truyền, công viên Ba Vân, công viên Bàu Cát 3 - Siêu thị tiện ích như Auchan Âu Cơ, siêu thị sách và tiện ích nhân văn - Trương Công Định - Trường học gần đó như Trường tiểu học Lê Thị Hồng Gấm - Bệnh viện Quốc tế Queen và Bệnh viện Thống Nhất gần đó Tiện ích xung quanh: - Công viên Nguyễn Thế Truyền, công viên Ba Vân, công viên Bàu Cát 3 - Siêu thị Auchan, siêu thị sách và tiện ích nhân văn - Trương Công Định - Trường tiểu học Lê Thị Hồng Gấm, Do Art Tân Bình Liên hệ ngay để biết thêm chi tiết: 0386301385 , Phạm Ngọc An",tromoi.com
https://tromoi.com/phong-tro/nha-tro-ktx-cach-dh-y-duoc-bv-cho-ray-5-phut-di-bo,"NHÀ TRỌ-KTX CÁCH ĐH Y DƯỢC, BV CHỢ RẪY 5 PHÚT ĐI BỘ",2000000,45m²,"Nguyễn Kim, 12, Quận 5, Hồ Chí Minh","KÝ TÚC XÁ cách BV Chợ Rẫy, ĐH Y Dược 5 phút đi bộ ,TRỌN GÓI, full nội thất RẺ-ĐẸP Bạn đang tìm kiếm một ký túc xá an ninh, tiện nghi ngay gần ĐH Y Dược, BV Chợ Rẫy thì đừng bỏ lỡ cơ hội để trải nghiệm với nhiều tiện ích hiện đại, môi trường sống trong lành và giá cả phải chăng, chắc chắn bạn sẽ tìm được sự hài lòng tại đây. VỊ TRÍ - Mặt tiền 23 Nguyễn Kim, P12, Q.9, TP HCM - Phù hợp sinh viên, Bác sĩ, người đi làm trí thức tại khu vực Q5: ĐH Y Dược, Hùng Vương, Kinh tế, Huflit. Bách khoa, TC nghề Hùng Vương, Việt giao. Du lịch SG... TIỆN ÍCH • Nệm , Ga, Gối sạch sẽ thơm tho... • Giường được trang bị Rèm kín đáo, không gian riêng tư • Mỗi giường đều được trang bị tủ cá nhân, bàn học xếp gọn, bóng đèn và ổ cắm sử dụng Laptop, di động • Phòng được trang bị tủ lạnh, máy lạnh mới. • Toilet riêng biệt ờ từng phòng, có thể 3 người sử dụng 1 lúc, thiết bị mới và sạch sẽ • Có dịch vụ vệ sinh và dọn dẹp phòng hàng ngày • Miễn phí hoàn toàn Điện (50KW 1 người 1 tháng), nước, Wifi. • Không gian yên tĩnh và thoáng mát. • Camera An ninh 24/24, cửa khóa vân tay cao cấp, giờ giấc tự do • Khu vực để xe rộng rãi • Sân phơi đồ tầng thượng rộng rãi, có sẵn máy giặt thoải mái giặt và phơi đồ GIÁ CẢ: • KTX nam: đã gồm toàn bộ chi phí. Riêng điện: 50KW 1 người 1 tháng - 1250K(Không máy lạnh)-Lầu 5 - 1800K (Lầu 4), 2000K(Lầu 2): Máy lạnh • KTX nữ: đã gồm toàn bộ chi phí. Riêng điện: 50KW 1 người 1 tháng - Phòng VIP: 2300K giường. - 1800K (Lầu 3), 2000K(Lầu 1): Máy lạnh CAM KẾT • Nhà sạch, an ninh, thoáng mát. Có lao công quét dọn, lấy rác hàng ngày. Tuy nhiên, phòng bừa bộn, vứt rác lung tung, ăn uống năm ba ngày không chịu rửa, thì sẽ được chấn chỉnh hoặc tệ nhất là ""mời dọn đi"" • Môi trường sạch và an toàn, không hút thuốc lá, rượu bia • Không gian yên tĩnh, môi trường sống văn minh, lịch sự. • Quản lý khoa học, chặt chẽ, LIÊN HỆ Liên hệ (có Zalo): 0938.699.585 – 0977.495.598 – 0818.250.561 (Cô Lam Chi)",tromoi.com
https://tromoi.com/phong-tro/nha-tro-duong-nguyen-minh-hoang-phuong-12-tan-binh-ho-chi-minh,"Nhà Trọ Đường Nguyễn Minh Hoàng, Phường 12, Tân Bình, Hồ Chí Minh",4500000,30m²,"Nguyễn Minh Hoàng, Phường 12, Tân Bình, Hồ Chí Minh","Cho thuê phòng trọ có gác tại quận tân bình - Thuận tiện di chuyển sang Tân Phú - gần khu Etown, lotte mart , học viện hàng không, đại học công thương - FULL nội thất - phòng mới sạch sẽ thoáng mát - giờ giấc tự do - camera an ninh, PCCC",tromoi.com
https://tromoi.com/phong-tro/nha-tro-23-43-12-nguyen-huu-tien-tay-thanh-tan-phu-ho-chi-minh,"Nhà Trọ 23/43/12 Nguyễn Hữu Tiến, Tây Thạnh, Tân Phú, Hồ Chí Minh",3200000,20m²,"23/43/12 Nguyễn Hữu Tiến, Tây Thạnh, Tân Phú, Hồ Chí Minh","Chính chủ cho thuê phòng trọ hẻm 23 Nguyễn Hữu Tiến quận TÂN PHÚ Gần các trục đường lớn Tân Sơn Nhì - Trường Chinh Cộng Hoà - Tân Hương. Cách Aeon Tân Phú 1km, ĐH Công Thương. CAM HẾT ẢNH CHỤP PHÒNG THỰC TẾ 100% Giá thuê: Diện tích: 20m2 máy lạnh: 3tr200/tháng. Hỗ trợ lắp thêm nội thất riêng lẻ theo yêu cầu với phí cực rẻ. Có bãi giữ xe trong nhà. Có camera an ninh. Dịch vụ đầy đủ: Wifi, đổ rác, vệ sinh hành lang,... Nuôi thú cưng, bạn bè tới chơi thoải mái. Giờ giấc thoải mái, cho ở phép ở ghép. Cách chợ 50m, có tạp hóa, quán cơm, quán coffee, gymn nhà thi đấu Tân Phú.",tromoi.com
https://tromoi.com/phong-tro/15-truong-quoc-dung-phuong-8-phu-nhuan,"Nhà trọ số 15 Trương Quốc Dung, Phường 8, quận Phú Nhuận",4000000,25m²,"Số 15 Trương Quốc Dung, Phường 8, Quận Phú Nhuận, TP. Hồ Chí Minh","Cho thuê nhà trọ cao cấp, an ninh, chỉ dành cho nữ tại Quận Phú Nhuận! Địa chỉ: Số 15/20/15 Trương Quốc Dung, Phường 8, Quận Phú Nhuận, TP.HCM (hẻm cụt an ninh). Thông tin phòng trọ: Phòng trung cấp, tầng 1 lầu đúc. Diện tích: 25m². Toilet riêng nằm kế bên phòng (không nằm trong phòng). Phòng và toilet mới sửa, sạch sẽ. Có lối đi riêng, chỗ để xe, sân thượng sử dụng chung. Truyền hình cáp. Phòng ở được tối đa 4 người, nhưng chỉ có 2 chỗ để xe máy. Yêu cầu: Chỉ cho nữ thuê (không cho nam thuê). Đặt cọc trước 8.000.000 VNĐ (tiền nhà). Thanh toán tiền nhà đầu tháng. Chi phí: Giá thuê: 4.000.000 VNĐ/tháng. Nước: 200.000 VNĐ/người/tháng. Điện: 3.500 VNĐ/kWh. Liên hệ: Cô Trinh: 0908456010.",tromoi.com
https://tromoi.com/phong-tro/nha-tro-tai-tinh-lo-10-binh-tan,"Nhà trọ tại Tỉnh Lộ 10, Phường Tân Tạo, Quận Bình Tân, TP. Hồ Chí Minh",1200000,16m²,"Tỉnh Lộ 10, Tân Tạo, Bình Tân, Hồ Chí Minh","Cho thuê phòng trọ mới sửa, có gác lửng, an ninh tại Bình Tân! Địa chỉ: Đường Tỉnh Lộ 10, Phường Tân Tạo, Quận Bình Tân, TP.HCM. Thông tin phòng trọ: Nhà trọ mới sửa, đẹp như mới. Diện tích: 16m², có gác lửng. Toilet riêng trong phòng. Có tủ quần áo. Còn trống 3 phòng. Tiện ích: Hẻm xe ô tô. Không chung chủ, giờ giấc tự do. Có chìa khóa cửa cổng riêng. Hệ thống camera an ninh. Gần trường học, bệnh viện, chợ, siêu thị. Chi phí: Giá thuê: 1.200.000 VNĐ/tháng. Liên hệ xem phòng: Số điện thoại: 0778780868.",tromoi.com
https://tromoi.com/phong-tro/nha-tro-so-141l3-bui-huu-nghia-phuong-7-quan-5-thanh-pho-ho-chi-minh,"Nhà trọ số 141L3 Bùi Hữu Nghĩa, Phường 7, Quận 5, Thành phố Hồ Chí Minh",1900000,68m²,"141L3 Bùi Hữu Nghĩa, Phường 7, Quận 5, Thành phố Hồ Chí Minh","- Giá: 1tr9 - 2tr/phòng. Cho Thuê nguyên căn giá 6tr5, cọc 1 tháng - Chi phí khác: điện 3k/kwh, nước 70k/người, Rác và quét thang lầu 20k +20k - Phòng an ninh, sạch sẽ, có cửa sổ thoáng mát, phòng nhỏ gọn giá rẻ - Có bếp nấu ăn, máy giặt và nvs chung - Diện tích: Nhà rộng 68m2, ngang 4m dài 17m. Gồm 4 phòng, còn 3 phòng trống - Lối ngoài là hành lang ban công thoáng mát, sáng sủa - Nằm ngoài đường lớn, bên dưới có tiệm tạp hóa và các tiện ích khác - Gần chợ Hòa Bình, bệnh viện Nguyễn Trãi, bệnh viện Nhiệt đới và các bv lớn, Đại học Sài Gòn, Đại học Kinh tế,... Thuận tiện di chuyển qua các quận 10, quận 1, quận 8,... Địa chỉ: 141L3 Bùi Hữu Nghĩa, Phường 7, Quận 5, Thành phố Hồ Chí Minh Liên hệ: 0934279441 hoặc 0938240665",tromoi.com
https://tromoi.com/phong-tro/nha-tro-duong-hoang-hoa-tham-phuong-14-binh-thanh-ho-chi-minh,"Nhà Trọ Đường Hoàng Hoa Thám, Phường 14, Bình Thạnh, Hồ Chí Minh",6000000,30m²,"Hoàng Hoa Thám, 14, Bình Thạnh, Hồ Chí Minh",Phòng có ban công rộng Full nội thất Thuận tiện di chuyển vào trung tâm Khu vực an ninh,tromoi.com
https://tromoi.com/phong-tro/nha-tro-duong-phan-tay-ho-phuong-7-phu-nhuan-ho-chi-minh,"Nhà Trọ Đường Phan Tây Hồ, Phường 7, Phú Nhuận, Hồ Chí Minh",5500000,32m²,"Phan Tây Hồ, 7, Phú Nhuận, Hồ Chí Minh","CĂN HỘ STUDIO & DUPLEX CHO THUÊ – VIEW ĐẸP, GIÁ TỐT! Vị trí đắc địa : Trung tâm Phú Nhuận & Bình Thạnh, chỉ mất 5-10 phút đến Quận 1, Quận 3, và sân bay. Phòng mới, đầy đủ tiện nghi Giá cực kỳ hấp dẫn : - Studio nội thất cơ bản – Chỉ từ 3.XXX triệu/tháng (Tiết kiệm, tiện lợi!) - Studio full nội thất – Chỉ từ 5.XXX triệu/tháng (Chỉ cần xách vali vào ở ngay!) - Duplex sang trọng – View đẹp, không gian rộng, hỗ trợ giá cực tốt! Ưu đãi đặc biệt tháng này : - Giảm ngay XX% cho khách hàng đặt cọc trong tuần! - Hỗ trợ phí gửi xe hoặc tặng thêm tiện ích khi ký hợp đồng sớm! Không tăng giá suốt hợp đồng – An tâm ở lâu dài! Chỉ còn X suất ưu đãi! Inbox ngay để nhận video & hình ảnh thực tế! Liên hệ xem phòng miễn phí : O961 622 060 (Call)",tromoi.com
https://tromoi.com/phong-tro/nha-tro-8k1-8-binh-dong-phuong-14-quan-8-thanh-pho-ho-chi-minh,"Nhà trọ 8k1/8 Bình Đông, Phường 14, Quận 8, Thành phố Hồ Chí Minh",1800000,16m²,"8k1/8 Bình Đông, Phường 14, Quận 8, Thành phố Hồ Chí Minh","CHO THUÊ PHÒNG TRỌ Phòng trọ 4m*4m ( tổng diện tích 16m2) Phòng có gạch ốp tường cao 1m6 sạch sẽ thoáng mát. Chỗ để xe được bố trí camera an ninh. Có nhà vệ sinh riêng biệt và sân phơi đồ Tiện ích khu vực xung quanh. Trường học các cấp mẫu giáo, 1 2 3. Chợ Nhị Thiên Đường, chợ Bình Đông, Bách Hoá Xanh, B's mart, Familymart, FPT, thegioididong... Bến xe quận 8. Cách 10 phút đi Quận 5, 6, 7,... Yêu cầu: - Có ý thức giữ gìn vệ sinh chung, bảo quản tài sản. - Ưu tiên trí thức, người tử tế ngăn nắp, ở lâu dài. Chi Phí khác: Giá: 1.800.000 /1 tháng - Điện: 3.500/ ký. - Nước: 15.000/khối. - Tiền xe, rác: miễn phí Đại chỉ: 8K1/8 Bến Bình Đông , phường 14, quận 8. Liên hệ: 0934009400 Chị 7",tromoi.com
https://tromoi.com/phong-tro/25m2-cmt8-quan-3-gan-cv-le-thi-rieng-q3,NHÀ TRỌ 25m2 TẠI CMT8 QUẬN 3 GẦN CV LÊ THỊ RIÊNG Q3,2800000,25m²,"540/35 Cách Mạng Tháng 8, 11, Quận 3, Hồ Chí Minh","PHÒNG TRỌ 25m2 - 540/35 ĐƯỜNG CÁCH MẠNG THÁNG 8 P11 Q3 (GẦN CV LÊ THỊ RIÊNG) Phòng trọ ở từ 1-3 người (sinh viên, người đi làm, công nhân...), lưu ý gia đình có con lớn từ 10 tuổi trở lên vì cầu thang nhỏ . Phòng ngoài bìa rộng rãi, thoáng mát, 2 tầng gồm tầng trệt để nấu ăn, và căn gác sinh hoạt, toilet riêng . Có chỗ để xe (2 xe free), phơi đồ, wifi free, camera an ninh . Tiền điện, nước theo giá nhà nước. Giờ mở cửa: 5h30 - đóng cửa 22h00. Địa điểm gần chợ, nhiều trường học, trạm xe bus, bệnh viện, chùa, nhà thờ, khu vực vui chơi... và các quận trung tâm, thuận tiện đi lại. Khu vực an ninh, thoáng mát, đường hẻm rộng. Vui lòng liên hệ trước để xem phòng (gọi/ nhắn sđt trên tin (có zalo)), thời gian ghé xem phòng: trước 11h trưa, sau 14h chiều và trước 18h tối. CẢM ƠN BẠN ĐÃ QUAN TÂM !!!",tromoi.com
https://tromoi.com/phong-tro/nha-tro-duong-nguyen-thi-thap-phuong-tan-phu-quan-7-thanh-pho-ho-chi-minh,"Nhà trọ đường Nguyễn Thị Thập, Phường Tân Phú, Quận 7, Thành phố Hồ Chí Minh",4000000,25m²,"Nguyễn Thị Thập, Phường Tân Phú, Quận 7, Thành phố Hồ Chí Minh","Phòng sạch sẽ thoáng mát , tiện nghi - Camera 24/7, cửa khoá vân tay - Đầy đủ nội thất , tiện nghi Không giới hạn ngươi ở",tromoi.com
https://tromoi.com/phong-tro/nha-tro-duong-huynh-tan-phat-phuong-phu-thuan-quan-7-thanh-pho-ho-chi-minh,"Nhà trọ đường Huỳnh Tấn Phát, Phường Phú Thuận, Quận 7, Thành phố Hồ Chí Minh",3400000,20m²,"Huỳnh Tấn Phát, Phường Phú Thuận, Quận 7, Thành phố Hồ Chí Minh","Phòng rộng rãi thoáng mát, đẹp, sạch sẽ, có bếp nấu ăn và tiện nghi như dạng căn hộ mini, chỉ cần xách vali vào ở. Giờ giấc tự do, an ninh tuyệt đối - Camera 24/24 Wifi cáp quang tốc độ cao. - Chìa khóa trao tay, giờ giấc ra vào tự do. - Cho người thân và bạn bè đến chơi thoải mái. - Có đội hỗ trợ khắc phục sự cố điện, nước ngay khi có yêu cầu. - QL nhà trẻ, vui vẻ và thoải mái, bạn sẽ luôn được hỗ trợ trong suốt thời gian sống. Cam kết không tăng giá lại trong suốt thời gian hợp đồng, ưu tiên khách hàng văn minh, lịch sự, HĐ lâu dài. Hãy liên hệ xem phòng ngay để chọn được nơi an cư dành cho bạn",tromoi.com
https://tromoi.com/phong-tro/nha-tro-duong-tran-xuan-soan-phuong-tan-hung-quan-7-thanh-pho-ho-chi-minh-1742179771,"Nhà trọ đường Trần Xuân Soạn, Phường Tân Hưng, Quận 7, Thành phố Hồ Chí Minh",4000000,25m²,"Trần Xuân Soạn, Phường Tân Hưng, Quận 7, Thành phố Hồ Chí Minh","Phòng mới sạch sẽ, thoáng mát, đầy đủ tiện nghi - An ninh, camera 24/24 - Giờ giấc tự do, cửa vân tay - Hệ thống PCCC đúng theo quy định - Không giới hạn người ở - Gần lotte thuận tiện di chuyển qua q4, q1,...",tromoi.com
https://tromoi.com/phong-tro/nha-tro-so-1159-huynh-tan-phat-phuong-phu-thuan-quan-7-thanh-pho-ho-chi-minh,"Nhà trọ số 1159 Huỳnh Tấn Phát, Phường Phú Thuận, Quận 7, Thành phố Hồ Chí Minh",3300000,25m²,"1159 Huỳnh Tấn Phát, Phường Phú Thuận, Quận 7, Thành phố Hồ Chí Minh","PHÒNG CÓ THỂ THƯƠNG LƯỢNG GIÁ VÀ CHIA CỌC ĐÓNG NHIỀU LẦN 500m tới BigC NTT, 1km tới Crescent Mall Di chuyển thuận tiện vào Q1, Q4, Q5,...... -------------------------------------------------- Bao giá thị trường phòng trọ Giờ giấc tự do, bảo vệ 24/24 Không chung chủ, ra vào vân tay Ngay mặt tiền htp thuận tiện qua siêu thị, trường học, gym, trạm xe bus.... Phòng trọ thoáng mát đầy đủ tiện nghi, hầm xe bao rộng HỆ THỐNG PCCC đúng theo quy định --------------------------------------------------------------------- Đầy đủ nội thất & Đa dạng giá cả : - Studio ( Không Gác ): 2trx - 3trx - Duplex ( Có Gác ): 3trx-4trx - 1PN: 4trx #Cam kết: hình thật , giá thật Liên hệ ngay: 0903928726",tromoi.com
https://tromoi.com/phong-tro/nha-tro-duong-nguyen-bieu-phuong-1-quan-5-ho-chi-minh,"Nhà Trọ Đường Nguyễn Biểu, Phường 1, Quận 5, Hồ Chí Minh",4200000,20m²,"Nguyễn Biểu, 1, Quận 5, Hồ Chí Minh","CHO THUÊ PHÒNG CHÍNH CHỦ – GẦN CẦU CHỮ Y, QUẬN 5 📍 Địa chỉ: 88 Nguyễn Biểu, Phường 1, Quận 5, TP.HCM 💰 Giá thuê: Chỉ 4 triệu***/tháng ✔️ Phòng sạch sẽ, thoáng mát ✔️ Giờ giấc tự do, không chung chủ ✔️ Gần cầu Chữ Y, thuận tiện di chuyển sang Quận 1, Quận 8, Quận 7 ✔️ Khu vực an ninh, yên tĩnh 📞 Liên hệ: 0852 099 608 -Nhanh tay liên hệ để xem phòng trực tiếp!",tromoi.com
https://tromoi.com/phong-tro/phong-full-noi-that-gia-3-500-000,"Nhà trọ tại Tô Ngọc Vân, 15, Gò Vấp, Hồ Chí Minh - Full nội thất",3500000,15m²,"Tô Ngọc Vân, 15, Gò Vấp, Hồ Chí Minh","CHO THUÊ PHÒNG TRỌ TẠI TÔ NGỌC VÂN, P15, GÒ VẤP Giá: 3.500.000 như hình Full nội thất có gác cao Máy lạnh, thang máy, máy giặt, ban công chung, tủ đồ, kệ bếp, nước nóng lạnh Free xe, gần Lotte Nguyễn Văn Lượng Có thể ở được từ ngày 21/3 ạ LH: 0868.400.118 (Zalo/Ib mess)",tromoi.com
https://tromoi.com/phong-tro/nha-tro-duong-cong-hoa-phuong-13-quan-tan-binh-thanh-pho-ho-chi-minh,"Nhà trọ đường Cộng Hòa, Phường 13, Quận Tân Bình, Thành phố Hồ Chí Minh",3900000,30m²,"Cộng Hòa, Phường 13, Quận Tân Bình, Thành phố Hồ Chí Minh","Toà nhà full nội thất, tiện ích ngay Cộng Hoà đối diện Etown Có hầm xe, Thang máy, Bảo vệ Hệ thống camera an ninh, giờ giấc tự do Hệ thống PCCC hiện tại đang trống phòng giá từ 4tr1 đến 4tr4 Giảm ngay 200k cho 3 tháng khi dọn vào ở ngay Liên hệ 0762.891.248 ( Sun )",tromoi.com
https://tromoi.com/phong-tro/duplex-ngo-be-khu-etown,NHÀ TRỌ DUPLEX NGÔ BỆ KHU ETOWN,5000000,35m²,"Ngô Bệ, 13, Tân Bình, Hồ Chí Minh","CĂN DUPLEX FULL NỘI THẤT CAO CẤP – NGÔ BỆ, ĐỐI DIỆN ETOWN Đặc điểm nổi bật: Duplex 2 tầng rộng rãi, thiết kế sang trọng, tối ưu ánh sáng tự nhiên Full nội thất cao cấp – Chỉ cần xách vali vào ở ngay Vị trí vàng: Đối diện Etown, gần sân bay Tân Sơn Nhất, thuận tiện di chuyển vào trung tâm Tiện ích đầy đủ: Khu vực an ninh, gần siêu thị, trường học, nhà hàng, quán café Liên hệ ngay để xem nhà và trải nghiệm thực tế!",tromoi.com
https://tromoi.com/phong-tro/nha-tro-duong-so-42-binh-trung-dong-quan-2-thanh-pho-ho-chi-minh,"Nhà trọ Đường số 42, Bình Trưng Đông, Quận 2, Thành phố Hồ Chí Minh",5600000,35m²,"Đường số 42, Bình Trưng Đông, Quận 2, Thành phố Hồ Chí Minh","Điện: 4K Nước: 120k/ng Xe 100k/xe Phí DV 150k/p Nộ thất: Máy lạnh, bàn ghế, kệ bếp, tủ quần áo, máy nóng lạnh, giường nệm, máy giặt chung Thêm tủ lạnh thêm phí Tối đa 4 người",tromoi.com
https://tromoi.com/phong-tro/nha-tro-so-35-nguyen-quang-bich-phuong-13-quan-tan-binh-thanh-pho-ho-chi-minh,"Nhà trọ số 35 Nguyễn Quang Bích, Phường 13, Quận Tân Bình, Thành phố Hồ Chí Minh",3800000,15m²,"35 Nguyễn Quang Bích, Phường 13, Quận Tân Bình, Thành phố Hồ Chí Minh","Dành cho những ai đang tìm phòng trọ tiện nghi tại Tân Bình! Địa chỉ: 35 Nguyễn Quang Bích, Quận Tân Bình Giá thuê: 3.800.000 VNĐ/tháng Tiện ích phòng: Có gác lửng rộng rãi, tận dụng không gian thoải mái. Máy lạnh giúp mát mẻ suốt cả ngày. Bàn ghế, kệ bếp, WC riêng – đầy đủ tiện nghi dọn vào ở ngay. Cửa sổ thoáng mát , lấy sáng tự nhiên. Vị trí thuận lợi: Khu an ninh, yên tĩnh, dân trí cao. Gần chợ, siêu thị, quán ăn, tiện di chuyển ra các quận trung tâm. Liên hệ xem phòng: 0818 856 878 (Trinh)",tromoi.com
https://tromoi.com/phong-tro/nha-tro-so-406-6-cong-hoa-phuong-13-quan-tan-binh-thanh-pho-ho-chi-minh,"Nhà trọ số 406/6 Cộng Hòa, Phường 13, Quận Tân Bình, Thành phố Hồ Chí Minh",3700000,20m²,"406/6 Cộng Hòa, Phường 13, Quận Tân Bình, Thành phố Hồ Chí Minh","Phòng rộng rãi thoáng mát, sạch đẹp có bếp nấu ăn và tiện nghi như dạng căn hộ mini, chỉ cần xách vali vào ở. - Giờ giấc tự do, an ninh tuyệt đối - Camera 24/24 - Không giới hạn ngươi ở - Có đội hỗ trợ khắc phục sự cố điện, nước ngay khi có yêu cầu",tromoi.com
https://tromoi.com/phong-tro/nha-tro-406-6-cong-hoa-phuong-13-quan-tan-binh-thanh-pho-ho-chi-minh,"Nhà trọ 406/6 Cộng Hòa, Phường 13, Quận Tân Bình, Thành phố Hồ Chí Minh",3500000,20m²,"406/6 Cộng Hòa, Phường 13, Quận Tân Bình, Thành phố Hồ Chí Minh","CHO THUÊ PHÒNG DUPLEX FULL NỘI THẤT – CỘNG HÒA, TÂN BÌNH Địa chỉ: 406/6 Cộng Hòa, Phường 13, Quận Tân Bình, TP.HCM. Giá thuê: 3,5 triệu/tháng. Diện tích: 20m². Thông tin phòng: Thiết kế duplex sang trọng, gác cao, rộng rãi. Đầy đủ nội thất: giường, tủ, máy lạnh, bếp, tủ lạnh... Không chung chủ, giờ giấc tự do. Khu vực an ninh, yên tĩnh. Liên hệ Trinh: 0818 856 878 để xem phòng ngay!",tromoi.com
https://tromoi.com/phong-tro/nha-tro-duong-vuon-lai-an-phu-dong-quan-12-ho-chi-minh,"Nhà Trọ Đường Vườn Lài, An Phú Đông, Quận 12, Hồ Chí Minh",3500000,36m²,"Vườn Lài, An Phú Đông, Quận 12, Hồ Chí Minh","PHÒNG TRỌ MỚI XÂY FULL NỘI THẤT TIỆN NGHI ĐỒNG GIÁ CHỈ 3TR5 -> 4TR ĐỊA CHỈ: 45 VƯỜN LÀI QUẬN 12 GÒ VẤP GẦN TRƯỜNG NGUYỄN TẤT THÀNH, VĂN LANG CS3, ĐẠI HỌC IUH, CÔNG VIÊN VĂN HOÁ GÒ VẤP Tiện nghi đầy đủ: Máy giặt chung, bảo vệ 24/7. Cửa vân tay, an ninh đảm bảo. Phòng có cửa sổ trời thoáng mát THANG MÁY, CHỖ ĐỂ XE RỘNG RÃI YÊN TĨNH Liên hệ ngay SMS/ ZALO: 0565.247.005 (P.Trang) để xem phòng!",tromoi.com
https://tromoi.com/phong-tro/nha-tro-duong-huong-lo-2-phuong-binh-tri-dong-quan-binh-tan-thanh-pho-ho-chi-minh-1739353372,"Nhà trọ đường Hương Lộ 2, Phường Bình Trị Đông, Quận Bình Tân, Thành phố Hồ Chí Minh",3200000,30m²,"Hương Lộ 2, Phường Bình Trị Đông, Quận Bình Tân, Thành phố Hồ Chí Minh","Chính chủ cho thuê PHÒNG TRỌ GIÁ RẺ GÁC CAO ngay Hương Lộ 2, Tân Hoà Đông, Trương Phước Phan, Bình Trị Đông gần Aeon Bình Tân, Bệnh viện Bình Tân Nội thất cơ bản như: gác, máy lạnh, kệ bếp Giờ giấc tự do, không chung chủ, có thang máy, cửa ra vào vân tay, camera an ninh 24/24 Liên hệ elm để em hỗ trợ mình đi xem phòng miễn phí ngaa - 0964941138 (Hoàng Thảo - có ZALO)",tromoi.com
https://tromoi.com/phong-tro/nha-tro-362-thong-nhat-phuong-16-quan-go-vap-thanh-pho-ho-chi-minh,"Nhà trọ 362 Thống Nhất, Phường 16, Quận Gò Vấp, Thành phố Hồ Chí Minh",4000000,22m²,"362 Thống Nhất, Phường 16, Quận Gò Vấp, Thành phố Hồ Chí Minh","Nhà trọ Hẻm 362 Thống Nhất, Phường 16, Quận Gò Vấp, Thành phố Hồ Chí Minh Thông tin cho thuê như sau: - Full nội thất, có máy lạnh, bếp điện, tủ lạnh - Diện tích 22m2 - Không gian được thiết kế tối ưu với đầy đủ nội thất cần thiết - Phòng thoáng sáng, sạch sẽ, đảm bảo an ninh, PCCC - Vệ sinh trong và bếp tách biệt tiện nghi - Thang máy, bảo vệ 24/7 - Giá thuê từ: 4tr/tháng Liên hệ 0332234449 để xem phòng và đặt cọc.",tromoi.com
https://tromoi.com/phong-tro/nha-tro-trung-my-tay-19-phuong-trung-my-tay-quan-12-thanh-pho-ho-chi-minh,"Nhà trọ Trung Mỹ Tây 19, Phường Trung Mỹ Tây, Quận 12, Thành phố Hồ Chí Minh",3500000,30m²,"Trung Mỹ Tây 19, Phường Trung Mỹ Tây, Quận 12, Thành phố Hồ Chí Minh","Phòng rộng full nội thất. Giá: 3tr5 (ở 1 người giá 3tr3) Ban công rộng thoáng, tháng. Đường Tô Ký, gần cổng trường ĐH giao thông vận tải, gần chợ tân chánh hiệp. Không giới hạn người ở, không giới hạn xe. Cổng bằng thẻ từ, giờ giấc tự do ko chung chủ. Camera an ninh, nhà có sân thượng Điện 3,5k/kwh, nước 100k/người. Phí dv 150k/phòng.",tromoi.com
https://tromoi.com/phong-tro/nha-tro-o-valencia-riverside-nguyen-duy-trinh-phu-huu-quan-9-thanh-pho-ho-chi-minh,"Nhà trọ ở Valencia Riverside, Nguyễn Duy Trinh, Phú Hữu, Quận 9, Thành phố Hồ Chí Minh",3000000,25m²,"Valencia Riverside, Nguyễn Duy Trinh, Phú Hữu, Quận 9, Thành phố Hồ Chí Minh","GÓC PASS PHÒNG: ưu tiên sinh viên, nữ làm văn phòng Em/Mình cần pass 1 phòng trong nhà nguyên căn như hình bên dưới. Phòng đã bao gồm: +Nội thất trong phòng: Tủ,bàn,giường,nệm,quạt,máy lạnh (xách vali vào là ở) +Khu sinh hoạt chung: bếp,tủ lạnh,máy giặt,máy lọc nước,... (nhà mình đã trang bị đầy đủ) +Y/c: Giữ gìn vệ sinh sạch sẽ, gọn gàng, không hút thuốc,vape,pod. +Giá phòng : 3 triệu/tháng ( chưa bao gồm điện nước ) +Địa chỉ: Valencia Riverside, đường Nguyễn Duy Trinh, Phú Hữu, quận 9. ( tiện di chuyển đến các trường đại học như UFM cs Long Trường, GTVT TPHCM CS2, HCMUTE,... )",tromoi.com
https://tromoi.com/phong-tro/ky-tuc-xa-duong-so-8-phuong-11-go-vap-ho-chi-minh,"Ký Túc Xá Đường Số 8, Phường 11, Gò Vấp, Hồ Chí Minh",1200000,40m²,"20/37 đường Số 8, P11, Gò Vấp, Hồ Chí Minh","Bạn đang tìm phòng KTX sạch đẹp, thoáng mát, tiện nghi đầy đủ? Đây chính là lựa chọn lý tưởng! ✨ Tiện ích phòng: ✔ Full nội thất: Giường + nệm, tủ quần áo, máy lạnh, máy nước nóng. ✔ Tiện nghi chung: 2 máy giặt, máy sấy, sân phơi rộng (có chỗ phơi khi trời mưa). ✔ Bếp rộng rãi: Đầy đủ dụng cụ nấu ăn, bàn ăn. ✔ Phòng đọc sách: Máy lạnh, sofa, ghế ngồi thư giãn. ✔ Sân thượng chill: Bàn ghế thư giãn, café, sinh hoạt ngoài trời. ✔ Internet tốc độ cao, nước uống miễn phí từ hệ thống lọc hiện đại. ? Vị trí đắc địa: ? Cách khu dân cư City Land 300m, gần Lotte Mart (500m), Bách Hóa Xanh (200m). ? Gần chợ, công viên (600m), nhà thuốc lớn (200m), trường học, bệnh viện. ? Khu vực xung quanh đầy đủ hàng quán ăn uống, café, tiện ích nhu yếu phẩm. ? An ninh đảm bảo – Giờ giấc tự do: ✅ Camera an ninh 24/7, cửa vân tay, không chung chủ. ✅ Hệ thống PCCC an toàn, môi trường sạch sẽ, văn minh. ✅ Phù hợp sinh viên, nhân viên văn phòng, người đi làm thuê ở lâu dài. ? Giá thuê chỉ 1,2 triệu/giường/tháng ? LHCC ngay: Hotline/zalo chính chủ 0932571102 ? Địa chỉ: Hẻm 20/37 (đối diện chùa Tế Độ), Đường số 8, P.11, Q.Gò Vấp, TP.HCM",tromoi.com
https://tromoi.com/phong-tro/cho-thue-nha-hem-lon-duong-nguyen-dinh-chieu-trung-tam-quan-3,CHO THUÊ NHÀ HẺM LỚN ĐƯỜNG NGUYỄN ĐÌNH CHIỂU TRUNG TÂM QUẬN 3,15000000,70m²,"Nguyễn Đình Chiểu, 4, Quận 3, Hồ Chí Minh","Kết cấu nhà: 1 trệt + 1 lầu (1 PN + 1 WC), tổng diện tích sử dụng: 70m2, nhà vuông vức, thoáng mát; Hẻm lớn, giao với trục đường chính, không ngập nước; Khu dân cư an ninh, gần chợ và có nhiều tiện ích xung quanh (trung tâm thương mại, gym,..); Điện, nước, internet và các chi phí khác: theo giá nhà nước; GIÁ THUÊ: 15.000.000 đồng/tháng. cọc: 01 tháng. Địa chỉ: Nguyễn Đình Chiểu, Phường 4, Quận 3 THÔNG TIN LIÊN HỆ: 0941745739 để trao đổi thêm chi tiết.",tromoi.com
https://tromoi.com/phong-tro/nha-tro-duong-ton-dan-phuong-10-quan-4-thanh-pho-ho-chi-minh,"Nhà trọ đường Tôn Đản, Phường 10, Quận 4, Thành phố Hồ Chí Minh",5000000,35m²,"Tôn Đản, Phường 10, Quận 4, Thành phố Hồ Chí Minh","STUDIO XỊN SÒ Q4 Chốt deal ngay chỉ với 5.xxx.xxx/tháng! Vị trí: Tôn Đản, Quận 4 – ngay trung tâm, sát Q1, tiện di chuyển! Full nội thất: Giường, tủ, máy lạnh, nước nóng, bếp nấu ăn, cửa sổ thoáng mát. Tiện ích: Free wifi, chỗ để xe, camera an ninh 24/7, giờ giấc tự do. Call/Zalo: [0915 347 691] (A.Đức)",tromoi.com
https://tromoi.com/phong-tro/nha-tro-so-73-duong-so-10-phuong-an-lac-quan-binh-tan-thanh-pho-ho-chi-minh,"Nhà trọ số 73 đường Số 10, Phường An Lạc, Quận Bình Tân, Thành phố Hồ Chí Minh",2500000,30m²,"73 đường Số 10, Phường An Lạc, Quận Bình Tân, Thành phố Hồ Chí Minh","CHO NAM THUÊ TRỌ GIÁ RẺ Địa chỉ: 73, đường số 10, An Lạc, Bình Tân Giá: 2,5 triệu/tháng + phí sinh hoạt *Tiện ích: - Giờ giấc tự do - Giường, nệm, bàn làm việc, quạt - Máy giặt, tủ lạnh, bếp, nhà vệ sinh chung - Sân thượng rộng, khu để xe, không gian yên tĩnh *Ưu đãi: phí sinh hoạt chung trọn gói 400.000đ/tháng (chỗ để xe, rác, điện, nước, bếp, máy giặt, tủ lạnh) *Vị trí: Gần siêu thị Aone, chợ Bình Điền, khu công nghiệp, bến xe Miền Tây *Liên hệ: 0934.144.223 (SĐT/Zalo)",tromoi.com
https://tromoi.com/phong-tro/nha-tro-duong-so-20-phuong-5-quan-go-vap-thanh-pho-ho-chi-minh,"Nhà trọ Đường số 20, Phường 5, Quận Gò Vấp, Thành phố Hồ Chí Minh",5000000,28m²,"Đường số 20, Phường 5, Quận Gò Vấp, Thành phố Hồ Chí Minh","- Nhà có thang máy siêu xịn, nhà xe rộng, - Có đủ hệ thống pccc đảm bảo an toàn - Gần ngay Đai học văn lang, Đại học IUH, ngay mặt tiền đường lớn - Ở đc 4 người, cho nuôi pet",tromoi.com
https://tromoi.com/phong-tro/nha-tro-duong-tran-quang-dieu-phuong-14-quan-3-ho-chi-minh,"Nhà Trọ Đường Trần Quang Diệu, Phường 14, Quận 3, Hồ Chí Minh",5500000,30m²,"Trần Quang Diệu, 14, Quận 3, Hồ Chí Minh","CHO THUÊ DUPLEX MỚI XÂY DỰNG TẠI Q3 Nằm tại Trần Quang Diệu, Q3 ở khu trung tâm thuận tiện đi lại qua các quận trung tâm trong SG Không chung chủ, giờ giấc tự do, camera và thẻ cửa từ Hầm xe siêu rộng, có mở cửa từ xa Thang máy tận phòng, phòng cực kì sang trọng Giá cực kì ưu đãi cho ai thuê lâu dài Liên hệ zalo: 0943636517 hoặc 0914088420 Lương Bảo để được hỗ trợ ngay lập tức",tromoi.com
https://tromoi.com/phong-tro/nha-tro-nghiem-toan-hoa-thanh-tan-phu-ho-chi-minh,"Nhà Trọ Nghiêm Toản, Hoà Thạnh, Tân Phú, Hồ Chí Minh",4000000,30m²,"Nghiêm Toản, Hoà Thạnh, Tân Phú, Hồ Chí Minh","TÂN PHÚ Đi đâu kiếm CHDV FULL NỘI THẤT - BAN CÔNG, CỬA SỔ mà có 4TR (2ng)? Cách 100m ra Lũy Bán Bích, Thoại Ngọc Hầu,..Gần chợ, Aeon Tân Phú, siêu thị GO, Hasaki, trường học, UBND, ngân hàng,… Không chung chủ, riêng tư, thoải mái. Đầy đủ tiện nghi: Free xe NVS, bếp riêng Nội thất có sẵn: Tủ lạnh, giường, tủ quần áo, bàn ghế,… Tiện ích: Thang máy, nước nóng/lạnh, cửa khóa vân tay an toàn. Cho nuôi pet ?? ZALO: 0326932371 (Ms.Lien) để trao đổi chi tiết",tromoi.com
https://tromoi.com/phong-tro/nha-tro-so-921-pham-van-bach-phuong-12-quan-go-vap-thanh-pho-ho-chi-minh,"Nhà trọ số 921 Phạm Văn Bạch, Phường 12, Quận Gò Vấp, Thành phố Hồ Chí Minh",3800000,25m²,"921 Phạm Văn Bạch, Phường 12, Quận Gò Vấp, Thành phố Hồ Chí Minh","Địa Chỉ 921 Phạm Văn Bạch, Phường 12, Gò Vấp (giáp Phường 15, Tân Bình) Đa dạng phân khúc giá cho khách lựa chọn: - Phòng Không gác sẵn tủ bếp, máy lạnh Giá 3,2 triệu - Phòng có gác sẵn tủ bếp, tủ đồ trên gác, máy lạnh giá 3,8 triệu - Phòng có gác ban công lớn đối diện công viên giá 4,5 triệu",tromoi.com
https://tromoi.com/phong-tro/tro-o-tan-thuan-tay,"Nhà trọ đường Tân Thuận Tây, Phường Tân Thuận Tây, Quận 7, Hồ Chí Minh",5000000,27m²,"Tân Thuận Tây, Quận 7, Hồ Chí Minh","Nhà trọ đường Tân Thuận Tây, Phường Tân Thuận Tây, Quận 7, Hồ Chí Minh Chi tiết phòng trọ như sau: - Gía cho thuê: 5000000 vnđ/ tháng - Diện tích: 27m2 - Phòng đầy đủ nội thất: tủ lạnh, điều hòa, nóng lạnh, vệ sinh trong, tủ áo quần, giường nệm, máy giặt, gác lửng,.... - Phòng ở trong khu vực an ninh, gần các điểm siêu thị, chợ, trường học, bệnh viện,... thuận tiện di chuyển Liên hệ: 0398 864 265",tromoi.com
https://tromoi.com/phong-tro/nha-tro-so-250-1-9-nguyen-xi-phuong-13-quan-binh-thanh-thanh-pho-ho-chi-minh,"Nhà trọ số 250/1/9 Nguyễn Xí, Phường 13, Quận Bình Thạnh, Thành phố Hồ Chí Minh",3800000,30m²,"250/1/9 Nguyễn Xí, Phường 13, Quận Bình Thạnh, Thành phố Hồ Chí Minh","CĂN NHÀ TRỌ 1 TRỆT 1 LẦU, MẶT TIỀN ĐƯỜNG NỘI BỘ - Nhà đẹp , lịch sự, thiết kế RIÊNG BIỆT có WC, có cửa sổ, BAN CÔNG thoáng mát, tiện để phơi đồ. - Có bếp riêng, nấu nướng tự do. - Khu dân cư yên tĩnh, an ninh và lịch sự. - Ngay trung tâm Q.Bình Thạnh, gần siêu , chợ, các trường ĐH, các khu vui chơi giải trí, - Giao thông thuận lợi, tiện đi lại các Q. Phú Nhuận, Q.1, Q.3, Q.Tân Bình, Q. Gò Vấp... Giá thuê: 3.8 triệu/tháng Diện tích: 30m2 (1 trệt - 1 lầu) Địa chỉ: 250/1/9 Nguyễn Xí, P.13, Q. Bình Thạnh Liên hệ: 0907032625 ( Hào)",tromoi.com
https://tromoi.com/phong-tro/nha-tro-su-van-hanh-phuong-12-quan-10-ho-chi-minh,"Nhà Trọ Sư Vạn Hạnh, Phường 12, Quận 10, Hồ Chí Minh",2000000,18m²,"Sư Vạn Hạnh, 12, Quận 10, Hồ Chí Minh","Hiện mình có 1 phòng trống cho thuê đối diện vạn hạnh mall quận 10 Phòng rộng 18m, có thể ở 2 người, phòng trống có thể ở ngay, phòng sạch sẽ , an ninh yên tĩnh , giờ giấc tự do không chung chủ, có máy giặt chung. khu dân trí cao, đường rộng rãi oto tận nhà.",tromoi.com
https://tromoi.com/phong-tro/nha-tro-duong-ly-thuong-kiet-phuong-8-tan-binh-ho-chi-minh,"Nhà Trọ Đường Lý Thường Kiệt, Phường 8, Tân Bình, Hồ Chí Minh",2500000,20m²,"Lý Thường Kiệt, 8, Tân Bình, Hồ Chí Minh","Phòng có gác có thể ở ngay phòng rộng 20m. có gác rộng, wc trong phòng, có bếp nấu ăn, an ninh, yên tĩnh sạch sẽ và thoáng mát Giờ giấc tự do không chung chủ, ra vô vân tay , khu dân trí cao, giữ xe free.",tromoi.com
https://tromoi.com/phong-tro/nha-tro-hem-80-duong-quang-ham-phuong-6-quan-go-vap-thanh-pho-ho-chi-minh,"Nhà trọ Hẻm 80 Dương Quảng Hàm, Phường 6, Quận Gò Vấp, Thành phố Hồ Chí Minh",4000000,25m²,"Hẻm 80 Dương Quảng Hàm, Phường 6, Quận Gò Vấp, Thành phố Hồ Chí Minh","Dành cho bạn nào đang tìm phòng trọ rộng rãi, tiện nghi ngay trung tâm Gò Vấp! Địa chỉ : Hẻm 80 Dương Quảng Hàm, Phường 6, Quận Gò Vấp, TP.HCM Diện tích : 25m² Giá thuê : 4 triệu/tháng Tiện ích đầy đủ : - Máy lạnh sẵn sàng sử dụng - Tủ đồ kết hợp cầu thang, tối ưu không gian - Nhà có thang máy tiện di chuyển - Bảo vệ 24/7, đảm bảo an ninh - Nhà xe rộng rãi, thoải mái để xe Vị trí trung tâm, gần nhiều trường đại học, chợ, siêu thị, thuận tiện đi lại. Liên hệ Thu Hoài – 0367891324 để xem phòng ngay!",tromoi.com
https://tromoi.com/phong-tro/nha-tro-so-38-8-pham-don-phuong-11-quan-5-thanh-pho-ho-chi-minh,"Nhà trọ số 38/8 Phạm Đôn, Phường 11, Quận 5, Thành phố Hồ Chí Minh",2400000,10m²,"38/8 Phạm Đôn, Phường 11, Quận 5, Thành phố Hồ Chí Minh","PHÒNG TRỌ YÊN TĨNH - AN NINH - GẦN CÁC TRƯỜNG ĐẠI HỌC Bạn đang tìm một nơi ở thuận tiện cho việc học tập và làm việc tại Quận 5? Phòng trọ tại 38/8 Phạm Đôn, Phường 10, Quận 5 chính là lựa chọn phù hợp! Vị trí đắc địa: Đường Phạm Đôn rộng 9m, kết nối Trần Hưng Đạo B và Hải Thượng Lãn Ông , thuận tiện di chuyển. Gần các trường đại học lớn như ĐH TDTT TW 2, ĐH Y Dược, ĐH Sư Phạm . Xung quanh có Bưu điện Quận 5, chợ, Parkson Hùng Vương , dễ dàng mua sắm, sinh hoạt. Mô tả phòng: Nằm trong hẻm cụt , khu dân cư yên tĩnh, an ninh, sạch sẽ . Thích hợp cho học sinh, sinh viên, người làm công tác nghiên cứu, học tập . Giá thuê: 2.400.000đ/tháng Liên hệ: 0907709162 (Vui lòng gọi trước để hẹn giờ xem phòng).",tromoi.com
https://tromoi.com/phong-tro/nha-tro-so-67-4-cao-thang-phuong-3-quan-3-thanh-pho-ho-chi-minh,"Nhà trọ số 67/4 Cao Thắng, Phường 3, Quận 3, Thành phố Hồ Chí Minh",3500000,180m²,"67/4 Cao Thắng, Phường 3, Quận 3, Thành phố Hồ Chí Minh","CHO 1 NỮ THUÊ PHÒNG Giá 3tr5 + Khu an ninh, lịch sự + Phòng có đồ nội thất, wifi free + Điện 4k, nước 100k/ người Địa chỉ: 67/4 Cao Thắng, phường 3, quận 3 Liên hệ: 0772802463 (Vân Anh)",tromoi.com
https://tromoi.com/phong-tro/phong-tro-tai-go-vap,"Nhà trọ số 17, 11, Gò Vấp, Hồ Chí Minh",3500000,20m²,"17, 11, Gò Vấp, Hồ Chí Minh","Cho thuê phòng trọ tiện nghi, có ban công tại Gò Vấp! Địa chỉ: 17 đường số 11, Quận Gò Vấp, TP.HCM. Thông tin phòng trọ: Phòng trọ chung với chủ nhà. Có nhà vệ sinh riêng. Có ban công phía sau. Diện tích : 20m2 Tiện ích xung quanh: Gần chợ, trường học, siêu thị. Chi phí: Giá thuê: 3.500.000 VNĐ/tháng. Liên hệ: 0984714010",tromoi.com
https://tromoi.com/phong-tro/nha-tro-hem-350-le-duc-tho-phuong-6-quan-go-vap-thanh-pho-ho-chi-minh,"Nhà trọ Hẻm 350 Lê Đức Thọ, Phường 6, Quận Gò Vấp, Thành phố Hồ Chí Minh",4100000,28m²,"Hẻm 350 Lê Đức Thọ, Phường 6, Quận Gò Vấp, Thành phố Hồ Chí Minh","Cho thuê phòng cửa sổ trời, gác cao tại Quận Gò Vấp Địa chỉ : Hẻm 350 Lê Đức Thọ, Phường 6, Quận Gò Vấp, TP.HCM Thông tin phòng : Diện tích: 28m², rộng rãi, thoáng mát Phòng có cửa sổ trời, gác cao 1m7 Nhà có thang máy, máy giặt chung Thích hợp cho 3-4 bạn ở thoải mái Vị trí gần chợ, ngay công viên, tiện đi lại Giá thuê : 4.100.000đ/tháng Liên hệ : 0367891324 (Thu Hoài)",tromoi.com
https://tromoi.com/phong-tro/nha-tro-hem-799-nguyen-kiem-phuong-3-quan-go-vap-thanh-pho-ho-chi-minh,"Nhà trọ Hẻm 799 Nguyễn Kiệm, Phường 3, Quận Gò Vấp, Thành phố Hồ Chí Minh",4000000,28m²,"Hẻm 799 Nguyễn Kiệm, Phường 3, Quận Gò Vấp, Thành phố Hồ Chí Minh","Cho thuê phòng đẹp, máy lạnh, gác cao tại Quận Gò Vấp Địa chỉ : Hẻm 799 Nguyễn Kiệm, Phường 3, Quận Gò Vấp, TP.HCM Thông tin phòng : Diện tích: 28m², rộng rãi, thoáng mát Phòng có máy lạnh, gác cao, rất tiện nghi Nhà có bảo vệ, thang máy an toàn, dễ dàng di chuyển Vị trí ngay gần bệnh viện 175, thuận tiện cho công việc và sinh hoạt Giá thuê : 4.000.000đ/tháng Liên hệ : 0367891324 (Thu Hoài)",tromoi.com
https://tromoi.com/phong-tro/nha-tro-350-nguyen-van-luong-phuong-6-quan-go-vap-thanh-pho-ho-chi-minh,"Nhà trọ 350 Nguyễn Văn Lượng, Phường 6, Quận Gò Vấp, Thành phố Hồ Chí Minh",3900000,25m²,"350 Nguyễn Văn Lượng, Phường 6, Quận Gò Vấp, Thành phố Hồ Chí Minh","Cho Thuê Phòng Trọ Sạch Sẽ, Tiện Nghi Tại Gò Vấp, TP.HCM Vị trí: 350 Nguyễn Văn Lượng, Phường 6, Quận Gò Vấp, TP. Hồ Chí Minh Diện tích: 25m2 Giá thuê: 3.900.000 VNĐ/tháng Tiện nghi đầy đủ: Máy lạnh, tủ đồ, tủ bếp, tủ lạnh, gác cao Nhà có thang máy tiện lợi, bảo vệ 24/7, an ninh tốt Sân phơi rộng rãi, hệ thống PCCC đảm bảo an toàn Liên hệ ngay để xem phòng và biết thêm chi tiết: Thu Hoài – 0367891324",tromoi.com
https://tromoi.com/phong-tro/nha-tro-so-900-au-co-phuong-13-tan-binh-ho-chi-minh,"Nhà Trọ Số 900 Âu Cơ, Phường 13, Tân Bình , Hồ Chí Minh",3490000,20m²,"Âu Cơ, 13, Tân Bình, Hồ Chí Minh","Cho thuê phòng trọ có gác tại 900 Âu Cơ , Tân Bình Giá 3tr490/tháng Diện tích: 20m2 Phòng có sẵn kệ bếp, gác lửng , cửa sổ, vệ sinh riêng... Giờ giấc tự do, không chung chủ, Có thêm nội thất nếu cần Khu vực an ninh cao, camerra 24/7, khóa vân tay Gần đại học Văn Hiến , Có thang máy, chỉ cần dọn vào ở Điện: 3,500/kWh , Nước: 100,000/ng, Xe: 100,000/xe , Quản lý: 150,000/ph. Liên hệ trực tiếp hoặc zalo trước khi xem phòng 0971987631 (Huyền)",tromoi.com
https://tromoi.com/phong-tro/nha-tro-nguyen-thien-thuat-phuong-2-quan-3-ho-chi-minh,"Phòng Trọ Nguyễn Thiện Thuật, Phường 2, Quận 3, Hồ Chí Minh",5500000,25m²,"Nguyễn Thiện Thuật, 2, Quận 3, Hồ Chí Minh","Cho thuê 1 phòng giá rẻ có ban công ở tầng 1 trung tâm tphcm quận 3 Có máy lạnh, toilet riêng, máy nước nóng, dùng chung máy giặt, bếp dùng chung với chủ nhà, wifi free. Khu trung tâm kinh doanh sầm uất gần trường học, bệnh viện, siêu thị, chợ, cửa hàng tiện lợi Thuận tiện qua quận 1,3, 5, 4 ,10... LH zalo 0975172871.",tromoi.com
https://tromoi.com/phong-tro/nha-tro-hem-124-an-nhon-phuong-17-quan-go-vap-thanh-pho-ho-chi-minh,"Nhà trọ Hẻm 124 An Nhơn, Phường 17, Quận Gò Vấp, Thành phố Hồ Chí Minh",3900000,25m²,"Hẻm 124 An Nhơn, Phường 17, Quận Gò Vấp, Thành phố Hồ Chí Minh","Cho Thuê Phòng Trọ Gác Cao, Ban Công, Cửa Sổ Thoáng Mát tại Gò Vấp, TP.HCM Vị trí: Hẻm 124 An Nhơn, Phường 17, Gò Vấp, TP. Hồ Chí Minh Giá thuê chỉ từ 3.9 triệu/tháng Phòng trọ đầy đủ tiện nghi: Gác cao thoáng mát, ban công và cửa sổ rộng rãi Máy lạnh, tủ đồ, tủ bếp sẵn có Có thang máy tiện lợi, bảo vệ 24/7, an ninh đảm bảo Sân phơi rộng rãi cho cư dân Liên hệ ngay để xem phòng và biết thêm chi tiết: Thu Hoài – 0367891324",tromoi.com
https://tromoi.com/phong-tro/140-do-xuan-hop-phuoc-long-b-quan-9,"Nhà Trọ Số 140, Đỗ Xuân Hợp, Phước Long B, Quận 9, Hồ Chí Minh",3800000,30m²,"Đỗ Xuân Hợp, Phước Long B, Quận 9, Hồ Chí Minh","PHÒNG MỚI XÂY MÁY LẠNH - ĐỖ XUÂN HỢP - NỘI THẤT MỚI, CÒN MÙI SƠN ???? Địa chỉ: Đỗ Xuân Hợp, Phước Long B, Quận 9 Free Phí Xe - có nhà xe Riêng - máy giặt chung Free Được nấu ăn trong phòng, bạn bè tới chơi thoải mái Gần trường học, siêu thị, chợ, thuận tiện di chuyển Giờ giấc tự do - Vân tay – Camera - Không chung chủ Được nuôi thú cưng, Gác cao 1m8 ---- CALL/ ZALO/ MESS : 0866193919",tromoi.com
https://tromoi.com/phong-tro/phong-tro-ngay-duong-so-16-thanh-my-loi-quan-2,"Nhà trọ tại đường số 16, Thạnh Mỹ Lợi, Quận 2",4000000,18m²,"16, Thạnh Mỹ Lợi, Quận 2, Hồ Chí Minh","[Phòng mới, giá ưu đãi] - Gần chợ Cây xoài, Nguyễn Thị Định chỉ 500m,dễ dàng di chuyển ra trung tâm quận 2,9,7 Căn hộ có gác cao diện tích rộng, thoáng mát - nội thất cơ bản Phòng trống sẵn, có sẵn kệ bếp, bàn ăn,… Khu vực an ninh, camera 24/7, có thang máy Cửa sổ thoáng mát, dễ đón ánh sáng tự nhiên, không khí trong lành Trống 1 phòng nhanh tay số lượng có hạn nha mọi người ( có thể thương lượng khi đi xem phòng) Liên hệ 0528813412( Quang Megas) để được hỗ trợ đi xem phòng nhanh nhất có thể",tromoi.com
https://tromoi.com/phong-tro/go-o-moi,"Nhà trọ tại Gò Ô Môi, Phú Thuận, Quận 7, Hồ Chí Minh",2900000,25m²,"Gò Ô Môi, Phú Thuận, Quận 7, Hồ Chí Minh","CHO THUÊ PHÒNG TRỌ TẠI GÒ ÔI MÔI, PHÚ NHUẬN, Q7, HCM - GIÁ CHO THUÊ 2,9 TR/ THÁNG Liên hệ: 0398864265 Diện tích: 25m2 Vị tri: TRUNG TÂM Q7 ngay sát gần chợ Gò Ô Môi đây là khu vực cực kì thuận tiện di chuyển và sinh hoạt. Tiện ích: - Trước mỗi phòng đều có khoảng sân riêng bao thoáng mát, có bãi để xe riêng - Trong phòng có sẵn kệ bếp, tủ áo quần, tủ lạnh.",tromoi.com
https://tromoi.com/phong-tro/nha-tro-so-40-binh-gia-phuong-13-quan-tan-binh-thanh-pho-ho-chi-minh,"Nhà trọ số 40 Bình Giã, Phường 13, Quận Tân Bình, Thành phố Hồ Chí Minh",4500000,25m²,"40 Bình Giã, Phường 13, Quận Tân Bình, Thành phố Hồ Chí Minh","Phòng full nội thất mới xây, ban công rộng rãi thoáng mát. Giờ giấc tự do. Giá 4tr5 Điện 3.800kw Nước: 100k/ người Phí DV: 100k/ người Liên hệ xem phòng Thư Vũ: 0933298333 ĐC: 40 Bình Giã, P13, Tân Bình",tromoi.com
https://tromoi.com/phong-tro/nha-tro-hem-505-nguyen-oanh-phuong-17-quan-go-vap-thanh-pho-ho-chi-minh,"Nhà trọ Hẻm 505 Nguyễn Oanh, Phường 17, Quận Gò Vấp, Thành phố Hồ Chí Minh",4100000,28m²,"Hẻm 505 Nguyễn Oanh, Phường 17, Quận Gò Vấp, Thành phố Hồ Chí Minh","Cho Thuê Phòng Trọ – Hẻm 505 Nguyễn Oanh, Quận Gò Vấp Diện tích: 28m² Giá: 4,100,000 VND/tháng Nội thất: Gác, máy lạnh, nước nóng, tủ quần áo, tủ giày, tủ bếp, kệ bếp, máy giặt chung Tiện ích: Thang máy, bảo vệ 24/7, nhà xe rộng Vị trí thuận lợi, gần các tiện ích, an ninh tốt. Liên hệ ngay để xem phòng!",tromoi.com
https://tromoi.com/phong-tro/nha-tro-hem-122-bui-quang-la-phuong-12-quan-go-vap-thanh-pho-ho-chi-minh,"Nhà trọ Hẻm 122 Bùi Quang Là, Phường 12, Quận Gò Vấp, Thành phố Hồ Chí Minh",4000000,20m²,"Hẻm 122 Bùi Quang Là, Phường 12, Quận Gò Vấp, Thành phố Hồ Chí Minh","Cho Thuê Phòng Trọ – Hẻm 122 Bùi Quang Là, Quận Gò Vấp Diện tích: 20m² Giá: 4,000,000 VND/tháng Tiện nghi: Đầy đủ nội thất, máy lạnh, quạt, giường, tủ Có thang máy và nhà xe rộng rãi Sân phơi đồ thoáng mát , hẻm lớn, an ninh tốt Vị trí thuận tiện, gần trường học, siêu thị, giao thông thuận lợi. Liên hệ ngay để xem phòng!",tromoi.com
https://tromoi.com/phong-tro/nha-tro-duong-bach-dang-phuong-2-tan-binh-ho-chi-minh-1740890046,"Nhà Trọ Đường Bạch Đằng, Phường 2, Tân Bình, Hồ Chí Minh",4800000,30m²,"Bạch Đằng, 2, Tân Bình, Hồ Chí Minh","CHO THUÊ PHÒNG DUPLEX FULL NỘI THẤT SIÊU XINH GẦN SÂN BAY BẠCH ĐẰNG - TÂN BÌNH • Full nội thất, thiết kế trẻ trung • Phù hợp cho nhóm bạn 2-3 người • Wifi riêng, ra vào vân tay • Nhà xe an ninh có camera • PCCC đầy đủ an toàn LIÊN HỆ: 0969716784 - Khang (call/zalo)",tromoi.com
https://tromoi.com/phong-tro/nha-tro-hem-14-nguyen-van-luong-phuong-6-quan-go-vap-thanh-pho-ho-chi-minh,"Nhà trọ Hẻm 14 Nguyễn Văn Lượng, Phường 6, Quận Gò Vấp, Thành phố Hồ Chí Minh",4500000,35m²,"Hẻm 14 Nguyễn Văn Lượng, Phường 6, Quận Gò Vấp, Thành phố Hồ Chí Minh","Nhà trọ Hẻm 14 Nguyễn Văn Lượng, Phường 6, Quận Gò Vấp, Thành phố Hồ Chí Minh Thông tin cho thuê như sau: - Full nội thất, có máy lạnh - Diện tích 35m2 - Không gian được thiết kế tối ưu với đầy đủ nội thất cần thiết - Phòng thoáng sáng, sạch sẽ, đảm bảo an ninh, PCCC - Vệ sinh trong và bếp tách biệt tiện nghi - Máy nước nóng lạnh riêng mỗi phòng, thang máy, bảo vệ 24/7 - Giá thuê từ: 4tr5/tháng Liên hệ 0332234449 để xem phòng và đặt cọc.",tromoi.com
https://tromoi.com/phong-tro/nha-tro-196-le-duc-tho-phuong-6-quan-go-vap-thanh-pho-ho-chi-minh,"Nhà trọ 196 Lê Đức Thọ, Phường 6, Quận Gò Vấp, Thành phố Hồ Chí Minh",4000000,25m²,"196 Lê Đức Thọ, Phường 6, Quận Gò Vấp, Thành phố Hồ Chí Minh","Cho Thuê Phòng Trọ 25m² Tại 196 Lê Đức Thọ, Gò Vấp - Giá 4.000.000đ Thông tin phòng : Diện tích: 25m² Phòng gác cao, không đụng đầu, thoáng mát và rộng rãi. Wifi riêng từng phòng, tốc độ cao, phục vụ nhu cầu làm việc, học tập và giải trí. Không giới hạn số người ở, thoải mái sinh hoạt cho cả gia đình hoặc nhóm bạn. Bao gồm 2 chỗ để xe miễn phí, tiện lợi cho việc di chuyển. Vị trí thuận tiện : Nằm ngay gần các trường đại học nổi tiếng: Đại học Quốc tế Hồng Bàng (IUH), Đại học Lạc Hồng (VLU), chỉ mất vài phút đi xe. Khu vực sầm uất, gần chợ, siêu thị, tiện ích xung quanh đầy đủ. Dễ dàng di chuyển qua các tuyến đường lớn như Dương Quảng Hàm, tiện lợi cho công việc và học tập. Giá thuê : 4.000.000đ/tháng, hợp đồng dài hạn. Liên hệ ngay để đặt phòng hoặc biết thêm chi tiết! Thông tin liên hệ : 0367891324 Thu Hoài",tromoi.com
https://tromoi.com/phong-tro/home-an-cu,"Nhà Trọ Đường số 6, Hiệp Bình Phước, Thủ Đức, Hồ Chí Minh",4200000,18m²,"Đường số 6, Hiệp Bình Phước, Thủ Đức, Hồ Chí Minh","Bên mình còn 1 phòng ban công 4.2tr. Phòng đối diện đường đinh thị thi khu đô thị vạn phúc, tiện ra gigamall, phạm văn đồng, ngã tư bình phước, đại học luật,và các khu vực lân cận Q.3, Q. Gò vấp,..... ĐC: đường số 6, KP6, P. hiệp bình phước, thủ đức. Nhà ít phòng nên cũng yên tĩnh, khu vực an ninh, phòng nội thất cơ bản, máy lạnh, khóa vân tay, camera 24/24, wiffi, nước nóng lạnh năng lượng mặt trời. zalo: 082.201.4477 để được tư vấn phòng.",tromoi.com
https://tromoi.com/phong-tro/nha-tro-duong-au-co-phuong-9-quan-tan-binh-thanh-pho-ho-chi-minh,"Nhà trọ đường Âu Cơ, Phường 9, Quận Tân Bình, Thành phố Hồ Chí Minh",4500000,30m²,"Âu Cơ, Phường 9, Quận Tân Bình, Thành phố Hồ Chí Minh","- Full nội thất, phòng rộng ở được 3 4 bạn - Toà nhà có thang máy, hầm xe, ra vào vân tay, giờ giấc tự do - Mặt tiền đường Âu Cơ, tập trung nhiều hàng quán, ăn uống phủ phê Di chuyển dễ dàng đi VHU - HUIT - HUFLIT - Bách Khoa - UEH Liên hệ để lấy thông tin căn hộ trống và chốt phòng nha ae!",tromoi.com
https://tromoi.com/phong-tro/nha-tro-147-19-tan-lap-2-hiep-phu-quan-9-ho-chi-minh,"Nhà Trọ 147/19 Tân Lập 2, Hiệp Phú, Quận 9, Hồ Chí Minh",2900000,14m²,"Tân Lập 2, Hiệp Phú, Quận 9, Hồ Chí Minh","Hãy tưởng tượng một nơi mà bạn có thể sống đúng nghĩa—không gian riêng tư tuyệt đối, tự do như gió, và tiện nghi đầy đủ để bạn “chill” hết nấc. Chào mừng bạn đến với 147/19 Tân Lập 2, P. Hiệp Phú, Q9, TP.HCM —nơi mọi thứ bạn cần đều nằm trong tầm tay, từ học tập, làm việc đến giải trí. Đây không chỉ là nhà trọ, mà là “đại bản doanh” cho cuộc sống đỉnh cao của bạn! Điều Gì Khiến Bạn Không Thể Bỏ Qua Nơi Này Không Chung Chủ : Đây là “vương quốc” của riêng bạn—không ai làm phiền, không ai xen vào. Giờ Giấc Tự Do : Đi sớm về khuya, thức đêm hay dậy trễ? Bạn là “ông chủ” của thời gian! Điện Nước Giá Nhà Nước : Tiền điện, nước siêu rẻ—tiết kiệm mà vẫn sống sang. Wifi Căng Đét : Lướt net mượt mà, học online, xem phim, hay “cày” game không lag. Môi Trường Thân Thiện : Hàng xóm dễ mến, không khí ấm cúng như gia đình thứ hai. Vị Trí Vàng Trong Lòng Q9 Nằm tại P. Hiệp Phú, Q9 , bạn sẽ được tận hưởng mọi tiện ích trong tầm tay: Gần Các Trường Đại Học Hàng Đầu : Chỉ vài phút đến UIT, HUTECH Q9, FPT University —lý tưởng cho sinh viên! Công Nghệ Cao Sài Gòn : Cơ hội việc làm và thực tập chỉ cách một bước chân. Thiên Đường Mua Sắm & Giải Trí : Vincom Plaza Lê Văn Việt, quán cà phê “sống ảo”, và công viên xanh mát. Giao Thông Thuận Tiện : Xe buýt, metro dễ dàng kết nối bạn đến mọi nơi trong thành phố. Tiện Ích Đỉnh Cao Xung Quanh Chưa hết đâu, khu vực này còn “chiều” bạn hết nấc với: Ẩm Thực Đa Dạng : Từ quán ăn đường phố đến nhà hàng sang trọng, tha hồ khám phá. Vui Chơi Giải Trí : Rạp phim, khu vui chơi để xả stress sau giờ học, giờ làm. Cửa Hàng Tiện Lợi : Cần gì có nấy, từ đồ ăn khuya đến nhu yếu phẩm, chỉ cách vài bước Còn Chần Chừ Gì Nữa Đây không chỉ là nơi để ở, mà là nơi để sống chất, sống thật ! Với không gian riêng tư, tiện nghi đầy đủ và vị trí siêu đỉnh, nhà trọ này chắc chắn sẽ bị “hốt” nhanh chóng. Đừng để người khác giành mất cơ hội của bạn! Liên hệ ngay hôm nay để xem nhà và chốt chỗ! Tổ Ấm Trong Mơ Đang Chờ Bạn—Sống Đẹp Mỗi Ngày Tại Q9 (P.S. Khu phố yên bình nhưng vẫn đầy sức sống—đúng chuẩn nơi bạn muốn thuộc về!)",tromoi.com
https://tromoi.com/phong-tro/nha-tro-45-15-xo-viet-nghe-tinh-phuong-26-quan-binh-thanh-thanh-pho-ho-chi-minh,"Nhà trọ 45/15 Xô Viết Nghệ Tĩnh, Phường 26, Quận Bình Thạnh, Thành phố Hồ Chí Minh",4900000,25m²,"45/15 Xô Viết Nghệ Tĩnh, Phường 26, Quận Bình Thạnh, Thành phố Hồ Chí Minh","Địa chỉ: 45/15 XVNT P26 Bình Thạnh - Phòng trang bị sẵn nội thất - Khoá vân tay, giờ giấc tự do, ko chung chủ - Điện: 4k/kwh, nước 120k/người, Phí dịch vụ: 120k/ phòng - Giá: 4.9 triệu",tromoi.com
https://tromoi.com/phong-tro/nha-tro-so-65-1-23-an-phu-dong-10-khu-pho-17-phuong-an-phu-dong-quan-12-thanh-pho-ho-chi-minh,"Nhà trọ số 65/1/23 An Phú Đông 10, Khu phố 17, Phường An Phú Đông, Quận 12, Thành phố Hồ Chí Minh",2800000,10m²,"65/1/23 An Phú Đông 10, Khu phố 17, Phường An Phú Đông, Quận 12, Thành phố Hồ Chí Minh","Cho Thuê Phòng Trọ 65/1/23 An Phú Đông 10, Quận 12 - Giá Chỉ 2.800.000đ! Bạn đang tìm kiếm một nơi ở tiện nghi, thoải mái với mức giá hợp lý? Hãy đến với phòng trọ tại 65/1/23 An Phú Đông 10, Khu phố 17, Phường An Phú Đông, Quận 12, TP.HCM ! Thông tin chi tiết: Giá thuê: 2.800.000đ/tháng Diện tích: Phòng rộng rãi, thoáng mát Tiện nghi: Máy lạnh mát mẻ, dễ chịu WC riêng biệt, đảm bảo sự riêng tư Vị trí: Khu vực yên tĩnh, an ninh, dễ dàng di chuyển đến các khu vực xung quanh, gần các tiện ích như chợ, cửa hàng, trường học.",tromoi.com
https://tromoi.com/phong-tro/nha-tro-298-6,Nhà Trọ 298/6 khuông Việt phú Trung tân phú,2500000,15m²,"Nguyễn Sơn, Bình Hưng Hòa, Bình Tân, Hồ Chí Minh",Cho thuê phòng 2.5tr đến 4tr tất cả các quận ai có nhu cầu thuê liên hệ 0972407404 a cần,tromoi.com
https://tromoi.com/phong-tro/nha-tro-duong-so-8-phu-huu-quan-9-ho-chi-minh,"Nhà Trọ Đường Số 8, Phú Hữu, Quận 9, Hồ Chí Minh",3500000,25m²,"Số 8, Phú Hữu, Quận 9, Hồ Chí Minh","Phòng cho thuê khu dân cư Phú Hữu Q9 Khu vực yên tĩnh, an ninh Giữ xe miễn phí, giờ giấc tự do Giá: 3tr5/tháng. Điện: 4k/số. Nước: 100k/người Nội thất sẵn: tủ quần áo, tủ bếp, máy lạnh, máy nóng lạnh",tromoi.com
https://tromoi.com/phong-tro/nha-tro-so-150-22-tran-ba-giao-phuong-5-go-vap-ho-chi-minh,"Nhà Trọ Số 150/22 Trần Bá Giao, Phường 5, Gò Vấp, Hồ Chí Minh",3800000,25m²,"150/22 Trần Bá Giao, 5, Gò Vấp, Hồ Chí Minh","Pass phòng trọ, trống ngày 28/2/2025 Giá phòng 3tr8, hỗ trợ cọc 1tr5 - Vị trí ngay 150/22 Trần Bá Giao, Dương Quảng Hàm gần Emart Phan Văn Trị, gần đại học Công nghiệp HCM, gần đại học Văn Lang - Phòng rộng 20m2, có gác lửng siêu rộng, cửa sổ lớn thoáng mát, wc khép kín, kệ bếp, ngay kệ bếp có thêm cửa sổ nhỏ, cửa sổ lớn trong phòng, cửa sổ hành lang sát phóng thoáng mát. Ở được tầm 2-3 người thoải mái Ra vào vân tay 2 lớp, camera an ninh 24/24, có thang máy hiện đại, chỗ để xe hai tầng siêu, đảm bảo an toàn PCCC Không chung chủ Điện 3.7k/kw, Nước 10k/ khối, (rác+tạm trú tạm vắng+thang máy+wifi) 180k/phòng, Xe: 100k/ chiếc hẻm bờ kè, thoáng mát Liên hệ xem phòng: 0963 037 911",tromoi.com
https://tromoi.com/phong-tro/nguyen-van-thuong-phuong-25-binh-thanh,"Nhà trọ tại Đường D5, 25, Bình Thạnh, Hồ Chí Minh",5500000,25m²,"Đường D5, 25, Bình Thạnh, Hồ Chí Minh","Phòng trọ có gác - Gần FTU, HUTECH - Bình Thạnh - Giá 5.5 triệu/tháng Địa chỉ: Nguyễn Văn Thương, Phường 25, Bình Thạnh Giá thuê: 5.500.000 VNĐ/tháng Mô tả: Phòng có gác, thoáng mát. Gần FTU, HUTECH. CAM KẾT NHẬN PHÒNG NHƯ ẢNH 100% Chi phí khác: Điện: 4.000 VNĐ/kWh Nước: 150.000 VNĐ/người/tháng Phí quản lý: 200.000 VNĐ/phòng/tháng Liên hệ: Số điện thoại: 0366.197.406 (Call 24/7)",tromoi.com
https://tromoi.com/phong-tro/nha-tro-duong-nguyen-thuong-hien-phuong-25-quan-binh-thanh-thanh-pho-ho-chi-minh,"Nhà trọ đường Nguyễn Thượng Hiền, Phường 25, Quận Bình Thạnh, Thành phố Hồ Chí Minh",5500000,25m²,"Nguyễn Thượng Hiền, Phường 25, Quận Bình Thạnh, Thành phố Hồ Chí Minh","CHO THUÊ PHÒNG CAO CẤP – 5.5 TRIỆU/THÁNG – NGUYỄN THƯỢNG HIỀN, BÌNH THẠNH Vị trí đắc địa: Nguyễn Thượng Hiền, Bình Thạnh – Gần trung tâm, thuận tiện di chuyển qua Quận 1, Phú Nhuận. Tiện ích nổi bật: Phòng rộng rãi, sạch sẽ, đầy đủ nội thất Máy lạnh, giường nệm, tủ quần áo, bàn ghế, tủ lạnh Ban công thoáng mát, đón ánh sáng tự nhiên Bảo vệ an ninh 24/7, khóa vân tay an toàn Chỗ để xe rộng rãi, có khu giặt phơi riêng Giờ giấc tự do, không chung chủ Giá thuê chỉ 5.5 triệu/tháng – Hỗ trợ dọn vào ngay! Liên hệ ngay: 0988533463 (Jerry) để xem phòng. Số lượng có hạn – Nhanh tay giữ phòng ngay hôm nay!",tromoi.com
https://tromoi.com/phong-tro/nha-tro-nga-tu-thu-duc-man-thien,Nhà Trọ Ngã Tư Thủ Đức - Man Thiện,4300000,27m²,"Man Thiện, Tăng Nhơn Phú A, Quận 9, Hồ Chí Minh","Phòng trọ giá rẻ bancol cửa sổ đón nắng FULL NỘI THẤT chỉ #3tr9 ngay KHU CÔNG NGHỆ CAO, NGÃ TƯ THỦ ĐỨC - Tiện nghi đầy đủ: Có máy giặt máy sấy, sân phơi rộng, hầm xe lớn, ra vào cửa vân tay - PCCC: Thang thoát hiểm, PCCC đạt chuẩn - Vị trí vàng: Ngay mặt tiền đường lớn, Ô tô đỗ tận cửa, khu dân cư yên tĩnh, nhiều cây xanh, gần chợ, Bách Hóa Xanh, chợ đêm... Liên hệ để xem phòng ngay!",tromoi.com
https://tromoi.com/phong-tro/nha-tro-cho-nu-so-433-44-ly-thai-to-phuong-9-quan-10-ho-chi-minh,"Nhà Trọ Cho Nữ Số 433/44 Lý Thái Tổ, Phường 9, Quận 10, Hồ Chí Minh",900000,6m²,"Lý Thái Tổ, 9, Quận 10, Hồ Chí Minh","Còn phòng 900k , chỉ cho nữ thuê , có wifi miễn phí , có cửa sổ thoáng mát, gạch men , có lối đi riêng , có chỗ để xe , cho nấu ăn , gần chợ , siêu thị , chỉ đi 3 phút là tới . (ĐB: phòng riêng chứ không phải ở ghép). ĐT: 0938275527 ĐC:433/44/3 lý thái tổ p9 q10",tromoi.com
https://tromoi.com/phong-tro/phong-tro-co-gac-ban-cong-tai-23-duong-so-14-phuong-5-go-vap,"Nhà trọ tại 23 Đường số 14, 5, Gò Vấp, Hồ Chí Minh",4200000,25m²,"23 Đường số 14, 5, Gò Vấp, Hồ Chí Minh","Phòng trọ rộng rãi, thoáng mát - Phù hợp cho nhóm 4-5 người - Gò Vấp Địa chỉ: 23 Đường số 14, Phường 5, Gò Vấp Giá thuê: 4.200.000 VNĐ/tháng (cho 4 người) 4.400.000 VNĐ/tháng (cho 5 người) Mô tả: Không gian rộng rãi, thoáng mát, có ban công. Không chung chủ, giờ giấc tự do. Nội thất: Máy lạnh. Chi phí khác: Điện: 3.500 VNĐ/kWh Nước: 20.000 VNĐ/số Xe máy: 100.000 VNĐ/xe Dịch vụ (vệ sinh, an ninh,...): 220.000 VNĐ/phòng Liên hệ: Số điện thoại/Zalo: 0969.633.143 (Lâm Hoàng)",tromoi.com
https://tromoi.com/phong-tro/can-ho-gia-re-sat-aeon-dh-cong-thuong,"Nhà Trọ tại Tân Quý, Tân Quý, Tân Phú, Hồ Chí Minh",3600000,25m²,"Tân Quý, Tân Quý, Tân Phú, Hồ Chí Minh","NHÀ TRỌ GIÁ RẺ NGAY AEON TÂN PHÚ & ĐH CÔNG THƯƠNG Diện tích: 25m2, cửa sổ lớn thông giếng trời cực thoáng. Tiện nghi: Giờ giấc tự do, không chung chủ, cửa vân tay an ninh. Máy giặt chung, Camera 24/7. Full nội thất: Máy lạnh, kệ bếp, tủ đồ, nệm... Vị trí: Vài bước ra đường Tân Quý sầm uất, 3' tới Aeon, ĐH Công Thương, chợ Tân Hương... Chi phí: Điện: 3.800đ/kwh Nước: 100.000đ/người Xe máy: Miễn phí Phí dịch vụ: 150.000đ/phòng Giá thuê: 3.600.000đ/tháng Liên hệ: Zalo/Call: 098.125.1855",tromoi.com
https://tromoi.com/phong-tro/50-binh-trung-dong-quan-2-tp-hcm,"Nhà trọ tại Nguyễn Duy Trinh, Bình Trưng Đông, Quận 2, Hồ Chí Minh",4200000,25m²,"Nguyễn Duy Trinh, Bình Trưng Đông, Quận 2, Hồ Chí Minh","Phòng trọ tiện nghi, yên tĩnh - Phù hợp ở lâu dài - Giá 4.2 triệu/tháng Đặc điểm nổi bật Diện tích: 25m2 Không gian rộng rãi, thoáng đãng, có cửa sổ đón ánh sáng tự nhiên. Nội thất cơ bản: Giường nệm, nóng lạnh, vệ sinh trong, điều hoà, tủ lạnh. An ninh đảm bảo với hệ thống camera và khóa vân tay 24/24. Khu vực để xe thoải mái. Môi trường sống yên tĩnh, phù hợp cho việc học tập và làm việc. Giao thông thuận tiện, dễ dàng di chuyển đến các khu vực lân cận như: Nguyễn Duy Trinh, Lê Văn Thịnh, Nguyễn Thị Định, Mai Chí Thọ, An Khánh, trung tâm Bình Thạnh, Quận 1, Quận 3,... Giá thuê: 4.200.000 VNĐ/tháng Chi phí: Điện: 3.500 VNĐ/kWh Nước: 100.000 VNĐ/người/tháng Dịch vụ (vệ sinh, an ninh,...): 200.000 VNĐ/phòng/tháng Liên hệ: Số điện thoại: 0915114471",tromoi.com
https://tromoi.com/phong-tro/can-ho,"Nhà trọ tại 39, Bình Trưng Tây, Quận 2, Hồ Chí Minh",3000000,20m²,"39, Bình Trưng Tây, Quận 2, Hồ Chí Minh","Cho thuê căn hộ tiện nghi, giá tốt tại Quận 2! Vị trí đắc địa: Đường 39, Phường Bình Trưng Tây, Quận 2, TP.HCM. Gần Bệnh viện Quận 2. Dễ dàng di chuyển đến Quận 9, Bình Thạnh và Quận 1. Giá cả hấp dẫn: Chỉ từ 2.9 triệu đồng/tháng. Tiện ích đầy đủ: Chỗ để xe rộng rãi, an toàn. Khu dân cư yên tĩnh, an ninh đảm bảo. Nội thất hoàn thiện: giường, nệm, bếp, tủ quần áo, máy lạnh, nhà vệ sinh riêng. Hỗ trợ thêm tủ lạnh nếu khách hàng có nhu cầu. Liên hệ: Nhắn tin trực tiếp hoặc gọi điện đến số 0339936468 để được tư vấn và xem phòng.",tromoi.com
https://tromoi.com/phong-tro/phong-tro-duong-nguyen-duy-trinh-binh-trung-tay-quan-2,"Nhà trọ đường Nguyễn Duy Trinh, Bình Trưng Tây, Quận 2",3500000,20m²,"Nguyễn Duy Trinh, Bình Trưng Tây, Quận 2, Hồ Chí Minh","PHÒNG TRỌ TIỆN NGHI, GIÁ HẤP DẪN CHO SINH VIÊN - GẦN BV QUẬN 2 Địa chỉ: 94/14 Đường 39, P. Bình Trưng Tây, Quận 2 Giá thuê: Chỉ 3.5 triệu/tháng Tiện nghi: Giường nệm êm ái Bếp nấu ăn riêng Tủ quần áo rộng rãi Máy lạnh mát lạnh WC riêng sạch sẽ Tiện ích chung: Chỗ để xe thoải mái, an toàn Khu dân cư yên tĩnh, an ninh đảm bảo Gần các tuyến đường lớn (Nguyễn Thị Định, Đồng Văn Cống) - di chuyển thuận tiện Ưu đãi đặc biệt: Hỗ trợ thêm tủ lạnh nếu bạn cần! Chi phí: Điện: 3.9k/kWh Nước: 100k/người Máy giặt (nếu dùng): 50k/người Phí quản lý: 50k/phòng Liên hệ: Gọi ngay 0815.990.186 để xem phòng!",tromoi.com
https://tromoi.com/phong-tro/nha-tro-nguyen-luong-bang-tan-phu-quan-7-ho-chi-minh,"Nhà Trọ Nguyễn Lương Bằng, Tân Phú, Quận 7, Hồ Chí Minh",5000000,35m²,"Nguyễn Lương Bằng, Tân Phú, Quận 7, Hồ Chí Minh","Cho thuê Căn hộ Quận 7 bancon siêu thoáng Giá công khai: 5tr Full nội thất như hình Giờ giấc tự do, không chung chủ Ưu tiên ở lâu dài, chỉ cần dọn vào ở Khu vực an ninh, yên tĩnh, hàng xóm thân thiện Alo em ngay 0938618733 để được tư vấn và hỗ trợ xem phòng.",tromoi.com
https://tromoi.com/phong-tro/hoang-thi-ngoc-mai,"Nhà trọ tại Lê Thị Nho, Trung Mỹ Tây, Quận 12, Hồ Chí Minh",3700000,32m²,"Lê Thị Nho, Trung Mỹ Tây, Quận 12, Hồ Chí Minh","Cho thuê phòng trọ gần công viên phần mềm Quang Trung, tiện cho người đi làm văn phòng hoặc sinh viên đi học. Phòng rộng rãi sạch sẽ thoáng mát, có thể ở được từ 3-4 người, có máy lạnh. Có cung cấp wifi và nhà để xe miễn phí, có camera an ninh để đảm bảo an toàn cho khách trọ. Phòng trọ gần chợ, BHX, Vinmart+, các quán ăn, quán nước, cafe, quán giặt ủi, nhà thuốc... Khách có nhu cầu thuê liên hệ sdt hoặc zalo 0971567700",tromoi.com
https://tromoi.com/phong-tro/513-8-dien-bien-phu,Nhà trọ tại 513/8 Điện Biên Phủ,1800000,16m²,"Điện Biên Phủ, 3, Quận 3, Hồ Chí Minh","?Còn 1 phòng như hình cho thuê tại địa chỉ 513/8 Điện Biên Phủ P3 Q3.Khu vực yên tĩnh mát mẻ thoải mái,an ninh,giờ giấc tự do,không chung chủ thoải mái. ?Giá 1tr8.(phòng lầu 2 riêng tư thoải mái.mới keng.có nệm quạt,máy giặt chung...vvv.tolet Riêng trong phòng.xe để trong nhà miễn phí 1xe.hỗ trợ nội thất theo yêu cầu tính phí. ?Điện 4k,nước 100/ng.xe+wifi+rác+máy giặt miễn phí.không phát sinh chi phí.Vui lòng IB hoặc LH 0838.999988.0975572901.",tromoi.com
https://tromoi.com/phong-tro/phong-tro-ho-xuan-huong-binh-thanh-gan-dh-van-lang-cs2,"Nhà trọ tại Hồ Xuân Hương, Bình Thạnh gần ĐH Văn Lang cs2",4800000,30m²,"Hồ Xuân Hương, 14, Bình Thạnh, Hồ Chí Minh","Phòng trọ xịn sò, đầy đủ tiện nghi, gần ĐH Văn Lang CS2 - Giá chỉ 4tr8 Cần cho thuê phòng trọ xịn sò, đầy đủ tiện nghi tại đường Hồ Xuân Hương, Bình Thạnh. Ưu điểm: Tiện nghi: Phòng đầy đủ nội thất Cửa sổ thoáng mát Ở được 2-3 người Cho nuôi thú cưng Tiện ích: Giờ giấc tự do Camera an ninh Thang máy Bãi giữ xe Máy giặt Bảo vệ 24/24 Vị trí: Gần ĐH Văn Lang CS2, Hutech (5-10 phút đi xe) Gần Phan Văn Trị, Lê Quang Định, Phan Đăng Lưu Thuận tiện di chuyển qua Phú Nhuận, Thủ Đức Giá thuê: 4.800.000 VNĐ/tháng Liên hệ: 0382.382.596 (Call/Zalo) Vui lòng liên hệ để xem phòng trực tiếp!",tromoi.com
https://tromoi.com/phong-tro/nha-tro-duong-so-25a-phuong-tan-quy-quan-7-thanh-pho-ho-chi-minh,"Nhà trọ Đường số 25A, Phường Tân Quy, Quận 7, Thành phố Hồ Chí Minh",6200000,20m²,"Đường số 25A, Phường Tân Quy, Quận 7, Thành phố Hồ Chí Minh","Căn hộ Duplex FULL NT Q7 Phường Tân Quy Gần LOTTE, Đh TDT Tiện ích: Camera an ninh Giờ giấc tự do Đặc biệt không giới hạn người ở Cần phòng đẹp giá hợp lí liên hệ 0344170877 để được tư vấn Zalo (Phú).",tromoi.com
https://tromoi.com/phong-tro/nha-tro-duong-lam-van-ben-phuong-tan-hung-quan-7-thanh-pho-ho-chi-minh,"Nhà trọ đường Lâm Văn Bền, Phường Tân Hưng, Quận 7, Thành phố Hồ Chí Minh",6500000,30m²,"Lâm Văn Bền, Phường Tân Hưng, Quận 7, Thành phố Hồ Chí Minh","Lâm Văn Bền, Quận 7 VỊ TRÍ ĐẮC ĐỊA - TIỆN ÍCH NGẬP TRÀN Cách Lotte Mart, Crescent Mall chỉ vài phút di chuyển – Thoải mái mua sắm, vui chơi Gần các trường ĐH Tôn Đức Thắng, RMIT, UFM, NTT – Tiện lợi cho sinh viên và người đi làm Gần BV Tâm Anh, xung quanh có nhiều quán café, phòng gym, tiện ích hấp dẫn Thuận tiện di chuyển sang Q1, Q4, Q8 qua trục đường lớn TIỆN NGHI SẴN CÓ: Phòng sạch sẽ, thoáng mát, tràn ngập ánh sáng Máy lạnh mát rượi Tủ đồ rộng rãi Giường nệm êm ái Máy nước nóng, nước lạnh – Thoải mái thư giãn sau ngày dài Liên hệ ngay để đặt cọc giữ phòng: 0333.513.282 (Zalo/Call)",tromoi.com
https://tromoi.com/phong-tro/nha-tro-752-62-lac-long-quan-phuong-9-tan-binh-ho-chi-minh,"Nhà Trọ 752/62 Lạc Long Quân, Phường 9, Tân Bình, Hồ Chí Minh",2500000,15m²,"752/62 Lạc Long Quân, Phường 9, Tân Bình, Hồ Chí Minh","Chính chủ cho thuê phòng trọ giá rẻ tại 752/62 Lạc Long Quân, Phường 9, Tân Bình, Hồ Chí Minh Diện tích: 15m2 Có nhà vệ sinh riêng, cửa sổ lớn, thoáng mát Giờ giấc tự do, không chung chủ, bãi xe riêng Khu vực an ninh, hàng xóm thân thiện, camera 24/7 Gần các trường học, các siêu thị, khu vui chơi, trung tâm lớn Thuận tiện đi học, đi làm, hẽm rộng, thoáng mát Ưu tiên ở lâu dài, chỉ cần dọn vào ở, liên hệ ngay để xem phòng",tromoi.com
https://tromoi.com/phong-tro/nha-tro-duong-so-63-tan-phong-quan-7-ho-chi-minh,"Nhà Trọ Đường Số 79, Tân Phong, Quận 7, Hồ Chí Minh",5000000,30m²,"157 đường Số 79, Tân Quy, Quận 7, Hồ Chí Minh","Căn hộ 1pn tách bếp, đầy đủ nội thất, thoán mát ngay Lotte Mart Q7 Vị trí: ngay đường 79, Tân Quy, Quận 7 Giá chỉ từ 6tr5/tháng Tiện ích: - G ầ n các tr ườ ng ĐH TĐT , RMI T, NTTU, UFM - Thu ậ n đ i qua l ạ i các qu ậ n 4,1,8,… -Gần chợ, siêu thị, bách hóa xanh, … - Đầ y đủ n ộ i th ấ t, máy gi ặ t riêng - Cho phép nuôi thú c ư ng - có thang may , Bãi xe r ộ ng rãi -camera quan sát 24/24 -Hệ thống pccc đầy đủ Giảm ngay 500-1tr cho khách liện hệ sớm nhất Hotline : Call / Zalo 093 .967.4184 ( Để Đượ c T ư V ấ n Và H ỗ Tr ợ Nhanh Nh ấ t 24/ 7 )",tromoi.com
https://tromoi.com/phong-tro/nha-tro-so-166-duong-cao-thang-phuong-11-quan-10-thanh-pho-ho-chi-minh,"Nhà trọ số 166 đường Cao Thắng, Phường 11, Quận 10, Thành phố Hồ Chí Minh",3000000,15m²,"166 đường Cao Thắng, Phường 11, Quận 10, Thành phố Hồ Chí Minh","PHÒNG CHỈ CHO NỮ THUÊ TẠI QUẬN 10 GẦN HUFLIT Dt: 15m2 Giá từ 3 triệu - 3 triệu 5. Hiện đang trống 2 phòng có gác giá 3 triệu và 1 phòng không gác giá 3,5 triệu - Trọ nằm mặt tiền đường lớn - Nội thất cơ bản: tủ lạnh, máy lạnh, tủ quần áo, giường nệm, bình nóng lạnh, kệ bếp, máy nước uống nóng lạng, máy giặt chung - Toilet dùng chung (3p / 1toilet/1tầng) => Trọ này chỉ cho nữ thuê - Bãi giữ xe cách 20m - Phía dưới là siêu thị trái cây, đủ các loại trái cây tươi ngon, sinh tố, nước ép,... - Có thể ghép 2 hoặc 3 người - Chi phí khác: + Giá điện: 3.5k/kwh (Điện đồng hồ riêng) + Nước 100k/người + Xe 100k/chiếc - Gần Học viện Hành chính Quốc gia, Bệnh viện Bình Dân, Đại học Y khoa Phạm Ngọc Thạch, Bệnh viện Nhi đồng 1, Bệnh viện da liễu, Vạn Hạnh mall,... Thuận tiện di chuyển qua các Quận: Quận 1, Quận 3, Quận 5,... Địa chỉ: 166 đường Cao Thắng, Phường 11, Quận 10, Thành phố Hồ Chí Minh Liên hệ: 0908350766 hoặc 0933561156 Chị Hương (có z.a.l.o)",tromoi.com
https://tromoi.com/phong-tro/nha-tro-baro-home-duong-mai-van-vinh-phuong-tan-quy-quan-7-thanh-pho-ho-chi-minh,"Nhà trọ Baro Home đường Mai Văn Vĩnh, Phường Tân Quy, Quận 7, Thành phố Hồ Chí Minh",5000000,28m²,"Mai Văn Vĩnh, Phường Tân Quy, Quận 7, Thành phố Hồ Chí Minh","° Cho thuê phòng có Cửa Số Trời tại Trung Tâm Q7 - Giá 4xxx Nội thất: Máy lạnh mới Tủ lạnh, máy nước nóng, Tủ đồ, giường nệm, kệ bếp Liên hệ: 0876 496 141 Zalo Jayden",tromoi.com
https://tromoi.com/phong-tro/nha-tro-duong-dang-van-sam-phuong-2-tan-binh-ho-chi-minh,"Nhà Trọ Đường Đặng Văn Sâm, Phường 2, Tân Bình, Hồ Chí Minh",5000000,30m²,"Đặng Văn Sâm, 2, Tân Bình, Hồ Chí Minh","HOT!! HOT!! HOT!! KHAI TRƯƠNG TRỌ DUPLEX CHO SINH VIÊN TẶNG VOUCHER GIẢM GIÁ 1.000.000 • Duplex: 4.900.000 - 5.400.000 • 1 Phòng ngủ: 7.000.000 - 8.500.000 - Vị trí: đường Đặng Văn Sâm, phường 2, Tân Bình - Nội thất: bàn ghế, tủ quần áo, tủ lạnh, máy lạnh, kệ bếp, máy nước nóng lạnh Có khu giặt sấy Phòng mới 100% thiết kế trẻ trung hiện đại Wifi riêng từng phòng Hầm xe có camera an ninh PCCC đầy đủ và an toàn Hỗ trợ set up nội thất - Gần sân bay Tân Sơn Nhất, công viên Gia Định, chợ Tân Sơn, xung quanh đầy đủ tiện ích - Thuận tiện di chuyển quận 3, Bình Thạnh, Gò Vấp, Phú Nhuận,.. LIÊN HỆ: 0969716784 - Khang (call/zalo).",tromoi.com
https://tromoi.com/phong-tro/duong-so-79,"NHÀ TRỌ TẠI 79, TÂN HƯNG, QUẬN 7, HCM",6200000,28m²,"79, Tân Hưng, Quận 7, Hồ Chí Minh","CHO THUÊ TRỌ CÓ BAN CÔNG THOÁNG MÁT MẶT TIỀN ĐƯỜNG THẦN TÀI Địa chỉ: Đường số 79, Tân Quy, Quận 7 Chi tiết như sau - Đầy đủ nội thất, ban công, thoáng mát - Diện tích: 28m2 - Bán kính 2km là chợ Tân Mỹ, Lotte Mart, Vivo City, TDTU, RMIT,... - Gía cho thuê: 6.200.000 vnđ/ tháng Liên hệ: 0398864265",tromoi.com
https://tromoi.com/phong-tro/nha-tro-duong-pham-the-hien-phuong-6-quan-8-thanh-pho-ho-chi-minh,"Nhà trọ đường Phạm Thế Hiển, Phường 6, Quận 8, Thành phố Hồ Chí Minh",1875000,60m²,"Phạm Thế Hiển, Phường 6, Quận 8, Thành phố Hồ Chí Minh","CẦN TÌM 1 BẠN NỮ - CHỈ TÌM NHÂN VIÊN VĂN PHÒNG Ở cùng phòng trong căn hộ 2PN, 2WC tại Block B2, chung cư Green River, phường 6, quận 8. Giá cực kỳ tốt vì bọn mình đã hợp đồng hơn 3 năm, nên giá có thể nói là rẻ nhất ở thời điểm hiện tại. Địa điểm cực kỳ thuận tiện: gần cầu Chà Và, gần các quận 1, 5, 7, 10. Chung cư đối diện chợ, Coopmart, Highland, KFC , Familymart, Pharmacity , có hồ bơi và nhiều cửa hàng tiện ích. Nội thất đầy đủ: Tủ lạnh, bếp và các vật dụng cần thiết. Chung cư mới, sạch sẽ, an ninh tốt và yên tĩnh. Mình cần tìm 1 bạn nữ ở chung với 1 bạn sinh năm 99. Vì phòng đều đi làm cả ngày ban ngày phòng không có ai ở. Có thể chuyển vào ngay hoặc đầu tháng 3. LƯU Ý: Đọc kỹ thông tin và nếu thấy phù hợp thì inbox cho mình để tránh tốn thời gian của nhau nhé! Phòng tổng 4 người, ở ghép 1:1 share 1 phòng ngủ và 1 nhà vệ sinh 1 tháng tổng chi phí không quá 2️⃣5️⃣0️⃣0️⃣.",tromoi.com
https://tromoi.com/phong-tro/studio-tai-phan-huy-ich,"CĂN HỘ STUDIO TẠI PHAN HUY ÍCH, 15, TÂN BÌNH, HCM",4500000,30m²,"Phan Huy Ích, 15, Tân Bình, Hồ Chí Minh","CHO THUÊ CĂN HỘ STUDIO TẠI PHAN HUY ÍCH, 15, TÂN BÌNH, HCM Chi tiết căn hộ như sau: Full nội thất, rộng 30m2. Giá cho thuê: 4.500.000vnđ/ tháng Tiện ích: - Máy giặt chung - Cho nuôi thú cưng - Giờ giấc tự do - Bãi để xe riêng Liên hệ : 0793783582 zalo",tromoi.com
https://tromoi.com/phong-tro/nha-tro-duong-quach-van-tuan-phuong-12-quan-tan-binh-thanh-pho-ho-chi-minh,"Nhà trọ đường Quách Văn Tuấn, Phường 12, Quận Tân Bình, Hồ Chí Minh",5500000,40m²,"Quách Văn Tuấn, Phường 12, Quận Tân Bình, Thành phố Hồ Chí Minh","Duplex tách b ế p Quách V ă n Tu ấ n Tân Bình g ầ n sân bay Quách V ă n Tu ấ n, P12, Tân Bình, Tp.HCM Phòng s ạ ch s ẽ thoáng mát Máy gi ặ t riêng - Camera an ninh Nhà m ớ i full n ộ i th ấ t m ớ i tinh Có ư u đ ãi cho khách thuê dài h ạ n. Liên h ệ hotline/Zalo: 0775003780 Nhi, evelyn để đượ c h ỗ tr ợ tìm phòng.",tromoi.com
https://tromoi.com/phong-tro/phong-ban-cong-gan-dai-hoc-nguyen-tat-thanh-vuon-lai,"Nhà Trọ Đường Vườn Lài, An Phú Đông, Quận 12, Hồ Chí Minh",3000000,20m²,"Vườn Lài, An Phú Đông, Quận 12, Hồ Chí Minh","- Nhà 2 mặt tiền hẻm xe hơi qua lại - Phòng ban công mới xây chưa qua sử dụng, có máy lạnh. - Giờ giấc tự do, không chung chủ - Điện 3k5, Nước 100k, Free xe, Phí dv 150k",tromoi.com
https://tromoi.com/phong-tro/cho-thue-tro-1739453863,"NHÀ TRỌ D11, Tây Thạnh, Tân Phú, Hồ Chí Minh",3300000,28m²,"D11, Tây Thạnh, Tân Phú, Hồ Chí Minh","CHO THUÊ PHÒNG TRỌ TẠI D11, TÂY THẠNH, TÂN PHÚ, HCM Vị trí xung quanh trọ gần chợ, bệnh viện, công viên, trường học và các tiện ích khác chỉ cách vài bước chân. Ưu điểm: Nhà trọ sạch sẽ, thoáng mát, chỗ để xe, có sân thượng phơi đồ, có camera giám sát đảm bảo trật tự an ninh Gía cho thuê: 3300000 vnđ/ tháng Liên hệ 0376725765",tromoi.com
https://tromoi.com/phong-tro/phong-2-ban-cong-view-thanh-pho-sieu-dep-may-giat-rieng,"Nhà trọ đường số 23, Tân Quy, quận 7 HCM - phòng 2 ban công, view thành phố siêu đẹp",9500000,50m²,"Số 23, Tân Quy, Quận 7, Hồ Chí Minh","CHO THUÊ PHÒNG TRỌ TẠI ĐƯỜNG SỐ 23, TÂN QUY, QUẬN 7, HCM - PHÒNG 2 BAN CÔNG, VIEW THÀNH PHỐ SIÊU ĐẸP Địa chỉ: Đường số 23, Tân Quy, Quận 7 Chi tiết phòng như sau - Căn 1 phòng ngủ, phòng khách, rộng, 2 ban công luôn nha khách yêu - Trang bị đầy đủ nội thất, xịn xò - Khu vực cao ráo, sạch sẽ, toà nhà thang máy, đầy đủ tiện nghi Chần chừ gì mà không liên hệ em ngay: 0398 864 265.",tromoi.com
https://tromoi.com/phong-tro/nha-tro-so-100-duong-hong-ha-phuong-2-tan-binh-ho-chi-minh,"Nhà Trọ Số 100 Đường Hồng Hà, Phường 2, Tân Bình, Hồ Chí Minh",4800000,15m²,"100 Đường Hồng Hà, Phường 2, Tân Bình, Hồ Chí Minh","Giá 4tr8 Nội thất: Máy lạnh, tủ lạnh, bàn ghế, bếp riêng, giường nệm, tủ đồ, nhà vệ sinh riêng Wifi, rác, vệ sinh hành lang, máy giặt: 100k/người Nước nóng lạnh: 100k/Người Điện: 3,8k Xe Free 2 chiếc Nhà Trọ có thang máy, bãi xe riêng, nằm mặt tiền đường lớn Camera an ninh, khóa vân tay, hệ thống PCCC đạt chuẩn Ưu tiên Sinh viên, nhân viên văn phòng, ở tối đa 2 người Gần ĐH Công Nghiệp TPHCM, ĐH Y Khoa Phạm Ngọc Thạch, ĐH Gia Định, ĐH Việt Đức Gần Sân Bay Tân Sơn Nhất, Công Viên Gia Định, BV Quân Y 175 Thuận tiện di chuyển Quận 12, Tân Phú, Gò Vấp, Quận 1.",tromoi.com
https://tromoi.com/phong-tro/nha-tro-nguyen-thi-thap-binh-thuan-quan-7-ho-chi-minh,"Nhà Trọ Nguyễn Thị Thập, Bình Thuận, Quận 7, Hồ Chí Minh",4500000,30m²,"Nguyễn Thị Thập, Bình Thuận, Quận 7, Hồ Chí Minh","STUDIO FULL NỘI THẤT NGAY TRUNG TÂM Q7 GIÁ HẠT DẺ CHỈ 4trXXX Địa chỉ: Nguyễn Thị Nguyễn, P. Bình Thuận, Q.7 - Gần dh Tôn Đức Thắng, RMIT Tài Chính Marketing, RMIT,… - 5-10p di chuyển qua quận 1,4,5,8 - Gần Cầu Tân Thuận Tây, GO, KCX, Bệnh viện q7, chợ,… ⭐️Tiện ích: * Full nội thất a-z * Giờ giấc tự do, không chung chủ * Thang máy, hầm xe, bảo vệ * Camera & khóa vân tay an ninh --------------------------------------- | CHO THUÊ CĂN HỘ, PHÒNG TRỌ ⌨️ Hotline: 0334401075 Call, Imess, Zalo...",tromoi.com
https://tromoi.com/phong-tro/phong-tro-go-vap-duong-nguyen-van-luong,"Nhà trọ số 226/9/16 Nguyễn Văn Lượng, 17, Gò Vấp, Hồ Chí Minh",2800000,22m²,"226/9/16 Nguyễn Văn Lượng, 17, Gò Vấp, Hồ Chí Minh","Chính chủ cho thuê phòng trống diện tích 22m², không có nội thất, có gác lửng . Giá thuê: 2.8 triệu/tháng. Phòng sạch sẽ, thoáng mát. Vị trí gần siêu thị Lotte Mart Gò Vấp, Đại học Mở, Đại học Công nghiệp, sân bay, Đại học Văn Lang, Đại học Nội vụ... Giờ giấc tự do, lối đi riêng, không chung chủ. Toilet riêng, Wi-Fi miễn phí. Có thể nấu ăn, gần chợ. Địa chỉ: Hẻm 236, 226/9/16 Nguyễn Văn Lượng, P.17, Q. Gò Vấp. Liên hệ: 035.2462.324.",tromoi.com
https://tromoi.com/phong-tro/phong-moi-full-noi-that-duplex-ban-cong-quan-7,"Nhà trọ trại Trần Xuân Soạn - Tân hưng - Quận 7 - PHÒNG MỚI FULL NỘI THẤT, DUPLEX BAN CÔNG QUẬN 7",6000000,30m²,"Trần Xuân Soạn, Tân Hưng, Quận 7, Hồ Chí Minh","CHO THUÊ PHÒNG MỚI FULL NỘI THẤT, DUPLEX BAN CÔNG QUẬN 7 Địa chỉ: Trần Xuân Soạn - Tân hưng - Quận 7 Vị trí: - Cách Lotte Mart chỉ 1.8km - Đi Quận 4, 5, 8 chỉ 5 phút - Gần bệnh viện, trường học, chợ. - Xe hơi tới nhà, tiện lợi vô cùng Chi tiết phòng như sau: - Full nội thất: Điều hòa, nóng lạnh, kệ bếp, vệ sinh trong, giường nệm, tủ lạnh, tủ quần áo,... chỉ cần dọn vào là ở - Diện tích phòng: 30m2 - Gía cho thuê: 6000000/ tháng Liên hệ: 0398 864 265 để được tư vấn tận tâm",tromoi.com
https://tromoi.com/phong-tro/nha-tro-so-109-2a-ngo-chi-quoc-binh-chieu-thu-duc-thanh-pho-ho-chi-minh,"Nhà trọ số 109/2a Ngô Chí Quốc, Bình Chiểu, Thủ Đức, Thành phố Hồ Chí Minh",4500000,30m²,"109/2a Ngô Chí Quốc, Bình Chiểu, Thủ Đức, Thành phố Hồ Chí Minh","Phòng Gần Chợ Đầu mối Thủ Đức: Phòng thoáng mát có cửa sổ, có gác, sân để xe. Giá phòng 4.5 triệu. Địa chỉ: 109/2a Ngô Chí Quốc, Bình Chiểu, Thủ Đức Liên Hệ: 0862669124",tromoi.com
https://tromoi.com/phong-tro/phong-tro-tai-178-18-co-giang-p-co-giang-quan-1-tphcm,"Nhà Trọ 178/18 Cô Giang, Phường Cô Giang, Quận 1, Hồ Chí Minh",3500000,15m²,"178/18 Cô Giang, Phường Cô Giang, Quận 1, Hồ Chí Minh","Chính chủ cho thuê phòng trọ giá rẻ tại quận 1 Chỉ còn 2 phòng giá rẻ Phòng 25m2 giá 5 triệu đồng/tháng Nội thất: Giường, tủ quần áo, tủ đầu giường, kệ để đồ, tủ lạnh, toa lét riêng Cửa sổ trời nhìn ra trung tâm quận 1 Phòng 15m2 giá 3,5 triệu đồng/tháng có giường, tủ quần áo, kệ để đồ, toa lét, cửa sổ nhìn ra Novaland cô giang Có chỗ để xe, sân phơi quần áo, lối đi riêng, wiffi miễn phí Ưu tiên cho nữ sinh viên, văn phòng. Các chi phí tính riêng Giá điện 4.000 đ/klw, nước 100 ngàn/người/tháng, giữ xe 120 ngàn/tháng",tromoi.com
https://tromoi.com/phong-tro/nha-tro-duong-au-co-phuong-14-quan-tan-binh-thanh-pho-ho-chi-minh,"Nhà trọ đường Âu Cơ, Phường 14, Quận Tân Bình, Thành phố Hồ Chí Minh",6000000,36m²,"Âu Cơ, Phường 14, Quận Tân Bình, Thành phố Hồ Chí Minh",Chính chủ cho thuê căn hộ có gác lớn tại Ba Vân - Âu Cơ - Full nội thất - Nhà có thang máy - Bãi xe lớn - Giờ giấc tự do - Phòng lớn\ liên hệ xem phòng,tromoi.com
https://tromoi.com/phong-tro/nha-tro-le-duc-tho-phuong-16-go-vap-ho-chi-minh,"Nhà Trọ Lê Đức Thọ, Phường 16, Gò Vấp, Hồ Chí Minh",2500000,20m²,"Lê Đức Thọ, 16, Gò Vấp, Hồ Chí Minh","Cho thuê nhà trọ tại quận gò vấp Nhà trọ an ninh, trung tâm Gò Vấp Có nhà vệ sinh riêng, miễn phí chỗ để xe Nhà trọ gồm 10 phòng, hiện chỉ còn 1 phòng trống Điện 3,5k/1 kí, nước 100k/ người, gần chợ, trạm xe buýt. Giờ giấc tự do, không chung chủ",tromoi.com
https://tromoi.com/phong-tro/nha-tro-537-8-nguyen-oanh-phuong-17-go-vap-ho-chi-minh,"Nhà Trọ 537/8 Nguyễn Oanh, Phường 17, Gò Vấp, Hồ Chí Minh",3300000,25m²,"537/8 Nguyễn Oanh, Phường 17, Gò Vấp, Hồ Chí Minh","Chính chủ cho thuê phòng trọ mới giá rẻ Giá 3tr3, 3tr6, 4tr(có thêm cửa sổ) Nội thất: Máy lạnh, tủ lạnh, bàn ghế, giường nệm, tủ đồ, nhà vệ sinh riêng Wifi, rác, vệ sinh hành lang, máy giặt: 100k/người Nước nóng lạnh: 100k/Người Điện: 3,6k Xe Free 2 chiếc Nhà Trọ có thang máy, bãi xe riêng, nằm mặt tiền đường lớn Camera an ninh, khóa vân tay, hệ thống PCCC đạt chuẩn Ưu tiên Sinh viên, nhân viên văn phòng, ở tối đa 2 người Gần ĐH Nội Vụ Hà Nội CS HCM, ĐH Trần Đại Nghĩa, ĐH Nguyễn Tất Thành CS3, ĐH Quốc Tế Hồng Bàng, ĐH IUH 500m Gần Công Viên Văn Hóa Gò Vấp, Lotte Mart Gò Vấp, BV Gò Vấp Thuận tiện di chuyển Quận 12, Tân Bình, Thủ Đức.",tromoi.com
https://tromoi.com/phong-tro/phong-tro-moi-xay-day-du-tien-nghi-hem-184-nguyen-xi-q-binh-thanh,"Nhà trọ tại hẻm 184, Nguyễn Xí, Q. Bình Thạnh",6000000,22m²,"Hẻm 184 số 33 lô B1, Nguyễn Xí , Phường 26, Quận Bình Thạnh","Phòng trọ mới xây, full nội thất - Gần sân bay Tân Sơn Nhất! Vị trí : Hẻm 184 số 33 lô B1, Nguyễn Xí, Phường 26, Quận Bình Thạnh (gần sân bay Tân Sơn Nhất) Tiện nghi : Phòng có đầy đủ nội thất (máy lạnh, WC riêng, máy giặt, giường, tủ, kệ bếp) Tiện ích : Gần sân bay Tân Sơn Nhất, các trường học (Ngoại Thương, Giao thông vận tải, Hồng Bàng, Hutech), bệnh viện (Gia Định, 175), chợ, Vincom Giờ giấc tự do Chỗ để xe miễn phí Wifi tốc độ cao Camera an ninh Giá thuê : 6.000.000 VNĐ/tháng Liên hệ : 033.990.3363 (Cô Luyện)",tromoi.com
https://tromoi.com/phong-tro/nha-tro-nguyen-thi-thap-tan-quy-quan-7-ho-chi-minh,"Nhà Trọ Nguyễn Thị Thập, Tân Quy, Quận 7, Hồ Chí Minh",4500000,25m²,"Nguyễn Thị Thập, Tân Quy, Quận 7, Hồ Chí Minh",Full Nội Thất Mới Dọn Vào là ở Hầm Để Xe Rỗng Rãi Khu Dân Cư An Ninh Thân Thiện Cách Lotte TDTU UFM 5-7p đi xe Giờ Giấc Tự Do,tromoi.com
https://tromoi.com/phong-tro/gac-cua-so-full-noi-that,"Nhà trọ tại Huỳnh Tấn Phát, Bình Thuận, Quận 7, Hồ Chí Minh - Full nội thất",4700000,30m²,"Huỳnh Tấn Phát, Bình Thuận, Quận 7, Hồ Chí Minh","Cho thuê phòng trọ full nội thất - Gần siêu thị Go, cầu Tân Thuận! Bạn đang tìm kiếm một không gian sống thoải mái, riêng tư và đầy đủ tiện nghi? Căn phòng này chính là dành cho bạn! - Vị trí : Đường Huỳnh Tấn Phát, Bình Thuận, Quận 7 (cách siêu thị Go 5 phút Tiện nghi : Phòng có gác lửng, đầy đủ nội thất Tiện ích : Gần siêu thị Go, cầu Tân Thuận, chợ Lý Phục Man, ĐH Tài Chính - Marketing, cầu Phú Mỹ Camera an ninh, ra vào vân tay Giờ giấc tự do, không chung chủ Phòng sạch, thoáng Giá thuê : 4.700.000 VNĐ/tháng Liên hệ : 0704.735.070",tromoi.com
https://tromoi.com/phong-tro/nha-tro-dang-can-ho-dich-vu-mini-so-25-hoa-hong-phuong-2-quan-phu-nhuan-thanh-pho-ho-chi-minh,"Nhà trọ dạng căn hộ dịch vụ mini số 25 Hoa Hồng, Phường 2, Quận Phú Nhuận, Thành phố Hồ Chí Minh",6500000,56m²,"25 Hoa Hồng, Phường 2, Quận Phú Nhuận, Thành phố Hồ Chí Minh","25 Hoa Hồng, phường 2, Quận Phú Nhuận Camera an ninh, giờ giấc tự do, vệ sinh hành lang, thang bộ, khóa vân tay Studio cửa sổ giếng trời - Giá 6tr5 có thể thương lượng Điện 3k5/kwh, nước 100k/người, dịch vụ 200k/phòng, xe 100k Máy lạnh, máy giặt, tủ đồ, giường nệm, tủ lạnh, bàn ăn, ghế, máy nước nóng, kệ giày dép, kệ bếp, bếp từ.",tromoi.com
https://tromoi.com/phong-tro/nha-tro-duong-uu-long-phuong-11-quan-8-thanh-pho-ho-chi-minh,"Nhà trọ đường Ưu Long, Phường 11, Quận 8, Thành phố Hồ Chí Minh",6000000,30m²,"Ưu Long, Phường 11, Quận 8, Thành phố Hồ Chí Minh","Phòng trọ chung chủ, có cửa riêng Gần Chợ Xóm Củi. Thuận tiện di chuyển qua các Quận 5, Quận 10, Quận 6, Quận 7. Đến các trường Y Dược, Kinh tế, các bệnh viện lớn đều tiện Khu vực an ninh tốt.",tromoi.com
https://tromoi.com/phong-tro/nha-tro-bui-xuan-phai-tay-thanh-tan-phu-ho-chi-minh,"Nhà Trọ Bùi Xuân Phái, Tây Thạnh, Tân Phú, Hồ Chí Minh",3500000,20m²,"Bùi Xuân Phái, Tây Thạnh, Tân Phú, Hồ Chí Minh","Phòng trọ ngay cổng sau Đại Học Công Thương TP.HCM Bước ra cửa là tới trường Gần BIG C Trường Chinh. Qua Aeon Tân Phú 3p chạy xe - Máy lạnh, máy giặt chung, gác lửng, kệ bếp, sân phơi,... - Giờ giấc tự do, không chung chủ - Khóa cổng vân tay, Free xe máy",tromoi.com
https://tromoi.com/phong-tro/nha-tro-273-nguyen-van-dau-phuong-11-binh-thanh-ho-chi-minh,"Nhà Trọ 273 Nguyễn Văn Đậu, Phường 11, Bình Thạnh, Hồ Chí Minh",5000000,25m²,"Nguyễn Văn Đậu, 11, Bình Thạnh, Hồ Chí Minh","Phòng ban công, có cây xanh thoáng mát, full nội thất, giá chỉ 5tr, cửa sổ thoáng, free 2 xe Địa chỉ : 273 nguyễn văn đậu, Phường 11 Bình Thạnh Cách HUTECH, GTVT, Ngoại Thương, VLU… 10 phút chạy xe, gần chợ. Giờ giấc tự do, không chung chủ Các tầng đều được trang bị camera an ninh Phòng rộng rãi, thoáng mát, Cửa sổ lớn Ngay mặt đường lớn Full nội thất gồm: Tủ lạnh, máy giặt chung, điều hòa, tủ quần áo,… Chính chủ cho thuê Liên hệ ngay: 077364 1223",tromoi.com
https://tromoi.com/phong-tro/phong-full-nt-20m2-tran-mai-ninh-tb,Nhà trọ Full NT 20m2 Trần Mai Ninh TB,4000000,20m²,"Trần Mai Ninh, 11, Tân Bình, Hồ Chí Minh","Cho thuê phòng trọ tại Trần Mai Ninh, 11, Tân Bình, Hồ Chí Minh Phòng ở rộng rãi, thoáng mát, đẹp và sạch sẽ, đầy đủ tiện nghi, chỉ cần xách vali vào là ở ngay. Bạn sẽ được tự do trong giờ giấc ra vào, với hệ thống cửa vân tay hiện đại, đảm bảo an ninh tuyệt đối. Bãi đỗ xe rộng rãi riêng biệt. Máy giặt chung tiện dụng. Sân thượng thoáng mát, lý tưởng để phơi đồ. An ninh : Hai lớp cửa với hệ thống quét vân tay kiểm soát ra vào hiện đại, đảm bảo an toàn tuyệt đối. Camera giám sát và quản lý có mặt 24/24. Tiện ích trong phòng : Toilet riêng trong phòng. Giường ngủ thoải mái. Tủ kệ bếp đầy đủ. Máy lạnh mát mẻ. Bàn ghế làm việc tiện lợi. Tủ lạnh. Tủ đồ. Nệm êm ái. Wi-Fi cáp quang tốc độ cao. Dịch vụ chuyên nghiệp : Chìa khóa trao tay, tự do ra vào. Cho phép người thân và bạn bè đến chơi thoải mái. Đội ngũ hỗ trợ sửa chữa điện, nước nhanh chóng khi có yêu cầu. Quản lý nhà vui vẻ, nhiệt tình, luôn sẵn sàng hỗ trợ bạn trong suốt thời gian lưu trú. Sau thời gian khuyến mãi, giá sẽ trở về mức gốc. Ưu tiên khách hàng lịch sự, văn minh và ký hợp đồng dài hạn. Liên hệ ngay 0776627969 để xem phòng và chọn cho mình một nơi an cư lý tưởng!",tromoi.com
https://tromoi.com/phong-tro/phong-tro-so-50-duong-to-hieu-p-tan-thoi-thoa-q-tan-phu,"Nhà trọ số 50 đường Tô Hiệu, P. Tân Thới Hòa, Q. Tân Phú",2200000,20m²,"Tô Hiệu, Tân Thới Hòa, Tân Phú, Hồ Chí Minh","Phòng trọ riêng tư, thoáng mát - Gần chợ, siêu thị, trường học! Bạn đang tìm kiếm một không gian sống thoải mái, riêng tư và không chung chủ? Căn phòng này chính là dành cho bạn! Vị trí : 50 Tô Hiệu, P. Tân Thới Hòa, Q. Tân Phú (gần chợ, siêu thị, trường học) Diện tích : 20m2 Tiện nghi : Phòng có gác lửng, điều hòa, vệ sinh riêng Tiện ích : Gần chợ, siêu thị, bến xe, bệnh viện, trường học Giá thuê : 2.200.000 VNĐ/tháng Liên hệ : 0909.281.437",tromoi.com
https://tromoi.com/phong-tro/nha-tro-so-28-duong-51-phuong-binh-thuan-quan-7-thanh-pho-ho-chi-minh,"Nhà trọ số 28 Đường 51, Phường Bình Thuận, Quận 7, Thành phố Hồ Chí Minh",3500000,20m²,"28 Đường 51, Phường Bình Thuận, Quận 7, Thành phố Hồ Chí Minh","Khu vực ở an ninh, sạch sẽ, có chỗ để xe riêng (miễn phí - có camera) Gần chợ, siêu thị, TTTM, trường học,... Phòng có sẵn wifi, tủ lạnh, điều hoà, gác lửng Giặt đồ 8k/ kg, nước 25k/ khối, điện 3.5k/ số.",tromoi.com
https://tromoi.com/phong-tro/nha-tro-68-3-tran-tan-phuong-tan-son-nhi-quan-tan-phu-ho-chi-minh,"Nhà Trọ 68/3 Trần Tấn, Phường Tân Sơn Nhì, Quận Tân Phú, Hồ Chí Minh",4200000,60m²,"Trần Tấn, 6, Tân Bình, Hồ Chí Minh","Cho thuê phòng trọ cao cấp tại quận tân phú - Địa chỉ: 68/3 Trần Tấn, Phường Tân Sơn Nhì, Quận Tân Phú. - Dạng phòng: Studio ban công - Nội thất: Máy lạnh, tủ lạnh, máy giặt, giường, nệm, tủ quần áo, bàn ăn, kệ tủ bếp. - Tiện ích tòa nhà: Máy giặt riêng, phơi chung sân thươngh, Thang bộ, ra vào vân tay, giờ giấc tự do, wifi, camera an ninh, nhà xe. - Chính sách và qui định toà nhà: + Điện: 4.000đ/Kwh + Nước: 100.000đ/người + Phí dịch vụ: 150.000đ/Phòng + Gửi xe: free 2 chiếc + Nuôi thú cưng liên hệ anh Công + Số người: 2-3 người + Số xe: 2 xe - Chính sách cọc và thanh toán: + Cọc ký quỹ 1 tháng + Cọc tối thiểu 2.000.000₫ giữ 3 ngày, cọc đủ giữ 7 ngày + Thanh toán tiền phòng từ ngày vào ở đến cuối tháng + Thanh toán tiền phòng từ 1-5 hàng tháng. - Hoa hồng: 50% - 80% + Hợp đồng: 06 - 12 Tháng. - Hủy cọc: trừ số ngày giữ phòng, chia đều cho BlueHouse và toà nhà. - Liên hệ dẫn khách: + Mr.ngân 0388250360 - Giao dịch thành công khi: + Khách vào ở đóng đủ tiền cọc và tiền nhà thì mới được nhận phòng. + Nhân viên Blue House gửi giấy xác nhận trực tiếp hoặc online với chủ nhà - Thanh toán hoa hồng: + Khách hàng phải thanh toán đủ 1 tháng toà nhà mới chi hoa Hồng + Sau khi xác nhận giao dịch thành công với nhân viên Blue House xong. Quý chủ nhà nhà vui lòng thanh toán hoa hồng cho số tài khoản bên dưới và chụp màn hình thanh toán gửi cho nhân viên Blue House. + Cú pháp thanh toán: Mã dự án – Mã phòng. (VD: 98VL – P201) + Gửi sao kê lên group chung sau khi thanh toán xác nhận 2 chiều.",tromoi.com
https://tromoi.com/phong-tro/nha-tro-duong-nguyen-trong-loi-phuong-4-tan-binh-ho-chi-minh,"Nhà Trọ Đường Nguyễn Trọng Lội, Phường 4, Tân Bình, Hồ Chí Minh",6000000,35m²,"Nguyễn Trọng Lội, 4, Tân Bình, Hồ Chí Minh","CHO THUÊ CĂN HỘ STUDIO VINTAGE FULL NỘI THẤT QUẬN TÂN BÌNH - Vị trí: đường Nguyễn Trọng Lội, phường 4, Tân Bình • Full nội thất • Cửa vân tay • Wifi riêng • Cửa sổ trời thoáng • Phòng cháy chữa cháy an toàn • Hầm xe có camera an ninh * Tặng ngay voucher 1.000.000 cho khách hàng Liên hệ: 0969716784 - Khang (call/zalo)",tromoi.com
https://tromoi.com/phong-tro/nha-tro-tran-thanh-tong-phuong15-tan-binh-ho-chi-minh,"Nhà Trọ Trần Thánh Tông, Phường15, Tân Bình, Hồ Chí Minh",3000000,30m²,"Trần Thánh Tông, 15, Tân Bình, Hồ Chí Minh","MIỄN PHÍ TIỀN NHÀ THÁNG ĐẦU Trọ duplex full nội thất, giếng trời riêng Máy giặt chung Bãi xe rộng Giờ giấc tự do, cửa khóa vân tay Free phí dịch vụ Ngay chợ Phạm Văn Bạch, Đại học Công Thương, Emart Phan Huy Ích,...",tromoi.com
https://tromoi.com/phong-tro/nha-tro-duong-dong-van-cong-thanh-my-loi-quan-2-ho-chi-minh,"Nhà Trọ Đường Đồng Văn Cống, Thạnh Mỹ Lợi, Quận 2, Hồ Chí Minh",3500000,25m²,"Đồng Văn Cống, Thạnh Mỹ Lợi, Quận 2, Hồ Chí Minh","Phòng trọ cho thuê nằm tại Đồng Văn Cống, Phường Thạnh Mỹ Lợi, Thủ Đức, Hồ Chí Minh, Với diện tích 30m². - 1 phòng ngủ rộng rãi. - 1 toilet riêng sạch sẽ. - 1 kệ bếp tách phòng ngủ - Giá thuê 4 triệu VND. Với diện tích 22m². - 1 phòng ngủ rộng rãi. - 1 toilet riêng sạch sẽ. - 1 kệ bếp tách phòng ngủ - Giá thuê 3.5 triệu VND. Với diện tích 20m². - 1 phòng ngủ. - 1 toilet riêng sạch sẽ. - Giá thuê 3.1 triệu VND. Phòng trọ có những điểm nổi bật như môi trường an toàn, sạch sẽ và tiện nghi đầy đủ. Đặc biệt, vị trí thuận lợi giúp dễ dàng di chuyển đến các khu vực lân cận. Khu vực xung quanh có nhiều tiện ích như: + Bệnh viện Lê Văn Thịnh. + Công viên KDC Hà Đô. + Siêu thị Bách Hóa Xanh + Trường Saigon Star International School, Viện Thánh Kinh Thần Học, Trường THCS Lương Định Của.",tromoi.com
https://tromoi.com/phong-tro/nha-tro-duong-go-dau-tan-quy-tan-phu-ho-chi-minh,"Nhà Trọ Đường Gò Dầu, Tân Quý, Tân Phú, Hồ Chí Minh",4500000,35m²,"Gò Dầu, Tân Quý, Tân Phú, Hồ Chí Minh","KHAI TRƯƠNG PHÒNG 35M2 BAN CÔNG FULL NỘI THẤT - Phòng nội thất mới 100%, wifi riêng, nhà xe có camera an ninh, phòng cháy chữa cháy đầy đủ - Gần chợ Tân Hương, Aeon Tân Phú, nằm trung tâm quận Tân Phú - Giảm 50% giá phòng cho khách trong tháng 1.",tromoi.com
https://tromoi.com/phong-tro/nha-tro-so-50-2-45-duong-quang-ham-phuong-5-quan-go-vap-thanh-pho-ho-chi-minh,"Nhà trọ số 50/2/45 Dương Quảng Hàm, Phường 5, Quận Gò Vấp, Hồ Chí Minh",3500000,17m²,"50/2/45 Dương Quảng Hàm, Phường 5, Gò Vấp, Hồ Chí Minh","Nhà trọ số 50/2/45 Dương Quảng Hàm, Phường 5, Quận Gò Vấp, Thành phố Hồ Chí Minh Thông tin cho thuê như sau: - Không gian trọ mới, sạch sẽ, thoáng mát - Có kệ bếp và nhà vệ sinh trong - Chỗ để xe rộng rãi, miễn phí - Giờ giấc tự do, không chung chủ - Cửa khoá từ an ninh, camera 24/24 - Chi phí: + Điện 3,5k/kw + Nước 100k/người/tháng + Rác + wifi 100k/phòng + máy giặt 50k/người - Giá thuê: 3.5tr/tháng Liên hệ 0907863079 để xem phòng và đặt cọc.",tromoi.com
https://tromoi.com/phong-tro/nha-tro-so-270-25-12-phan-dinh-phung-phuong-1-quan-phu-nhuan-thanh-pho-ho-chi-minh,"Nhà trọ số 270/25/12 Phan Đình Phùng, Phường 1, Quận Phú Nhuận, Hồ Chí Minh",4000000,25m²,"270/25/12 Phan Đình Phùng, Phường 1, Phú Nhuận, Hồ Chí Minh","Nhà trọ số 270/25/12 Phan Đình Phùng, Phường 1, Quận Phú Nhuận, Thành phố Hồ Chí Minh Thông tin cho thuê như sau: - Phòng mới đẹp cao cấp cực hot - Diện tích 25m2 - Ở từ 1-3 người - Phòng full nội thất , cửa sổ thoáng mát, có bồn rửa tiện nấu ăn, WC riêng - Tiện ích: Được free các tiện ích như bãi đỗ xe, giặt đồ, vệ sinh chung 2 lần/tuần - Giờ giấc tự do, không chung chủ, khu vực an ninh, yên tĩnh, có camera quan sát 24/24 - Vị trí trung tâm giáp 6 quận: Q1, Q3, Tân Bình, Gò Vấp, Phú Nhuận, Bình Thạnh , đi đâu cũng tiện - Giá thuê: 4tr/tháng Liên hệ 0773732889 để xem phòng và đặt cọc.",tromoi.com
https://tromoi.com/phong-tro/nha-tro-413-binh-tri-dong-phuong-binh-tri-dong-a-binh-tan-thanh-pho-ho-chi-minh,"Nhà trọ 413 Bình Trị Đông, Phường Bình Trị Đông A, Bình Tân, Thành phố Hồ Chí Minh",4200000,30m²,"413 Bình Trị Đông, Phường Bình Trị Đông A, Quận Bình Tân, Thành phố Hồ Chí Minh","- Trống phòng a04 giá 4tr2, phòng 105 giá 4tr4 và phòng 202 giá 4 triệu - Chi phí khác: điện 3,8k/kwh, nước 100k, xe 100k, dịch vụ 150k/1 phòng, máy giặt free - Nội thất cơ bản: máy lạnh, kệ bếp, tủ quầo áo, wc khép kín,... - Bên dưới có khu vực nhà xe siêu rộng (đậu được cả ô tô), cửa khoá thông minh, máy giặt chung, camera an ninh. Nhà nằm ngay mặt tiền đường lớn, thuận tiện di chuyển. - Gần bệnh viện Quận Bình Tân, Aeon Tân Phú, Đầm Sen,... Thuận tiện di chuyển qua các Quận 11, Tân Phú, Tân Bình, Quận 6,...",tromoi.com
https://tromoi.com/phong-tro/nha-tro-so-96-16-tan-my-phuong-tan-thuan-tay-quan-7-thanh-pho-ho-chi-minh,"Nhà trọ số 96/16 Tân Mỹ, Phường Tân Thuận Tây, Quận 7, Thành phố Hồ Chí Minh",3600000,20m²,"96/16 Tân Mỹ, Tân Thuận Tây, Quận 7, Hồ Chí Minh","Nhà trọ số 96/16 Tân Mỹ, Phường Tân Thuận Tây, Quận 7, Thành phố Hồ Chí Minh Thông tin cho thuê như sau: - Phòng có full nội thất, có điều hòa và nóng lạnh - Diện tích phòng tối ưu, có nhà vệ sinh trong và kệ bếp - Free 2 xe, không giới hạn người ở - Cho nuôi thú cưng - Giá thuê: 3.6tr/tháng Liên hệ 0349868521 để xem phòng và đặt cọc.",tromoi.com
https://tromoi.com/phong-tro/nha-tro-duong-bach-dang-phuong-2-tan-binh-ho-chi-minh,"Nhà Trọ Đường Nguyễn Trọng Lội, Phường 4, Tân Bình, Hồ Chí Minh",6500000,35m²,"Nguyễn Trọng Lội, 4, Tân Bình, Hồ Chí Minh","CĂN HỘ FULL NỘI THẤT STYLE VINTAGE NẰM NGAY CẠNH SÂN BAY - Vị trí: đường Nguyễn Trọng Lội, phường 4, Tân Bình - Nội thất: máy lạnh, tủ lạnh, máy giặt, bàn ghế, giường nệm, bếp, kệ bếp - Khoá vân tay ra vào, wifi riêng từng phòng, phòng cháy chữa cháy và mặt nạ chống độc đầy đủ - Giảm 1.000.000 cho khách trong tháng 1.",tromoi.com
https://tromoi.com/phong-tro/nha-tro-duong-tan-ky-tan-quy-tan-quy-tan-phu-ho-chi-minh,"Nhà Trọ Đường Tân Kỳ Tân Quý, Tân Quý, Tân Phú, Hồ Chí Minh",3900000,35m²,"Tân Kỳ Tân Quý, Tân Quý, Tân Phú, Hồ Chí Minh","-Vị trí: Tân Kỳ Tân Quý, P. Tân Quý, Tân Phú. Gần AEON Tân Phú, ĐH Công Thương. -Tiện ích căn hộ: +Thang máy, hầm xe rộng rãi +PCCC tiêu chuẩn +Nhà mới, Sạch sẽ, cửa sổ đón nắng thoáng +Giờ giấc tự do, không chung chủ, Camera an ninh 24/7, cửa vân tay. -Tel/Zal: 090.637.5564 Gặp Đạt xem phòng ngay",tromoi.com
https://tromoi.com/phong-tro/can-ho-penhouse-duong-ly-thuong-kiet-phuong-7-tan-binh-thanh-pho-ho-chi-minh,Căn hộ 2 Phòng ngủ full nội thất cao cấp đường Hoàng Văn Thụ Quận Tân Bình,22000000,80m²,"Hoàng Văn Thụ, 4, Tân Bình, Hồ Chí Minh","CHO THUÊ NGẮN HẠN DÀI HẠN CĂN PENHOUSE 3PN 2WC 110M2 TRUNG TÂM THÀNH PHỐ - Vị trí: đường Lý Thường Kiệt, phường 7, quận Tân Bình - Nội thất: máy lạnh, tủ lạnh, máy giặt, giường nệm, tủ quần áo, bàn ghế, bếp, tủ kệ bếp, máy hút mùi, tv,... - Hầm xe rộng rãi an toàn, wifi riêng, cửa vân tay hiện đại, sân thương riêng thoáng mát, phòng cháy chữa cháy an toàn - Gần ngã 4 Bảy Hiền, Bệnh viện Thống Nhất, chợ Tân Bình, Công viên Lê Thị Riêng,... Tặng voucher 1.000.000 cho khách hàng Liên hệ: 0969716784 - Khang(zalo/call)",tromoi.com
https://tromoi.com/phong-tro/nha-tro-1340-le-duc-tho-phuong-13-quan-go-vap-thanh-pho-ho-chi-minh,"Nhà trọ 1340 Lê Đức Thọ, Phường 13, Quận Gò Vấp, Thành phố Hồ Chí Minh",3500000,25m²,"1340 Lê Đức Thọ, Phường 13, Quận Gò Vấp, Thành phố Hồ Chí Minh","Cho Thuê Phòng Đẹp, Giá Rẻ Tại 1340 Lê Đức Thọ, P13, Gò Vấp Địa chỉ : 1340 Lê Đức Thọ, P13, Gò Vấp Giá thuê : 3.500.000đ/tháng Các chi phí phát sinh : Điện: 4.000đ/kw Nước: 100.000đ/người/tháng Wifi: 100.000đ/phòng/tháng Giữ xe: MIỄN PHÍ Phòng rộng rãi, thoáng mát, phù hợp cho các bạn sinh viên, người đi làm. Vị trí thuận tiện, gần các tiện ích: chợ, siêu thị, trường học, giao thông thuận lợi. Liên hệ ngay để xem phòng và nhận tư vấn chi tiết!",tromoi.com
https://tromoi.com/phong-tro/nha-tro-so-142-nguyen-thi-thap-phuong-binh-thuan-quan-7-thanh-pho-ho-chi-minh,"Nhà trọ số 142 Nguyễn Thị Thập, Phường Bình Thuận, Quận 7, Thành phố Hồ Chí Minh",3800000,17m²,"142 Nguyễn Thị Thập, Bình Thuận, Quận 7, Hồ Chí Minh","Nhà trọ số 142 Nguyễn Thị Thập, Phường Bình Thuận, Quận 7, Thành phố Hồ Chí Minh Thông tin cho thuê như sau: - Phòng tiện nghi, có sẵn đầy đủ nội thất (tủ lạnh, điều hòa) - Không gian sạch đẹp, có cửa sổ đón nắng - Nhà vệ sinh trong, tiện nghi cơ bản - Gần Lotte, chợ Tân Mỹ, Gần bệnh Viện Quận 7 - Giá thuê: 3.8tr/tháng Liên hệ 0981547093 để xem phòng và đặt cọc.",tromoi.com
https://tromoi.com/phong-tro/nha-tro-76-tran-ba-giao-phuong-5-go-vap-thanh-pho-ho-chi-minh,"Nhà trọ 76 Trần Bá Giao, Phường 5, Gò Vấp, Thành phố Hồ Chí Minh",3900000,25m²,"76 Trần Bá Giao, Phường 5, Gò Vấp, Hồ Chí Minh","Nhà trọ 76 Trần Bá Giao, Phường 5, Gò Vấp, Thành phố Hồ Chí Minh Thông tin cho thuê như sau: - Phòng có nội thất cơ bản, có máy lạnh - Không gian gọn gàng, sạch sẽ - Tách bếp, có ban công sau - Chi phí: + Điện 3,5k/kw + Nước 100k/người + Phí dịch vụ: 100k/phòng, máy giặt 50k/phòng, free 2 xe - Giá thuê: 3.9tr/tháng Liên hệ 0378810646 để xem phòng và đặt cọc.",tromoi.com
https://tromoi.com/phong-tro/phong-tro-duong-nguyen-van-mai-phuong-4-tan-binh,"Nhà Trọ Đường Nguyễn Văn Mai, Phường 4, Tân Bình, Hồ Chí Minh",6500000,30m²,"Nguyễn Văn Mai, 4, Tân Bình, Hồ Chí Minh","KHAI TRƯƠNG PHÒNG DUPLEX FULL NỘI THẤT CAO CẤP GẦN SÂN BAY - Nội thất: máy lạnh, tủ lạnh, máy giặt, bàn ghế, sofa, nệm,... - Thang máy, cửa ra vào vân tay, wifi riêng, phòng cháy chữa cháy an toàn - Gần sân bay Tân Sơn Nhất, bệnh viện Tâm Anh, công viên Hoàng Văn Thụ,... - Đa dạng phòng từ 6.000.000 - 9.000.000 Liên hệ: 0969716784 - Khang (call/zalo)",tromoi.com
https://tromoi.com/phong-tro/nha-tro-dai-lo-3-phuong-phuoc-binh-quan-9-thanh-pho-ho-chi-minh,"Nhà trọ Đại Lộ 3, Phường Phước Bình, Quận 9, Thành phố Hồ Chí Minh",4500000,25m²,"Đại lộ 3, Phước Bình, Quận 9, Hồ Chí Minh","Nhà trọ Đại Lộ 3, Phường Phước Bình, Quận 9, Thành phố Hồ Chí Minh Thông tin cho thuê như sau: - Phòng full nội thất gồm: máy lạnh, tủ lạnh, tủ quần, giường, tủ quần áo, tủ bếp trên dưới - Nhà vệ sinh trong rộng và tiện nghi - Có cửa sổ thoáng mát, ánh sáng tự nhiên - Có hầm giữ xe không lo mưa nắng - Chi phí khác: + Điện 3.5k + Nước 100k/ngươi + Rác-vệ sinh-wifi 100k/phòng - Giá thuê: 4.5tr/tháng Liên hệ 0352237503 để xem phòng và đặt cọc.",tromoi.com
https://tromoi.com/phong-tro/le-van-tho,"Nhà trọ tại Lê Văn Thọ, 8, Gò Vấp, Hồ Chí Minh",3700000,16m²,"Lê Văn Thọ, 8, Gò Vấp, Hồ Chí Minh","CHO THUÊ PHÒNG TRỌ TẠI LÊ VĂN THỌ, 8, QUẬN GÒ VẤP, HCM Chi tiết phòng như sau: - Diện tích: 16m2 - Phòng thoáng mát, rộng rãi - Giờ giấc tự do - Cửa ra vào bằng vân tay - Phòng được trang bị sẵn: máy giặt, điều hòa, nóng lạnh, giường nệm và tủ quần áo Vị trí: gần chợ, trường học, siêu thị và công viên. Liên hệ ngay 0907363268 để xem phòng",tromoi.com
https://tromoi.com/phong-tro/166-18-ho-ba-kien,Nhà trọ số166/18 Hồ Bá Kiện,3400000,12m²,"Hồ Bá Kiện, 15, Quận 10, Hồ Chí Minh","PHÒNG MỚI KENG – NGAY CÔNG VIÊN LÊ THỊ RIÊNG – HỒ BÁ KIỆN, Q10 Địa chỉ: 166/18 Hồ Bá Kiện, P15, Quận 10 Hiện còn phòng trống tại lầu 1, vào ở ngay! Tiện ích: Phòng mới, sạch đẹp, có cửa sổ, ban công thoáng mát Trang bị: máy lạnh, tủ lạnh, nệm, quạt,... Máy giặt dùng chung Giờ giấc tự do, không chung chủ, có khóa riêng Xe để trong nhà miễn phí Chi tiết từng phòng: Phòng lầu 1: có ban công, toilet chung với 1 bạn đối diện Giá thuê: 3.400.000đ/tháng Điện: 4k/kWh – Nước: 100k/người Xe + wifi + rác: FREE, không phát sinh chi phí Vị trí: ngay công viên Lê Thị Riêng, khu vực yên tĩnh, an ninh, thuận tiện đi lại. Liên hệ: 0838999988 – 0975572901 để xem phòng",tromoi.com
https://tromoi.com/phong-tro/phong-tro-ngay-dai-hoc-cong-thuong-o-dc-5-nguoi,"Nhà trọ Số 28 đường số 27 phường sơn kì, tân phú - ngay đại học công thương ở dc 5 người",4000000,30m²,Số 28 đường số 27 phường sơn kì tân phú,"Cho thuê phòng trọ tại số 28 Đường số 27, phường Sơn Kỳ, quận Tân Phú (đối diện Đại học Công Thương). Vị trí: Ngay đối diện Đại học Công Thương (chỉ cách 100m đi bộ). Cạnh Bách Hóa Xanh, thuận tiện mua sắm. Dễ dàng di chuyển đến các tuyến đường chính: Lê Trọng Tấn, Tân Kỳ Tân Quý, Trường Chinh, Cộng Hòa, Gò Dầu, Tân Sơn Nhì,... Tiện ích tòa nhà: - Hệ thống ra vào bằng vân tay, đảm bảo an ninh. - Giờ giấc tự do, thoải mái. - Thang máy di chuyển thuận tiện. - Bãi giữ xe rộng rãi, an toàn. Tiện nghi phòng trọ: - Có gác lửng rộng rãi. - Đầy đủ nội thất: Máy lạnh, tủ lạnh, tủ quần áo, bếp nấu ăn. - Giếng trời thông thoáng, đón ánh sáng tự nhiên. Liên hệ: 0909488739 (Zalo/SĐT)",tromoi.com
https://tromoi.com/phong-tro/nha-tro-duong-so-16-phuong-linh-trung-thu-duc-thanh-pho-ho-chi-minh,"Nhà trọ Đường số 16, Phường Linh Trung, Thủ Đức, Thành phố Hồ Chí Minh",3000000,15m²,"Đường Số 16, Phường Linh Trung, Thủ Đức, Hồ Chí Minh","Nhà trọ Đường số 16, Phường Linh Trung, Thủ Đức, Thành phố Hồ Chí Minh Thông tin cho thuê như sau: - Phòng mới, sạch sẽ, tiện nghi - Ưu điểm nổi bật: + Tự do giờ giấc, không chung chủ, đảm bảo riêng tư. + Hệ thống khoá vân tay hiện đại, an ninh tuyệt đối. + Nhà để xe miễn phí. - Nội thất: Máy lạnh, giường, tủ quần áo, quạt, kệ sách, bàn nấu ăn, cửa sổ thông thoáng. - Vị trí đắc địa: + Ngay trường cấp 3 Linh Trung + Gần Đại học Nông lâm, Hutech, Sư phạm kỹ thuật... - Giá thuê: 3tr/tháng Liên hệ 0938741187 để xem phòng và đặt cọc.",tromoi.com
https://tromoi.com/phong-tro/duong-so-51-p-14-go-vap,"Nhà trọ giá rẻ Đường số 51, P.14, Gò Vấp - Giảm 50% tiền phòng khi ở trước TẾT",3900000,18m²,"Phạm Văn chiêu, 14, Gò Vấp, Hồ Chí Minh","PHÒNG TRỌ GIÁ RẺ CHO THUÊ TẠI 51, PHƯỜNG 14, QUẬN GÒ VẤP Ưu đãi đặc biệt: Giảm 50% tiền phòng cho khách thuê trước Tết. Vị trí thuận lợi: - Gần chợ và trường học. - Giao thông thuận tiện. Đặc điểm phòng: - Diện tích: 18m², có tầng lửng, thoáng mát. - Tiện nghi: Máy lạnh, tủ quần áo, kệ bếp, bồn rửa chén. - Wi-Fi miễn phí - Giờ giấc tự do. - Cho phép nuôi thú cưng (có điều kiện). Chi phí: - Điện: 3.800đ/kWh. - Nước: 20.000đ/m³. - Giá thuê: 3.900.000đ/tháng. Liên hệ ngay 0783832368 để được tư vấn và xem phòng.",tromoi.com
https://tromoi.com/phong-tro/525-7-le-trong-tan-phuong-son-ki-tan-phu,Nhà trọ số 525/7 lê trọng tấn phường sơn kì tân phú,2800000,22m²,"Lê Trọng Tấn, Sơn Kỳ, Tân Phú, Hồ Chí Minh","NHÀ TRỌ CHO THUÊ TẠI SỐ 525/7 LÊ TRỌNG TẤN, SƠN KÌ, TÂN PHÚ Chi tiết phòng như sau - Có gác, có máy lạnh - Phòng ở tầng trệt - Diện tích: 20m2 tới 25m2 - Có cửa sổ, ánh sáng tự nhiên thoáng mát - Cửa ra vào bằng vân tay hiện đại Vị trí: - Khu vưc an ninh yên tĩnh - Cách AEO tân phú 500m2, đai học công thương 500m2, đại học văn hiến 1Km - Ngay gần siêu thi big C 1 cây - Giao thông thuân lợi qua trương trinh, âu cơ,cách mạnh tháng 8, cộng hòa, gã tư bảy hiền vvv... Liên hệ 0909 488 739 (Vân Anh).",tromoi.com
https://tromoi.com/phong-tro/ky-tuc-xa-dich-vu-duong-thanh-my-phuong-8-quan-tan-binh-thanh-pho-ho-chi-minh,"Ký túc xá dịch vụ đường Thành Mỹ, Phường 8, Quận Tân Bình, Thành phố Hồ Chí Minh",2000000,36m²,"Thành Mỹ, Phường 8, Quận Tân Bình, Thành phố Hồ Chí Minh","Ký túc xá dịch vụ Vip 1 người trọn gói dịch vụ Gần ĐH BÁCH KHOA, ĐH VĂN HIẾN, ĐH CÔNG NGHỆ THỰC PHẨM TPHCM, gần chợ ÔNG ĐỊA, chợ Tân Bình, gần Bắc Hải, gần khu ăn uống đường Thiên Phước Thuận tiện đi lại các khu vực Trung Tâm quận 10, quận 3, Quận 5, quận 11, Tân Phú. - Phòng đẹp, full nội thất - Phòng 6box, 8box (mỗi phòng 2toilet trong phòng) - Bếp chung sân thượng, sân thượng rộng thoáng mát như quán cf mini - Bảo vệ 24/24, Khoá cửa thông minh, ra vào thẻ từ - Máy lạnh 24/24 - Miễn phí thang máy, gửi xe. - Giặc sấy miễn phí - Dọn dẹp vệ sinh 2 lần/tuần - Hẻm oto, Khu vực văn minh, yên tĩnh - Không nuôi pet",tromoi.com
https://tromoi.com/phong-tro/phong-tro-cao-cap-gia-re-1055-nguyen-kiem-go-vap,"Nhà trọ cao cấp giá rẻ - 1055 Nguyễn Kiệm, Gò Vấp",4500000,20m²,"Nguyễn Kiệm, 3, Gò Vấp, Hồ Chí Minh","CHO THUÊ PHÒNG TRỌ CAO CẤP GIÁ RẺ TẠI NGUYỄN KIỆM, Q. GÒ VẤP, HCM Chi tiết phòng như sau: - Diện tích: 20m2 - Phòng có gác lửng - Nội thất cơ bản: điều hòa, nóng lạnh, kệ bếp, máy giặt, tủ quần áo, giường nệm - Trọ không chung chủ, giờ giất tự do - Ở tối đa 3 người Phí dv: - Điện: 4,000/kWh - Nước: 100,000/ng - Xe: 150,000/xe - Wifi: free - Máy giặt: 10,000đ/kg Vị trí: - Phòng trọ nằm trong khu vực gần chợ, bệnh viện, trường học,.. phù hợp cho người đi làm và sinh viên",tromoi.com
https://tromoi.com/phong-tro/nha-tro-so-39-truong-chinh-tan-thoi-nhat-quan-12-thanh-pho-ho-chi-minh,"Nhà Trọ Số 39 Trường Chinh, Tân Thới Nhất, Quận 12, Thành Phố Hồ Chí Minh",4500000,25m²,"Trường Chinh, Tân Thới Nhất, Quận 12, Hồ Chí Minh","Cho thuê khu vực Quận 12 mặt tiền đường Trường Chinh Mình còn trống 2 phòng rộng rãi thoáng mát, vệ sinh riêng, có ban công riêng Miễn phí gửi xe, giờ giấc sinh hoạt linh động thoải mái Giờ giấc tự do, không chung chủ Khu vực an ninh cao, hàng xóm thân thiện Thuận tiện di chuyển đi học, đi làm Ưu tiên ở lâu dài, chỉ cần dọn vào ở.",tromoi.com
https://tromoi.com/phong-tro/nha-tro-so-85-tan-quy-quan-7-thanh-pho-ho-chi-minh,"Nhà Trọ Số 85, Tân Quy, Quận 7, Thành Phố Hồ Chí Minh",7000000,40m²,"Số 85, Tân Quy, Quận 7, Thành Phố Hồ Chí Minh","DUPLEX GÁC CAO, Ở 3-4 NGƯỜI TẠI ĐƯỜNG 85 TÂN QUY, QUẬN 7 MỚI 100% - GÁC CAO - RỘNG - ÁNH SÁNG tại đường 85 Tân Quy Quận 7 Đường số 85 Tân Quy Quận 7 Di chuyển quận 1 quận 8 quận 7 Ban công lớn, decor siêu đẹp, khu dân cư yên tĩnh, view ra tuyến đường lớn siêu chill + FULL NỘI THẤT: Máy lạnh, Tủ Quần áo, Tủ Bếp, WC riêng, bàn ghế, ban công rộng Call/zalo 0927271700 Zauzau Unite Có rất nhiều phòng xinh, Quận 7, trống sẵn giá từ 4tr, ở 3-4 người",tromoi.com
https://tromoi.com/phong-tro/nha-tro-duong-to-ky-phuong-trung-my-tay-quan-12-thanh-pho-ho-chi-minh,"Nhà trọ Đường Tô Ký, Phường Trung Mỹ Tây, Quận 12, Thành phố Hồ Chí Minh",2600000,30m²,"Tô Ký, Phường Trung Mỹ Tây, Quận 12, Thành phố Hồ Chí Minh","KHAI TRƯƠNG PHÒNG QUẬN 12 - ĐƯỜNG TÔ KÝ THUẬN TIÊN DI CHUYỂN: công viên phần mềm Quang trung, cao đẳng FPT, Gò VẤp,... Gác cao 2m Tòa nhà thang máy, không chung chủ, giờ giấc tự do, ra vào vân tay liên hệ: 0896670663 để được hỗ trợ xem phòng miễn phí",tromoi.com
https://tromoi.com/phong-tro/phong-tro-anhuy-so-127-17-au-co-phuong-14-quan-11-thanh-pho-ho-chi-minh,"Nhà Trọ Anhuy số 127/17 Âu Cơ, Phường 14, Quận 11, Thành phố Hồ Chí Minh",5000000,30m²,"127/17 Âu Cơ, Phường 14, Quận 11, Thành phố Hồ Chí Minh","Cho thuê phòng ban công, full nội thất Địa chỉ: 127/17 Âu Cơ Phường 14 Quận 11 (cách mặt tiền đường vài chục mét) Gần vòng xoay Lê Đại Hành, chợ, bệnh viện, trường học Hẻm xe tải vô được - Đầy đủ tiện nghi (tivi, máy lạnh, tủ quần áo, giường nệm, kệ bếp, máy nước nóng lạnh) - Khu vực an ninh, khoá cổng thẻ từ - Camera 24/7 - Không chung chủ, giờ giấc tự do Điện 3,5k/kwh Nước 100k/ người Phí dịch vụ 100k/ phòng Hình chụp thật 100%, chính chủ không qua trung gian",tromoi.com
https://tromoi.com/phong-tro/cho-thue-phong-ban-cong-lau-1-wc-rieng-ke-bep-may-lanh-gia-chi-2tr7-th,"Nhà trọ cho thuê tại Phạm Thế Hiển, 7, Quận 8, Hồ Chí Minh",2700000,28m²,"Phạm Thế Hiển, 7, Quận 8, Hồ Chí Minh","Cho thuê phòng có đầy đủ wc trong, kệ bếp, bồn rửa chén, ban công, máy lạnh. - Địa chỉ số 3136 Phạm Thế Hiển, P7, Q8 (mặt tiền đường nội bộ KDC Phú Lợi). Vị trí: - Gần các trường ĐH Văn Hiến và Đại Học Kinh Tế (cơ sở Nguyễn Văn Linh). - Xung quanh có nhiều cây xanh, khuất nắng khuất mưa - Gần chợ và các cửa hàng tiện lợi, nằm trong khu dân cư yên tĩnh, an ninh Chi tiết phòng như sau: - Phòng rộng rãi thoáng mát (ở đc 2-3 người), - Lầu 1, giờ giấc tự do, không chung chủ, - Để free xe nữa. - Giá lại rất hạt dẻ chỉ 2TR7/tháng (cọc 1 tháng) ☺️ Điện 4k/kg, nước 100k/người, wifi+rác: 70k/phòng. Nói chung phòng rất ok, chiều tối ra ban công ngồi ăn lẩu rất chill. Lh xem phòng: 0888846018 - Nhung",tromoi.com
https://tromoi.com/phong-tro/nha-tro-140-pham-duc-son-phuong-16-quan-8-thanh-pho-ho-chi-minh,"Nhà trọ 140 Phạm Đức Sơn, Phường 16, Quận 8, Thành phố Hồ Chí Minh",2200000,15m²,"140 Phạm Đức Sơn, Phường 16, Quận 8, Hồ Chí Minh","Nhà trọ 140 Phạm Đức Sơn, Phường 16, Quận 8, Thành phố Hồ Chí Minh Thông tin cho thuê như sau: - Phòng trọ có gác tiện nghi, trần nhà mát mẻ - Chưa có nội thất - Có khu vực bếp, sẵn bồn rửa, tủ bếp - Nhà vệ sinh trong thoáng, thoải mái - Có thể ở 2 người vô tư - Giá thuê: 2.2tr/tháng Liên hệ 0394645594 để xem phòng và đặt cọc.",tromoi.com
https://tromoi.com/phong-tro/nha-tro-duong-phu-dong-thien-vuong-phuong-11-quan-5-thanh-pho-ho-chi-minh,"Nhà trọ đường Phù Đổng Thiên Vương, Phường 11, Quận 5, Thành phố Hồ Chí Minh",2000000,5m²,"Phù Đổng Thiên Vương, Phường 11, Quận 5, Thành phố Hồ Chí Minh","Phòng trọ sinh viên giá rẻ nằm trong chợ Xã Tây Quận 5- Nhà vệ sinh CHUNG - Không chung chủ , giờ giấc tự do , có lối đi riêngGiá thuê - Tiền phòng : 2 triệu ~ 2,5 triệu / phòng - Nước : chia đầu người - Phòng cho ở từ 1~2 người Tiện ích - Trung tâm Quận 5 đi lại giữa các quận dễ dàng. - Gần trường đại học Y Dược và Thể Dục Thể Thao TPHCM (đi bộ 2-3ph), ĐH Sư Phạm, ĐH Hùng Vương.. .- Nhà trọ trong chợ, cô chủ bán tạp hóa giá rẻ thuận tiện sinh hoạt- - Bách hóa xanh cách 2ph đi bộ",tromoi.com
https://tromoi.com/phong-tro/nha-tro-duong-duc-hien-son-ky-tan-phu-thanh-pho-ho-chi-minh,"Nhà Trọ Dương Đức Hiền, Sơn Kỳ, Tân Phú, Thành Phố Hồ Chí Minh",2600000,25m²,"Dương Đức Hiền, Sơn Kỳ, Tân Phú, Hồ Chí Minh","Phòng trọ mới xây gần ngay aeon Tân Phú Diện tích: 25m2 Nội thất: gác lửng, ban công, kệ bếp, máy giặt... Giờ giấc tự do, không chung chủ Khóa vân tay, hàng xóm thân thiện Khu vực an ninh cao, yên tĩnh Gần các trung tâm, khu vui chơi, mua sắm Thuận tiện đi học, đi làm Ưu tiên ở lâu dài, chỉ cần dọn vào ở. Kế bên Đại học Công Thương, lê trọng tấn giao cộng hoà, tân kỳ tân quý Phòng sạch sẽ, giờ giấc tự do, không chung chủ, khoá vân tay, hệ thống an ninh 24/7,...",tromoi.com
https://tromoi.com/phong-tro/nha-tro-so-4-vuon-lai-phuong-tan-thanh-quan-tan-phu-thanh-pho-ho-chi-minh,"Nhà trọ Số 4 Vườn Lài, Phường Tân Thành, Quận Tân Phú, Thành phố Hồ Chí Minh",3400000,20m²,"Số 4 Vườn Lài, Phường Tân Thành, Quận Tân Phú, Thành phố Hồ Chí Minh","DÃY NHÀ TRỌ HIỆN ĐẠI, MỚI XÂY 100% - CHO THUÊ LƯỢT KHÁCH ĐẦU TIÊN Chi tiết phòng như sau: - Phòng nào cũng có cửa sổ ban công. - Được trang bị full nội thất, ngoài ra có thể yêu cầu lắp đặt thêm nội thất. - Diện tích phòng 20m2, mới 100% Vị trí: Gần chợ, công viên, siêu thị, trường học, bệnh viện,... rất thuận tiện cho học sinh, siên viên, người đi làm, gia đình ở lâu dài. Liên hệ ngay 0989663915 để xem phòng!!",tromoi.com
